date,kind,ticker,name,universe,score,gates,drawdown,fscore,triggered
2026-09-23,52w_high,A,"Agilent Technologies, Inc.",,,,,,
2026-09-23,52w_high,ACA,"Arcosa, Inc.",,,,,,
2026-09-23,52w_high,AMD,"Advanced Micro Devices, Inc.",,,,,,
2026-09-23,52w_high,ATKR,Atkore Inc.,,,,,,
2026-09-23,52w_high,BBY,"Best Buy Co., Inc.",,,,,,
2026-09-23,52w_high,BLFS,"BioLife Solutions, Inc.",,,,,,
2026-09-23,52w_high,CDNA,"CareDx, Inc.",,,,,,
2026-09-23,52w_high,CNXN,"PC Connection, Inc.",,,,,,
2026-09-23,52w_high,DBRG,"DigitalBridge Group, Inc.",,,,,,
2026-09-23,52w_high,FBLA,"FB Bancorp, Inc.",,,,,,
2026-09-23,52w_high,FIVN,"Five9, Inc.",,,,,,
2026-09-23,52w_high,FMAO,"Farmers & Merchants Bancorp, In",,,,,,
2026-09-23,52w_high,FOSL,"Fossil Group, Inc.",,,,,,
2026-09-23,52w_high,GIC,Global Industrial Company,,,,,,
2026-09-23,52w_high,HAE,Haemonetics Corporation,,,,,,
2026-09-23,52w_high,HTFL,"Heartflow, Inc.",,,,,,
2026-09-23,52w_high,INFU,"InfuSystems Holdings, Inc.",,,,,,
2026-09-23,52w_high,IOVA,"Iovance Biotherapeutics, Inc.",,,,,,
2026-09-23,52w_high,JILL,"J. Jill, Inc.",,,,,,
2026-09-23,52w_high,KRT,Karat Packaging Inc.,,,,,,
2026-09-23,52w_high,LILA,Liberty Latin America Ltd.,,,,,,
2026-09-23,52w_high,LILAK,Liberty Latin America Ltd.,,,,,,
2026-09-23,52w_high,MG,Mistras Group Inc,,,,,,
2026-09-23,52w_high,MLAB,"Mesa Laboratories, Inc.",,,,,,
2026-09-23,52w_high,MRNA,"Moderna, Inc.",,,,,,
2026-09-23,52w_high,MTW,"Manitowoc Company, Inc. (The)",,,,,,
2026-09-23,52w_high,NEOG,Neogen Corporation,,,,,,
2026-09-23,52w_high,OBIO,"Orchestra BioMed Holdings, Inc.",,,,,,
2026-09-23,52w_high,OMER,Omeros Corporation,,,,,,
2026-09-23,52w_high,OPK,"Opko Health, Inc.",,,,,,
2026-09-23,52w_high,PBYI,Puma Biotechnology Inc,,,,,,
2026-09-23,52w_high,PRTH,"Priority Technology Holdings, I",,,,,,
2026-09-23,52w_high,RBKB,"Rhinebeck Bancorp, Inc.",,,,,,
2026-09-23,52w_high,SABR,Sabre Corporation,,,,,,
2026-09-23,52w_high,SAFT,"Safety Insurance Group, Inc.",,,,,,
2026-09-23,52w_high,SDGR,"Schrodinger, Inc.",,,,,,
2026-09-23,52w_high,SLAB,"Silicon Laboratories, Inc.",,,,,,
2026-09-23,52w_high,SMTI,Sanara MedTech Inc.,,,,,,
2026-09-23,52w_high,TECH,Bio-Techne Corp,,,,,,
2026-09-23,52w_high,TH,Target Hospitality Corp.,,,,,,
2026-09-23,52w_high,TKNO,"Alpha Teknova, Inc.",,,,,,
2026-09-23,52w_high,TWIN,"Twin Disc, Incorporated",,,,,,
2026-09-23,52w_high,TWST,Twist Bioscience Corporation,,,,,,
2026-09-23,52w_high,TXG,"10x Genomics, Inc.",,,,,,
2026-09-23,52w_high,UTMD,"Utah Medical Products, Inc.",,,,,,
2026-09-23,52w_high,WBD,"Warner Bros. Discovery, Inc. - ",,,,,,
2026-09-23,52w_high,WST,"West Pharmaceutical Services, I",,,,,,
2026-09-23,52w_low,ACH,"Accendra Health, Inc.",,,,,,
2026-09-23,52w_low,ALHC,"Alignment Healthcare, Inc.",,,,,,
2026-09-23,52w_low,AON,Aon plc,,,,,,
2026-09-23,52w_low,ATO,Atmos Energy Corporation,,,,,,
2026-09-23,52w_low,BLDR,"Builders FirstSource, Inc.",,,,,,
2026-09-23,52w_low,CHTR,"Charter Communications, Inc.",,,,,,
2026-09-23,52w_low,CMPX,"Compass Therapeutics, Inc.",,,,,,
2026-09-23,52w_low,FINW,FinWise Bancorp,,,,,,
2026-09-23,52w_low,FISV,"Fiserv, Inc.",,,,,,
2026-09-23,52w_low,FLNC,"Fluence Energy, Inc.",,,,,,
2026-09-23,52w_low,IIIV,"i3 Verticals, Inc.",,,,,,
2026-09-23,52w_low,LCTX,"Lineage Cell Therapeutics, Inc.",,,,,,
2026-09-23,52w_low,LHX,"L3Harris Technologies, Inc.",,,,,,
2026-09-23,52w_low,LMND,"Lemonade, Inc.",,,,,,
2026-09-23,52w_low,ONIT,Onity Group Inc.,,,,,,
2026-09-23,52w_low,OPFI,OppFi Inc.,,,,,,
2026-09-23,52w_low,PEG,Public Service Enterprise Group,,,,,,
2026-09-23,52w_low,SMID,Smith-Midland Corporation,,,,,,
2026-09-23,52w_low,TMUS,"T-Mobile US, Inc.",,,,,,
2026-09-23,52w_low,TPB,"Turning Point Brands, Inc.",,,,,,
2026-09-23,52w_low,TRIP,"TripAdvisor, Inc.",,,,,,
2026-09-23,52w_low,TXT,Textron Inc.,,,,,,
2026-09-23,breakout,A,Agilent Technologies,SPX,0.506,1,0.0,,
2026-09-23,breakout,AMD,"Advanced Micro Devices, Inc. Common Stock",NDX,0.65,1,0.0,,
2026-09-23,breakout,AMD,Advanced Micro Devices,SPX,0.475,1,0.0,,
2026-09-23,breakout,ATKR,ATKORE,R2K,0.428,2,72.8,,
2026-09-23,breakout,BBY,Best Buy,SPX,0.481,2,52.6,,
2026-09-23,breakout,BLFS,BIOLIFE SOLUTIONS,R2K,0.628,2,84.7,,
2026-09-23,breakout,CDNA,CAREDX,R2K,0.725,2,93.3,,
2026-09-23,breakout,CNXN,PC CONNECTION INC,R2K,0.43,1,0.0,,
2026-09-23,breakout,FIVN,FIVE9,R2K,0.682,1,91.9,,
2026-09-23,breakout,HAE,HAEMONETICS CORP,R2K,0.463,1,0.0,,
2026-09-23,breakout,IOVA,IOVANCE BIOTHERAPEUTICS INC,R2K,0.686,1,94.0,,
2026-09-23,breakout,LILAK,LIBERTY LATIN AMERICA CLASS C,R2K,0.517,1,66.3,,
2026-09-23,breakout,MRNA,Moderna,SPX,0.757,3,94.2,,
2026-09-23,breakout,MTW,MANITOWOC INC,R2K,0.566,1,68.5,,
2026-09-23,breakout,OMER,OMEROS,R2K,0.441,1,0.0,,
2026-09-23,breakout,SAFT,SAFETY INSURANCE GROUP INC,R2K,0.445,1,0.0,,
2026-09-23,breakout,SDGR,SCHRODINGER INC,R2K,0.605,2,81.3,,
2026-09-23,breakout,SMTI,SANARA MEDTECH INC,R2K,0.497,1,67.1,,
2026-09-23,breakout,TWST,TWIST BIOSCIENCE,R2K,0.475,1,0.0,,
2026-09-23,breakout,TXG,10X GENOMICS CLASS A,R2K,0.684,2,96.1,,
2026-09-23,deepvalue,AMPH,"Amphastar Pharmaceuticals, Inc.",R2K,0.637,,61.4,6,True
2026-09-23,deepvalue,APOG,"Apogee Enterprises, Inc.",R2K,0.673,,55.6,6,True
2026-09-23,deepvalue,APTV,Aptiv PLC,SPX,0.788,,57.5,8,True
2026-09-23,deepvalue,ARDT,"Ardent Health, Inc.",R2K,0.63,,47.4,8,True
2026-09-23,deepvalue,BBW,"Build-A-Bear Workshop, Inc.",R2K,0.611,,66.7,6,True
2026-09-23,deepvalue,COLL,"Collegium Pharmaceutical, Inc.",R2K,0.663,,53.8,6,True
2026-09-23,deepvalue,CPRT,"Copart, Inc.",NDX,0.687,,54.7,7,True
2026-09-23,deepvalue,DXC,DXC Technology Company,R2K,0.645,,56.5,6,True
2026-09-23,deepvalue,FISV,"Fiserv, Inc.",SPX,0.629,,80.5,6,True
2026-09-23,deepvalue,ICFI,"ICF International, Inc.",R2K,0.65,,51.6,7,True
2026-09-23,deepvalue,INTU,Intuit Inc.,NDX,0.636,,61.9,7,True
2026-09-23,deepvalue,JBI,"Janus International Group, Inc.",R2K,0.645,,71.5,6,True
2026-09-23,deepvalue,LRN,"Stride, Inc.",R2K,0.643,,53.2,6,True
2026-09-23,deepvalue,NFLX,"Netflix, Inc.",NDX,0.696,,45.2,7,True
2026-09-23,deepvalue,NKE,"Nike, Inc.",SPX,0.617,,68.5,7,True
2026-09-23,deepvalue,NRDS,"NerdWallet, Inc.",R2K,0.813,,46.5,8,True
2026-09-23,deepvalue,ODD,ODDITY Tech Ltd.,R2K,0.606,,76.3,6,True
2026-09-23,deepvalue,PNR,Pentair plc.,SPX,0.658,,49.9,9,True
2026-09-23,deepvalue,VRSK,"Verisk Analytics, Inc.",SPX,0.603,,45.8,8,True
2026-09-23,deepvalue,ZTS,Zoetis Inc.,SPX,0.701,,63.0,8,True
2026-09-24,52w_high,A,"Agilent Technologies, Inc.",,,,,,
2026-09-24,52w_high,ABBV,AbbVie Inc.,,,,,,
2026-09-24,52w_high,ACA,"Arcosa, Inc.",,,,,,
2026-09-24,52w_high,AGEN,Agenus Inc.,,,,,,
2026-09-24,52w_high,ATRC,"AtriCure, Inc.",,,,,,
2026-09-24,52w_high,BATRA,"Atlanta Braves Holdings, Inc. -",,,,,,
2026-09-24,52w_high,BBY,"Best Buy Co., Inc.",,,,,,
2026-09-24,52w_high,BIIB,Biogen Inc.,,,,,,
2026-09-24,52w_high,BLFS,"BioLife Solutions, Inc.",,,,,,
2026-09-24,52w_high,CDNA,"CareDx, Inc.",,,,,,
2026-09-24,52w_high,CNXN,"PC Connection, Inc.",,,,,,
2026-09-24,52w_high,CRWD,"CrowdStrike Holdings, Inc.",,,,,,
2026-09-24,52w_high,DBRG,"DigitalBridge Group, Inc.",,,,,,
2026-09-24,52w_high,DE,Deere & Company,,,,,,
2026-09-24,52w_high,FFIV,"F5, Inc.",,,,,,
2026-09-24,52w_high,GIC,Global Industrial Company,,,,,,
2026-09-24,52w_high,GILD,"Gilead Sciences, Inc.",,,,,,
2026-09-24,52w_high,HBB,Hamilton Beach Brands Holding C,,,,,,
2026-09-24,52w_high,IBEX,IBEX Limited,,,,,,
2026-09-24,52w_high,ILMN,"Illumina, Inc.",,,,,,
2026-09-24,52w_high,IOSP,Innospec Inc.,,,,,,
2026-09-24,52w_high,IOVA,"Iovance Biotherapeutics, Inc.",,,,,,
2026-09-24,52w_high,IQV,"IQVIA Holdings, Inc.",,,,,,
2026-09-24,52w_high,MLAB,"Mesa Laboratories, Inc.",,,,,,
2026-09-24,52w_high,MRNA,"Moderna, Inc.",,,,,,
2026-09-24,52w_high,OMER,Omeros Corporation,,,,,,
2026-09-24,52w_high,PBYI,Puma Biotechnology Inc,,,,,,
2026-09-24,52w_high,PRTH,"Priority Technology Holdings, I",,,,,,
2026-09-24,52w_high,SDGR,"Schrodinger, Inc.",,,,,,
2026-09-24,52w_high,SLAB,"Silicon Laboratories, Inc.",,,,,,
2026-09-24,52w_high,SMTI,Sanara MedTech Inc.,,,,,,
2026-09-24,52w_high,TECH,Bio-Techne Corp,,,,,,
2026-09-24,52w_high,TKNO,"Alpha Teknova, Inc.",,,,,,
2026-09-24,52w_high,TMO,Thermo Fisher Scientific Inc,,,,,,
2026-09-24,52w_high,TWIN,"Twin Disc, Incorporated",,,,,,
2026-09-24,52w_high,UTMD,"Utah Medical Products, Inc.",,,,,,
2026-09-24,52w_high,WBD,"Warner Bros. Discovery, Inc. - ",,,,,,
2026-09-24,52w_high,WST,"West Pharmaceutical Services, I",,,,,,
2026-09-24,52w_low,ACH,"Accendra Health, Inc.",,,,,,
2026-09-24,52w_low,ACR,ACRES Commercial Realty Corp.,,,,,,
2026-09-24,52w_low,AGNT,"AGNT, Inc.",,,,,,
2026-09-24,52w_low,ALHC,"Alignment Healthcare, Inc.",,,,,,
2026-09-24,52w_low,AON,Aon plc,,,,,,
2026-09-24,52w_low,ARRY,"Array Technologies, Inc.",,,,,,
2026-09-24,52w_low,ASPI,ASP Isotopes Inc.,,,,,,
2026-09-24,52w_low,ATO,Atmos Energy Corporation,,,,,,
2026-09-24,52w_low,AZO,"AutoZone, Inc.",,,,,,
2026-09-24,52w_low,BHR,Braemar Hotels & Resorts Inc.,,,,,,
2026-09-24,52w_low,BLDR,"Builders FirstSource, Inc.",,,,,,
2026-09-24,52w_low,BLND,"Blend Labs, Inc.",,,,,,
2026-09-24,52w_low,BV,"BrightView Holdings, Inc.",,,,,,
2026-09-24,52w_low,BXMT,"Blackstone Mortgage Trust, Inc.",,,,,,
2026-09-24,52w_low,CABO,"Cable One, Inc.",,,,,,
2026-09-24,52w_low,CCI,Crown Castle Inc.,,,,,,
2026-09-24,52w_low,CCL,Carnival Corporation Ltd.,,,,,,
2026-09-24,52w_low,CHTR,"Charter Communications, Inc.",,,,,,
2026-09-24,52w_low,CMPX,"Compass Therapeutics, Inc.",,,,,,
2026-09-24,52w_low,CMS,CMS Energy Corporation,,,,,,
2026-09-24,52w_low,CMTG,"Claros Mortgage Trust, Inc.",,,,,,
2026-09-24,52w_low,CNTB,Connect Biopharma Holdings Limi,,,,,,
2026-09-24,52w_low,CRH,CRH PLC,,,,,,
2026-09-24,52w_low,CSIQ,Canadian Solar Inc.,,,,,,
2026-09-24,52w_low,CWH,"Camping World Holdings, Inc.",,,,,,
2026-09-24,52w_low,DTE,DTE Energy Company,,,,,,
2026-09-24,52w_low,ERII,"Energy Recovery, Inc.",,,,,,
2026-09-24,52w_low,EVLV,"Evolv Technologies Holdings, In",,,,,,
2026-09-24,52w_low,EXC,Exelon Corporation,,,,,,
2026-09-24,52w_low,FICO,Fair Isaac Corporation,,,,,,
2026-09-24,52w_low,FINW,FinWise Bancorp,,,,,,
2026-09-24,52w_low,FIS,Fidelity National Information S,,,,,,
2026-09-24,52w_low,FISV,"Fiserv, Inc.",,,,,,
2026-09-24,52w_low,FLO,"Flowers Foods, Inc.",,,,,,
2026-09-24,52w_low,FWRG,"First Watch Restaurant Group, I",,,,,,
2026-09-24,52w_low,GBFH,GBank Financial Holdings Inc.,,,,,,
2026-09-24,52w_low,GOGO,Gogo Inc.,,,,,,
2026-09-24,52w_low,HE,"Hawaiian Electric Industries, I",,,,,,
2026-09-24,52w_low,HUBG,"Hub Group, Inc.",,,,,,
2026-09-24,52w_low,IHRT,"iHeartMedia, Inc.",,,,,,
2026-09-24,52w_low,INSE,"Inspired Entertainment, Inc.",,,,,,
2026-09-24,52w_low,JBGS,JBG SMITH Properties,,,,,,
2026-09-24,52w_low,JBI,"Janus International Group, Inc.",,,,,,
2026-09-24,52w_low,JRVR,"James River Group Holdings, Inc",,,,,,
2026-09-24,52w_low,KNF,Knife Riv Holding Co.,,,,,,
2026-09-24,52w_low,LCTX,"Lineage Cell Therapeutics, Inc.",,,,,,
2026-09-24,52w_low,LENZ,"LENZ Therapeutics, Inc.",,,,,,
2026-09-24,52w_low,LMND,"Lemonade, Inc.",,,,,,
2026-09-24,52w_low,LVS,Las Vegas Sands Corp.,,,,,,
2026-09-24,52w_low,LXEO,"Lexeo Therapeutics, Inc.",,,,,,
2026-09-24,52w_low,MCD,McDonald's Corporation,,,,,,
2026-09-24,52w_low,METCB,"Ramaco Resources, Inc.",,,,,,
2026-09-24,52w_low,MGEE,MGE Energy Inc.,,,,,,
2026-09-24,52w_low,MGPI,"MGP Ingredients, Inc.",,,,,,
2026-09-24,52w_low,MTRX,Matrix Service Company,,,,,,
2026-09-24,52w_low,NC,"NACCO Industries, Inc.",,,,,,
2026-09-24,52w_low,NCLH,Norwegian Cruise Line Holdings ,,,,,,
2026-09-24,52w_low,NCMI,"National CineMedia, Inc.",,,,,,
2026-09-24,52w_low,NHI,"National Health Investors, Inc.",,,,,,
2026-09-24,52w_low,NI,NiSource Inc,,,,,,
2026-09-24,52w_low,NMRK,"Newmark Group, Inc.",,,,,,
2026-09-24,52w_low,NPB,"Northpointe Bancshares, Inc.",,,,,,
2026-09-24,52w_low,NRG,"NRG Energy, Inc.",,,,,,
2026-09-24,52w_low,OGS,"ONE Gas, Inc.",,,,,,
2026-09-24,52w_low,OPFI,OppFi Inc.,,,,,,
2026-09-24,52w_low,OXM,"Oxford Industries, Inc.",,,,,,
2026-09-24,52w_low,PAL,"Proficient Auto Logistics, Inc.",,,,,,
2026-09-24,52w_low,PCG,Pacific Gas & Electric Co.,,,,,,
2026-09-24,52w_low,PEG,Public Service Enterprise Group,,,,,,
2026-09-24,52w_low,PNR,Pentair plc.,,,,,,
2026-09-24,52w_low,PRVA,"Privia Health Group, Inc.",,,,,,
2026-09-24,52w_low,PTLO,Portillo's Inc.,,,,,,
2026-09-24,52w_low,RCL,Royal Caribbean Cruises Ltd.,,,,,,
2026-09-24,52w_low,RENT,"Rent the Runway, Inc.",,,,,,
2026-09-24,52w_low,ROAD,"Construction Partners, Inc.",,,,,,
2026-09-24,52w_low,RRR,"Red Rock Resorts, Inc.",,,,,,
2026-09-24,52w_low,SFIX,"Stitch Fix, Inc.",,,,,,
2026-09-24,52w_low,SMPL,The Simply Good Foods Company,,,,,,
2026-09-24,52w_low,SRE,DBA Sempra,,,,,,
2026-09-24,52w_low,SSTK,"Shutterstock, Inc.",,,,,,
2026-09-24,52w_low,STUB,"StubHub Holdings, Inc.",,,,,,
2026-09-24,52w_low,STZ,"Constellation Brands, Inc.",,,,,,
2026-09-24,52w_low,TDUP,ThredUp Inc.,,,,,,
2026-09-24,52w_low,TMUS,"T-Mobile US, Inc.",,,,,,
2026-09-24,52w_low,TPB,"Turning Point Brands, Inc.",,,,,,
2026-09-24,52w_low,TREE,"LendingTree, Inc.",,,,,,
2026-09-24,52w_low,TRIP,"TripAdvisor, Inc.",,,,,,
2026-09-24,52w_low,TRTX,"TPG RE Finance Trust, Inc.",,,,,,
2026-09-24,52w_low,TXT,Textron Inc.,,,,,,
2026-09-24,52w_low,TYGO,"Tigo Energy, Inc.",,,,,,
2026-09-24,52w_low,USGO,U.S. GoldMining Inc.,,,,,,
2026-09-24,52w_low,UTI,Universal Technical Institute I,,,,,,
2026-09-24,52w_low,VENU,Venu Holding Corporation,,,,,,
2026-09-24,52w_low,VRRM,Verra Mobility Corporation,,,,,,
2026-09-24,52w_low,WD,"Walker & Dunlop, Inc",,,,,,
2026-09-24,52w_low,WOOF,Petco Health and Wellness Compa,,,,,,
2026-09-24,52w_low,WVE,"Wave Life Sciences, Inc.",,,,,,
2026-09-24,52w_low,WYNN,"Wynn Resorts, Limited",,,,,,
2026-09-24,52w_low,YELP,Yelp Inc.,,,,,,
2026-09-24,breakout,A,Agilent Technologies,SPX,0.453,1,0.0,,
2026-09-24,breakout,AGEN,AGENUS INC,R2K,0.682,2,98.7,,
2026-09-24,breakout,ATRC,ATRICURE,R2K,0.646,2,77.2,,
2026-09-24,breakout,BBY,Best Buy,SPX,0.493,2,52.6,,
2026-09-24,breakout,BLFS,BIOLIFE SOLUTIONS,R2K,0.606,2,84.7,,
2026-09-24,breakout,CDNA,CAREDX,R2K,0.726,1,93.3,,
2026-09-24,breakout,CRWD,"CrowdStrike Holdings, Inc. Class A Common Stock",NDX,0.533,1,0.0,,
2026-09-24,breakout,CRWD,CrowdStrike,SPX,0.474,1,0.0,,
2026-09-24,breakout,GILD,"Gilead Sciences, Inc. Common Stock",NDX,0.5,1,0.0,,
2026-09-24,breakout,ILMN,"Illumina, Inc.",SPX,0.626,2,83.0,,
2026-09-24,breakout,IOVA,IOVANCE BIOTHERAPEUTICS INC,R2K,0.766,1,94.0,,
2026-09-24,breakout,IQV,IQVIA,SPX,0.677,2,51.5,,
2026-09-24,breakout,MLAB,MESA LABORATORIES,R2K,0.61,1,82.4,,
2026-09-24,breakout,MRNA,Moderna,SPX,0.732,3,94.2,,
2026-09-24,breakout,OMER,OMEROS,R2K,0.449,1,0.0,,
2026-09-24,breakout,PRTH,PRIORITY TECHNOLOGY HOLDINGS INC,R2K,0.45,2,62.3,,
2026-09-24,breakout,SDGR,SCHRODINGER INC,R2K,0.673,2,81.3,,
2026-09-24,breakout,SMTI,SANARA MEDTECH INC,R2K,0.515,1,67.1,,
2026-09-24,breakout,TMO,Thermo Fisher Scientific,SPX,0.562,1,0.0,,
2026-09-24,breakout,WBD,"Warner Bros. Discovery, Inc. Series A Common Stock",NDX,0.425,2,78.5,,
2026-09-24,deepvalue,AMPH,"Amphastar Pharmaceuticals, Inc.",R2K,0.637,,61.4,6,True
2026-09-24,deepvalue,APOG,"Apogee Enterprises, Inc.",R2K,0.673,,55.6,6,True
2026-09-24,deepvalue,APTV,Aptiv PLC,SPX,0.788,,57.5,8,True
2026-09-24,deepvalue,ARDT,"Ardent Health, Inc.",R2K,0.63,,47.4,8,True
2026-09-24,deepvalue,BBW,"Build-A-Bear Workshop, Inc.",R2K,0.611,,64.5,6,True
2026-09-24,deepvalue,COLL,"Collegium Pharmaceutical, Inc.",R2K,0.663,,53.8,6,True
2026-09-24,deepvalue,CPRT,"Copart, Inc.",NDX,0.687,,54.7,7,True
2026-09-24,deepvalue,DXC,DXC Technology Company,R2K,0.645,,56.5,6,True
2026-09-24,deepvalue,FISV,"Fiserv, Inc.",SPX,0.629,,80.5,6,True
2026-09-24,deepvalue,ICFI,"ICF International, Inc.",R2K,0.65,,51.6,7,True
2026-09-24,deepvalue,INTU,Intuit Inc.,NDX,0.636,,61.9,7,True
2026-09-24,deepvalue,JBI,"Janus International Group, Inc.",R2K,0.645,,71.5,6,True
2026-09-24,deepvalue,LRN,"Stride, Inc.",R2K,0.643,,53.2,6,True
2026-09-24,deepvalue,NFLX,"Netflix, Inc.",NDX,0.696,,46.1,7,True
2026-09-24,deepvalue,NKE,"Nike, Inc.",SPX,0.617,,68.5,7,True
2026-09-24,deepvalue,NRDS,"NerdWallet, Inc.",R2K,0.813,,46.5,8,True
2026-09-24,deepvalue,ODD,ODDITY Tech Ltd.,R2K,0.606,,76.3,6,True
2026-09-24,deepvalue,PNR,Pentair plc.,SPX,0.658,,49.9,9,True
2026-09-24,deepvalue,VRSK,"Verisk Analytics, Inc.",SPX,0.603,,45.8,8,True
2026-09-24,deepvalue,ZTS,Zoetis Inc.,SPX,0.701,,63.0,8,True
2026-09-25,52w_high,A,"Agilent Technologies, Inc.",,,,,,
2026-09-25,52w_high,ABBV,AbbVie Inc.,,,,,,
2026-09-25,52w_high,ADPT,Adaptive Biotechnologies Corpor,,,,,,
2026-09-25,52w_high,ATRC,"AtriCure, Inc.",,,,,,
2026-09-25,52w_high,BATRA,"Atlanta Braves Holdings, Inc. -",,,,,,
2026-09-25,52w_high,BLFS,"BioLife Solutions, Inc.",,,,,,
2026-09-25,52w_high,BOW,Bowhead Specialty Holdings Inc.,,,,,,
2026-09-25,52w_high,CDNA,"CareDx, Inc.",,,,,,
2026-09-25,52w_high,CYRX,"CryoPort, Inc.",,,,,,
2026-09-25,52w_high,FLXS,"Flexsteel Industries, Inc.",,,,,,
2026-09-25,52w_high,FTNT,"Fortinet, Inc.",,,,,,
2026-09-25,52w_high,GRAL,"GRAIL, Inc.",,,,,,
2026-09-25,52w_high,HBB,Hamilton Beach Brands Holding C,,,,,,
2026-09-25,52w_high,HQI,"HireQuest, Inc.",,,,,,
2026-09-25,52w_high,ILMN,"Illumina, Inc.",,,,,,
2026-09-25,52w_high,IQV,"IQVIA Holdings, Inc.",,,,,,
2026-09-25,52w_high,KRT,Karat Packaging Inc.,,,,,,
2026-09-25,52w_high,META,"Meta Platforms, Inc.",,,,,,
2026-09-25,52w_high,MLAB,"Mesa Laboratories, Inc.",,,,,,
2026-09-25,52w_high,MRNA,"Moderna, Inc.",,,,,,
2026-09-25,52w_high,MTD,"Mettler-Toledo International, I",,,,,,
2026-09-25,52w_high,NEOG,Neogen Corporation,,,,,,
2026-09-25,52w_high,P,"Everpure, Inc.",,,,,,
2026-09-25,52w_high,PUBM,"PubMatic, Inc.",,,,,,
2026-09-25,52w_high,RVTY,"Revvity, Inc.",,,,,,
2026-09-25,52w_high,SLAB,"Silicon Laboratories, Inc.",,,,,,
2026-09-25,52w_high,TECH,Bio-Techne Corp,,,,,,
2026-09-25,52w_high,TMO,Thermo Fisher Scientific Inc,,,,,,
2026-09-25,52w_high,TWST,Twist Bioscience Corporation,,,,,,
2026-09-25,52w_high,TXG,"10x Genomics, Inc.",,,,,,
2026-09-25,52w_high,UTMD,"Utah Medical Products, Inc.",,,,,,
2026-09-25,52w_high,WAT,Waters Corporation,,,,,,
2026-09-25,52w_high,WST,"West Pharmaceutical Services, I",,,,,,
2026-09-25,52w_high,XMTR,"Xometry, Inc.",,,,,,
2026-09-25,52w_low,ABR,Arbor Realty Trust,,,,,,
2026-09-25,52w_low,ACH,"Accendra Health, Inc.",,,,,,
2026-09-25,52w_low,ACIC,American Coastal Insurance Corp,,,,,,
2026-09-25,52w_low,ADNT,Adient plc,,,,,,
2026-09-25,52w_low,ADTN,"ADTRAN Holdings, Inc.",,,,,,
2026-09-25,52w_low,AGNT,"AGNT, Inc.",,,,,,
2026-09-25,52w_low,ALHC,"Alignment Healthcare, Inc.",,,,,,
2026-09-25,52w_low,ALKT,"Alkami Technology, Inc.",,,,,,
2026-09-25,52w_low,AON,Aon plc,,,,,,
2026-09-25,52w_low,ARRY,"Array Technologies, Inc.",,,,,,
2026-09-25,52w_low,ASPI,ASP Isotopes Inc.,,,,,,
2026-09-25,52w_low,AVXL,Anavex Life Sciences Corp.,,,,,,
2026-09-25,52w_low,BBUC,Brookfield Business Corporation,,,,,,
2026-09-25,52w_low,BETR,Better Home & Finance Holding C,,,,,,
2026-09-25,52w_low,BHR,Braemar Hotels & Resorts Inc.,,,,,,
2026-09-25,52w_low,BLDR,"Builders FirstSource, Inc.",,,,,,
2026-09-25,52w_low,BLND,"Blend Labs, Inc.",,,,,,
2026-09-25,52w_low,BNTC,Benitec Biopharma Inc.,,,,,,
2026-09-25,52w_low,BRSL,Brightstar Lottery PLC Trading ,,,,,,
2026-09-25,52w_low,BRSP,"BrightSpire Capital, Inc.",,,,,,
2026-09-25,52w_low,BUR,Burford Capital Limited,,,,,,
2026-09-25,52w_low,BV,"BrightView Holdings, Inc.",,,,,,
2026-09-25,52w_low,BXMT,"Blackstone Mortgage Trust, Inc.",,,,,,
2026-09-25,52w_low,CABO,"Cable One, Inc.",,,,,,
2026-09-25,52w_low,CALM,"Cal-Maine Foods, Inc.",,,,,,
2026-09-25,52w_low,CALX,"Calix, Inc",,,,,,
2026-09-25,52w_low,CCI,Crown Castle Inc.,,,,,,
2026-09-25,52w_low,CCL,Carnival Corporation Ltd.,,,,,,
2026-09-25,52w_low,CCOI,"Cogent Communications Holdings,",,,,,,
2026-09-25,52w_low,CHTR,"Charter Communications, Inc.",,,,,,
2026-09-25,52w_low,CMPX,"Compass Therapeutics, Inc.",,,,,,
2026-09-25,52w_low,CMTG,"Claros Mortgage Trust, Inc.",,,,,,
2026-09-25,52w_low,CRH,CRH PLC,,,,,,
2026-09-25,52w_low,CSIQ,Canadian Solar Inc.,,,,,,
2026-09-25,52w_low,CWCO,Consolidated Water Co. Ltd.,,,,,,
2026-09-25,52w_low,CWH,"Camping World Holdings, Inc.",,,,,,
2026-09-25,52w_low,DAKT,"Daktronics, Inc.",,,,,,
2026-09-25,52w_low,DOUG,Douglas Elliman Inc.,,,,,,
2026-09-25,52w_low,DTE,DTE Energy Company,,,,,,
2026-09-25,52w_low,ENVX,Enovix Corporation,,,,,,
2026-09-25,52w_low,ERII,"Energy Recovery, Inc.",,,,,,
2026-09-25,52w_low,EVLV,"Evolv Technologies Holdings, In",,,,,,
2026-09-25,52w_low,EXE,Expand Energy Corporation,,,,,,
2026-09-25,52w_low,FBRT,"Franklin BSP Realty Trust, Inc.",,,,,,
2026-09-25,52w_low,FICO,Fair Isaac Corporation,,,,,,
2026-09-25,52w_low,FINW,FinWise Bancorp,,,,,,
2026-09-25,52w_low,FIS,Fidelity National Information S,,,,,,
2026-09-25,52w_low,FISV,"Fiserv, Inc.",,,,,,
2026-09-25,52w_low,FSLR,"First Solar, Inc.",,,,,,
2026-09-25,52w_low,GBFH,GBank Financial Holdings Inc.,,,,,,
2026-09-25,52w_low,GOGO,Gogo Inc.,,,,,,
2026-09-25,52w_low,HD,"Home Depot, Inc. (The)",,,,,,
2026-09-25,52w_low,HE,"Hawaiian Electric Industries, I",,,,,,
2026-09-25,52w_low,HGV,Hilton Grand Vacations Inc.,,,,,,
2026-09-25,52w_low,HUBG,"Hub Group, Inc.",,,,,,
2026-09-25,52w_low,IHRT,"iHeartMedia, Inc.",,,,,,
2026-09-25,52w_low,IMXI,"International Money Express, In",,,,,,
2026-09-25,52w_low,INSE,"Inspired Entertainment, Inc.",,,,,,
2026-09-25,52w_low,INSG,Inseego Corp.,,,,,,
2026-09-25,52w_low,JBGS,JBG SMITH Properties,,,,,,
2026-09-25,52w_low,JBI,"Janus International Group, Inc.",,,,,,
2026-09-25,52w_low,JRVR,"James River Group Holdings, Inc",,,,,,
2026-09-25,52w_low,LADR,Ladder Capital Corp,,,,,,
2026-09-25,52w_low,LCTX,"Lineage Cell Therapeutics, Inc.",,,,,,
2026-09-25,52w_low,LDI,"loanDepot, Inc.",,,,,,
2026-09-25,52w_low,LENZ,"LENZ Therapeutics, Inc.",,,,,,
2026-09-25,52w_low,LMND,"Lemonade, Inc.",,,,,,
2026-09-25,52w_low,LOW,"Lowe's Companies, Inc.",,,,,,
2026-09-25,52w_low,LVS,Las Vegas Sands Corp.,,,,,,
2026-09-25,52w_low,LXEO,"Lexeo Therapeutics, Inc.",,,,,,
2026-09-25,52w_low,LYEL,"Lyell Immunopharma, Inc.",,,,,,
2026-09-25,52w_low,MAA,Mid-America Apartment Communiti,,,,,,
2026-09-25,52w_low,MATW,Matthews International Corporat,,,,,,
2026-09-25,52w_low,METCB,"Ramaco Resources, Inc.",,,,,,
2026-09-25,52w_low,MGEE,MGE Energy Inc.,,,,,,
2026-09-25,52w_low,MGPI,"MGP Ingredients, Inc.",,,,,,
2026-09-25,52w_low,MITT,"TPG Mortgage Investment Trust, ",,,,,,
2026-09-25,52w_low,MLM,"Martin Marietta Materials, Inc.",,,,,,
2026-09-25,52w_low,MMS,"Maximus, Inc.",,,,,,
2026-09-25,52w_low,MTRX,Matrix Service Company,,,,,,
2026-09-25,52w_low,MWA,MUELLER WATER PRODUCTS,,,,,,
2026-09-25,52w_low,NATR,"Nature's Sunshine Products, Inc",,,,,,
2026-09-25,52w_low,NB,NioCorp Developments Ltd.,,,,,,
2026-09-25,52w_low,NCLH,Norwegian Cruise Line Holdings ,,,,,,
2026-09-25,52w_low,NMRK,"Newmark Group, Inc.",,,,,,
2026-09-25,52w_low,NPB,"Northpointe Bancshares, Inc.",,,,,,
2026-09-25,52w_low,NRG,"NRG Energy, Inc.",,,,,,
2026-09-25,52w_low,NUS,"Nu Skin Enterprises, Inc.",,,,,,
2026-09-25,52w_low,NXH,"Neighborhood Intelligence, Inc.",,,,,,
2026-09-25,52w_low,NXRT,"NexPoint Residential Trust, Inc",,,,,,
2026-09-25,52w_low,OCGN,"Ocugen, Inc.",,,,,,
2026-09-25,52w_low,OI,"O-I Glass, Inc.",,,,,,
2026-09-25,52w_low,OPAL,OPAL Fuels Inc.,,,,,,
2026-09-25,52w_low,OPEN,Opendoor Technologies Inc,,,,,,
2026-09-25,52w_low,OPFI,OppFi Inc.,,,,,,
2026-09-25,52w_low,OXM,"Oxford Industries, Inc.",,,,,,
2026-09-25,52w_low,PAL,"Proficient Auto Logistics, Inc.",,,,,,
2026-09-25,52w_low,PATK,"Patrick Industries, Inc.",,,,,,
2026-09-25,52w_low,PCG,Pacific Gas & Electric Co.,,,,,,
2026-09-25,52w_low,PCT,"PureCycle Technologies, Inc.",,,,,,
2026-09-25,52w_low,PEG,Public Service Enterprise Group,,,,,,
2026-09-25,52w_low,PFSI,"PennyMac Financial Services, In",,,,,,
2026-09-25,52w_low,PLTK,Playtika Holding Corp.,,,,,,
2026-09-25,52w_low,PMT,PennyMac Mortgage Investment Tr,,,,,,
2026-09-25,52w_low,PNR,Pentair plc.,,,,,,
2026-09-25,52w_low,PPL,PPL Corporation,,,,,,
2026-09-25,52w_low,PTLO,Portillo's Inc.,,,,,,
2026-09-25,52w_low,REAX,Real REMAX Group Inc.,,,,,,
2026-09-25,52w_low,RENT,"Rent the Runway, Inc.",,,,,,
2026-09-25,52w_low,REZI,"Resideo Technologies, Inc.",,,,,,
2026-09-25,52w_low,ROAD,"Construction Partners, Inc.",,,,,,
2026-09-25,52w_low,ROL,"Rollins, Inc.",,,,,,
2026-09-25,52w_low,RRR,"Red Rock Resorts, Inc.",,,,,,
2026-09-25,52w_low,RUN,Sunrun Inc.,,,,,,
2026-09-25,52w_low,SEVN,Seven Hills Realty Trust,,,,,,
2026-09-25,52w_low,SFIX,"Stitch Fix, Inc.",,,,,,
2026-09-25,52w_low,SMID,Smith-Midland Corporation,,,,,,
2026-09-25,52w_low,SMPL,The Simply Good Foods Company,,,,,,
2026-09-25,52w_low,SPRY,"ARS Pharmaceuticals, Inc.",,,,,,
2026-09-25,52w_low,SRE,DBA Sempra,,,,,,
2026-09-25,52w_low,SSTK,"Shutterstock, Inc.",,,,,,
2026-09-25,52w_low,STZ,"Constellation Brands, Inc.",,,,,,
2026-09-25,52w_low,TARA,"Protara Therapeutics, Inc.",,,,,,
2026-09-25,52w_low,TBBK,"The Bancorp, Inc.",,,,,,
2026-09-25,52w_low,TDUP,ThredUp Inc.,,,,,,
2026-09-25,52w_low,TGLS,Tecnoglass Holdings Inc.,,,,,,
2026-09-25,52w_low,TPB,"Turning Point Brands, Inc.",,,,,,
2026-09-25,52w_low,TREE,"LendingTree, Inc.",,,,,,
2026-09-25,52w_low,TRTX,"TPG RE Finance Trust, Inc.",,,,,,
2026-09-25,52w_low,TXT,Textron Inc.,,,,,,
2026-09-25,52w_low,TYGO,"Tigo Energy, Inc.",,,,,,
2026-09-25,52w_low,UPB,"Upstream Bio, Inc.",,,,,,
2026-09-25,52w_low,UPST,"Upstart Holdings, Inc.",,,,,,
2026-09-25,52w_low,URG,Ur Energy Inc,,,,,,
2026-09-25,52w_low,USGO,U.S. GoldMining Inc.,,,,,,
2026-09-25,52w_low,VEL,"Velocity Financial, Inc.",,,,,,
2026-09-25,52w_low,VICI,VICI Properties Inc.,,,,,,
2026-09-25,52w_low,VRRM,Verra Mobility Corporation,,,,,,
2026-09-25,52w_low,VYGR,"Voyager Therapeutics, Inc.",,,,,,
2026-09-25,52w_low,WD,"Walker & Dunlop, Inc",,,,,,
2026-09-25,52w_low,WVE,"Wave Life Sciences, Inc.",,,,,,
2026-09-25,52w_low,WYNN,"Wynn Resorts, Limited",,,,,,
2026-09-25,52w_low,XEL,Xcel Energy Inc.,,,,,,
2026-09-25,breakout,ADPT,ADAPTIVE BIOTECHNOLOGIES,R2K,0.606,1,93.7,,
2026-09-25,breakout,ATKR,ATKORE,R2K,0.449,2,72.8,,
2026-09-25,breakout,ATRC,ATRICURE,R2K,0.631,2,77.2,,
2026-09-25,breakout,BLFS,BIOLIFE SOLUTIONS,R2K,0.642,2,84.7,,
2026-09-25,breakout,CDNA,CAREDX,R2K,0.761,1,93.3,,
2026-09-25,breakout,CYRX,CRYOPORT,R2K,0.49,2,94.4,,
2026-09-25,breakout,FTNT,Fortinet,SPX,0.463,1,0.0,,
2026-09-25,breakout,FTNT,"Fortinet, Inc. Common Stock",NDX,0.45,1,0.0,,
2026-09-25,breakout,ILMN,"Illumina, Inc.",SPX,0.621,2,83.0,,
2026-09-25,breakout,IQV,IQVIA,SPX,0.658,2,51.5,,
2026-09-25,breakout,KRT,KARAT PACKAGING INC,R2K,0.428,1,0.0,,
2026-09-25,breakout,META,"Meta Platforms, Inc. Class A Common Stock",NDX,0.55,1,33.3,,
2026-09-25,breakout,MLAB,MESA LABORATORIES,R2K,0.613,1,82.4,,
2026-09-25,breakout,MRNA,Moderna,SPX,0.661,3,93.9,,
2026-09-25,breakout,P,Everpure,SPX,0.544,1,0.0,,
2026-09-25,breakout,PUBM,PUBMATIC CLASS A,R2K,0.656,2,84.3,,
2026-09-25,breakout,TMO,Thermo Fisher Scientific,SPX,0.575,1,0.0,,
2026-09-25,breakout,TWST,TWIST BIOSCIENCE,R2K,0.526,1,0.0,,
2026-09-25,breakout,TXG,10X GENOMICS CLASS A,R2K,0.692,2,96.1,,
2026-09-25,breakout,WAT,Waters Corporation,SPX,0.441,1,0.0,,
2026-09-25,deepvalue,AMPH,"Amphastar Pharmaceuticals, Inc.",R2K,0.634,,60.7,6,True
2026-09-25,deepvalue,APOG,"Apogee Enterprises, Inc.",R2K,0.67,,55.9,6,True
2026-09-25,deepvalue,APTV,Aptiv PLC,SPX,0.788,,56.0,8,True
2026-09-25,deepvalue,ARDT,"Ardent Health, Inc.",R2K,0.632,,47.3,8,True
2026-09-25,deepvalue,BBW,"Build-A-Bear Workshop, Inc.",R2K,0.606,,65.1,6,True
2026-09-25,deepvalue,COLL,"Collegium Pharmaceutical, Inc.",R2K,0.659,,55.0,6,True
2026-09-25,deepvalue,CPRT,"Copart, Inc.",NDX,0.687,,54.8,7,True
2026-09-25,deepvalue,DXC,DXC Technology Company,R2K,0.64,,56.5,6,True
2026-09-25,deepvalue,FISV,"Fiserv, Inc.",SPX,0.629,,80.7,6,True
2026-09-25,deepvalue,ICFI,"ICF International, Inc.",R2K,0.646,,51.8,7,True
2026-09-25,deepvalue,INTU,Intuit Inc.,NDX,0.636,,64.1,7,True
2026-09-25,deepvalue,JBI,"Janus International Group, Inc.",R2K,0.637,,72.4,6,True
2026-09-25,deepvalue,LRN,"Stride, Inc.",R2K,0.637,,53.8,6,True
2026-09-25,deepvalue,MMS,"Maximus, Inc.",R2K,0.705,,45.3,7,True
2026-09-25,deepvalue,NFLX,"Netflix, Inc.",NDX,0.696,,46.7,7,True
2026-09-25,deepvalue,NKE,"Nike, Inc.",SPX,0.617,,68.6,7,True
2026-09-25,deepvalue,NRDS,"NerdWallet, Inc.",R2K,0.819,,52.3,8,True
2026-09-25,deepvalue,ODD,ODDITY Tech Ltd.,R2K,0.6,,77.0,6,True
2026-09-25,deepvalue,PNR,Pentair plc.,SPX,0.658,,50.3,9,True
2026-09-25,deepvalue,VRSK,"Verisk Analytics, Inc.",SPX,0.603,,45.8,8,True
2026-09-25,deepvalue,ZTS,Zoetis Inc.,SPX,0.701,,62.9,8,True
2026-09-26,52w_high,AMD,"Advanced Micro Devices, Inc.",,,,,,
2026-09-26,52w_high,ATKR,Atkore Inc.,,,,,,
2026-09-26,52w_high,CDNA,"CareDx, Inc.",,,,,,
2026-09-26,52w_high,CNXN,"PC Connection, Inc.",,,,,,
2026-09-26,52w_high,CRCT,"Cricut, Inc.",,,,,,
2026-09-26,52w_high,DSGR,"Distribution Solutions Group, I",,,,,,
2026-09-26,52w_high,FBLA,"FB Bancorp, Inc.",,,,,,
2026-09-26,52w_high,HPE,Hewlett Packard Enterprise Comp,,,,,,
2026-09-26,52w_high,HQI,"HireQuest, Inc.",,,,,,
2026-09-26,52w_high,IBEX,IBEX Limited,,,,,,
2026-09-26,52w_high,ILMN,"Illumina, Inc.",,,,,,
2026-09-26,52w_high,IMAX,Imax Corporation,,,,,,
2026-09-26,52w_high,IOSP,Innospec Inc.,,,,,,
2026-09-26,52w_high,P,"Everpure, Inc.",,,,,,
2026-09-26,52w_high,PRLB,"Proto Labs, Inc.",,,,,,
2026-09-26,52w_high,SAFT,"Safety Insurance Group, Inc.",,,,,,
2026-09-26,52w_high,TECH,Bio-Techne Corp,,,,,,
2026-09-26,52w_high,TKNO,"Alpha Teknova, Inc.",,,,,,
2026-09-26,52w_high,TWIN,"Twin Disc, Incorporated",,,,,,
2026-09-26,52w_high,WEYS,"Weyco Group, Inc.",,,,,,
2026-09-26,52w_low,ABR,Arbor Realty Trust,,,,,,
2026-09-26,52w_low,ACH,"Accendra Health, Inc.",,,,,,
2026-09-26,52w_low,ACR,ACRES Commercial Realty Corp.,,,,,,
2026-09-26,52w_low,ALKT,"Alkami Technology, Inc.",,,,,,
2026-09-26,52w_low,ATO,Atmos Energy Corporation,,,,,,
2026-09-26,52w_low,AVA,Avista Corporation,,,,,,
2026-09-26,52w_low,BETR,Better Home & Finance Holding C,,,,,,
2026-09-26,52w_low,BHR,Braemar Hotels & Resorts Inc.,,,,,,
2026-09-26,52w_low,BLDR,"Builders FirstSource, Inc.",,,,,,
2026-09-26,52w_low,BNTC,Benitec Biopharma Inc.,,,,,,
2026-09-26,52w_low,BRSP,"BrightSpire Capital, Inc.",,,,,,
2026-09-26,52w_low,BUR,Burford Capital Limited,,,,,,
2026-09-26,52w_low,CABO,"Cable One, Inc.",,,,,,
2026-09-26,52w_low,CALM,"Cal-Maine Foods, Inc.",,,,,,
2026-09-26,52w_low,CCI,Crown Castle Inc.,,,,,,
2026-09-26,52w_low,CHTR,"Charter Communications, Inc.",,,,,,
2026-09-26,52w_low,CIM,Chimera Investment Corporation,,,,,,
2026-09-26,52w_low,CMCSA,Comcast Corporation,,,,,,
2026-09-26,52w_low,CMS,CMS Energy Corporation,,,,,,
2026-09-26,52w_low,CMTG,"Claros Mortgage Trust, Inc.",,,,,,
2026-09-26,52w_low,CNP,"CenterPoint Energy, Inc (Holdin",,,,,,
2026-09-26,52w_low,COUR,"Coursera, Inc.",,,,,,
2026-09-26,52w_low,CRBU,"Caribou Biosciences, Inc.",,,,,,
2026-09-26,52w_low,DFH,"Dream Finders Homes, Inc.",,,,,,
2026-09-26,52w_low,DOUG,Douglas Elliman Inc.,,,,,,
2026-09-26,52w_low,DTE,DTE Energy Company,,,,,,
2026-09-26,52w_low,EPRT,Essential Properties Realty Tru,,,,,,
2026-09-26,52w_low,EVLV,"Evolv Technologies Holdings, In",,,,,,
2026-09-26,52w_low,EXC,Exelon Corporation,,,,,,
2026-09-26,52w_low,FBRT,"Franklin BSP Realty Trust, Inc.",,,,,,
2026-09-26,52w_low,FINW,FinWise Bancorp,,,,,,
2026-09-26,52w_low,FLO,"Flowers Foods, Inc.",,,,,,
2026-09-26,52w_low,GEVO,"Gevo, Inc.",,,,,,
2026-09-26,52w_low,GOGO,Gogo Inc.,,,,,,
2026-09-26,52w_low,HE,"Hawaiian Electric Industries, I",,,,,,
2026-09-26,52w_low,HII,"Huntington Ingalls Industries, ",,,,,,
2026-09-26,52w_low,INSG,Inseego Corp.,,,,,,
2026-09-26,52w_low,IRT,"Independence Realty Trust, Inc.",,,,,,
2026-09-26,52w_low,JRVR,"James River Group Holdings, Inc",,,,,,
2026-09-26,52w_low,KRMD,"KORU Medical Systems, Inc.",,,,,,
2026-09-26,52w_low,LADR,Ladder Capital Corp,,,,,,
2026-09-26,52w_low,LENZ,"LENZ Therapeutics, Inc.",,,,,,
2026-09-26,52w_low,LNT,Alliant Energy Corporation,,,,,,
2026-09-26,52w_low,LOW,"Lowe's Companies, Inc.",,,,,,
2026-09-26,52w_low,LYEL,"Lyell Immunopharma, Inc.",,,,,,
2026-09-26,52w_low,MATW,Matthews International Corporat,,,,,,
2026-09-26,52w_low,MCD,McDonald's Corporation,,,,,,
2026-09-26,52w_low,METCB,"Ramaco Resources, Inc.",,,,,,
2026-09-26,52w_low,MIAX,"Miami International Holdings, I",,,,,,
2026-09-26,52w_low,MITT,"TPG Mortgage Investment Trust, ",,,,,,
2026-09-26,52w_low,MMS,"Maximus, Inc.",,,,,,
2026-09-26,52w_low,MTRX,Matrix Service Company,,,,,,
2026-09-26,52w_low,NATR,"Nature's Sunshine Products, Inc",,,,,,
2026-09-26,52w_low,NCMI,"National CineMedia, Inc.",,,,,,
2026-09-26,52w_low,NHI,"National Health Investors, Inc.",,,,,,
2026-09-26,52w_low,NMRA,"Neumora Therapeutics, Inc.",,,,,,
2026-09-26,52w_low,NXRT,"NexPoint Residential Trust, Inc",,,,,,
2026-09-26,52w_low,OGS,"ONE Gas, Inc.",,,,,,
2026-09-26,52w_low,ONIT,Onity Group Inc.,,,,,,
2026-09-26,52w_low,OPAL,OPAL Fuels Inc.,,,,,,
2026-09-26,52w_low,ORC,"Orchid Island Capital, Inc.",,,,,,
2026-09-26,52w_low,OXM,"Oxford Industries, Inc.",,,,,,
2026-09-26,52w_low,PATK,"Patrick Industries, Inc.",,,,,,
2026-09-26,52w_low,PCG,Pacific Gas & Electric Co.,,,,,,
2026-09-26,52w_low,PEP,"Pepsico, Inc.",,,,,,
2026-09-26,52w_low,PLBY,"Playboy, Inc.",,,,,,
2026-09-26,52w_low,PMT,PennyMac Mortgage Investment Tr,,,,,,
2026-09-26,52w_low,PPL,PPL Corporation,,,,,,
2026-09-26,52w_low,PTLO,Portillo's Inc.,,,,,,
2026-09-26,52w_low,RC,Ready Capital Corporation,,,,,,
2026-09-26,52w_low,RENT,"Rent the Runway, Inc.",,,,,,
2026-09-26,52w_low,ROL,"Rollins, Inc.",,,,,,
2026-09-26,52w_low,SFIX,"Stitch Fix, Inc.",,,,,,
2026-09-26,52w_low,SMID,Smith-Midland Corporation,,,,,,
2026-09-26,52w_low,SPRY,"ARS Pharmaceuticals, Inc.",,,,,,
2026-09-26,52w_low,SRE,DBA Sempra,,,,,,
2026-09-26,52w_low,STZ,"Constellation Brands, Inc.",,,,,,
2026-09-26,52w_low,TARA,"Protara Therapeutics, Inc.",,,,,,
2026-09-26,52w_low,TGLS,Tecnoglass Holdings Inc.,,,,,,
2026-09-26,52w_low,TRTX,"TPG RE Finance Trust, Inc.",,,,,,
2026-09-26,52w_low,TYGO,"Tigo Energy, Inc.",,,,,,
2026-09-26,52w_low,UPB,"Upstream Bio, Inc.",,,,,,
2026-09-26,52w_low,UVV,Universal Corporation,,,,,,
2026-09-26,52w_low,VYGR,"Voyager Therapeutics, Inc.",,,,,,
2026-09-26,52w_low,WEC,"WEC Energy Group, Inc.",,,,,,
2026-09-26,52w_low,WVE,"Wave Life Sciences, Inc.",,,,,,
2026-09-26,52w_low,XEL,Xcel Energy Inc.,,,,,,
2026-09-26,52w_low,ZTS,Zoetis Inc.,,,,,,
2026-09-26,breakout,ACA,ARCOSA,R2K,0.045,1,0.1,,
2026-09-26,breakout,AMD,"Advanced Micro Devices, Inc. Common Stock",NDX,0.75,1,0.0,,
2026-09-26,breakout,AMD,Advanced Micro Devices,SPX,0.556,1,0.0,,
2026-09-26,breakout,ATKR,ATKORE,R2K,0.565,2,72.8,,
2026-09-26,breakout,ATRC,ATRICURE,R2K,0.448,1,77.2,,
2026-09-26,breakout,CDNA,CAREDX,R2K,0.847,1,93.3,,
2026-09-26,breakout,CNXN,PC CONNECTION INC,R2K,0.525,1,0.0,,
2026-09-26,breakout,DBRG,DIGITALBRIDGE GROUP INC CLASS A,R2K,0.25,1,79.4,,
2026-09-26,breakout,DSGR,DISTRIBUTION SOLUTIONS GROUP,R2K,0.189,2,52.7,,
2026-09-26,breakout,HPE,Hewlett Packard Enterprise,SPX,0.535,1,0.0,,
2026-09-26,breakout,IBEX,IBEX LTD,R2K,0.438,1,0.0,,
2026-09-26,breakout,ILMN,"Illumina, Inc.",SPX,0.772,2,83.0,,
2026-09-26,breakout,IMAX,IMAX,R2K,0.089,1,0.0,,
2026-09-26,breakout,IOSP,INNOSPEC INC,R2K,0.264,2,48.4,,
2026-09-26,breakout,P,Everpure,SPX,0.607,1,0.0,,
2026-09-26,breakout,PRLB,PROTO LABS,R2K,0.453,1,0.0,,
2026-09-26,breakout,SAFT,SAFETY INSURANCE GROUP INC,R2K,0.186,1,0.1,,
2026-09-26,breakout,TECH,Bio-Techne,SPX,0.302,2,66.3,,
2026-09-26,breakout,WBD,"Warner Bros. Discovery, Inc. Series A Common Stock",NDX,0.25,2,78.5,,
2026-09-26,breakout,WBD,Warner Bros. Discovery,SPX,0.24,2,78.5,,
2026-09-26,deepvalue,AMPH,"Amphastar Pharmaceuticals, Inc.",R2K,0.628,,59.1,6,True
2026-09-26,deepvalue,APOG,"Apogee Enterprises, Inc.",R2K,0.669,,56.2,6,True
2026-09-26,deepvalue,APTV,Aptiv PLC,SPX,0.793,,55.4,8,True
2026-09-26,deepvalue,ARDT,"Ardent Health, Inc.",R2K,0.627,,47.4,8,True
2026-09-26,deepvalue,CARS,Cars.com Inc.,R2K,0.675,,47.8,7,True
2026-09-26,deepvalue,COLL,"Collegium Pharmaceutical, Inc.",R2K,0.655,,55.0,6,True
2026-09-26,deepvalue,CPRT,"Copart, Inc.",NDX,0.687,,56.5,7,True
2026-09-26,deepvalue,DXC,DXC Technology Company,R2K,0.639,,56.8,6,True
2026-09-26,deepvalue,FISV,"Fiserv, Inc.",SPX,0.629,,80.6,6,True
2026-09-26,deepvalue,ICFI,"ICF International, Inc.",R2K,0.643,,52.5,7,True
2026-09-26,deepvalue,INTU,Intuit Inc.,NDX,0.636,,65.4,7,True
2026-09-26,deepvalue,JBI,"Janus International Group, Inc.",R2K,0.637,,73.0,6,True
2026-09-26,deepvalue,LRN,"Stride, Inc.",R2K,0.636,,53.6,6,True
2026-09-26,deepvalue,MMS,"Maximus, Inc.",R2K,0.705,,46.0,7,True
2026-09-26,deepvalue,NFLX,"Netflix, Inc.",NDX,0.696,,46.9,7,True
2026-09-26,deepvalue,NKE,"Nike, Inc.",SPX,0.621,,68.8,7,True
2026-09-26,deepvalue,NRDS,"NerdWallet, Inc.",R2K,0.824,,50.2,8,True
2026-09-26,deepvalue,PNR,Pentair plc.,SPX,0.659,,51.8,9,True
2026-09-26,deepvalue,VRSK,"Verisk Analytics, Inc.",SPX,0.603,,46.2,8,True
2026-09-26,deepvalue,ZTS,Zoetis Inc.,SPX,0.706,,63.8,8,True
2026-09-28,52w_high,AMD,"Advanced Micro Devices, Inc.",,,,,,
2026-09-28,52w_high,ATKR,Atkore Inc.,,,,,,
2026-09-28,52w_high,CDNA,"CareDx, Inc.",,,,,,
2026-09-28,52w_high,CNXN,"PC Connection, Inc.",,,,,,
2026-09-28,52w_high,CRCT,"Cricut, Inc.",,,,,,
2026-09-28,52w_high,DSGR,"Distribution Solutions Group, I",,,,,,
2026-09-28,52w_high,FBLA,"FB Bancorp, Inc.",,,,,,
2026-09-28,52w_high,HPE,Hewlett Packard Enterprise Comp,,,,,,
2026-09-28,52w_high,HQI,"HireQuest, Inc.",,,,,,
2026-09-28,52w_high,IBEX,IBEX Limited,,,,,,
2026-09-28,52w_high,ILMN,"Illumina, Inc.",,,,,,
2026-09-28,52w_high,IMAX,Imax Corporation,,,,,,
2026-09-28,52w_high,IOSP,Innospec Inc.,,,,,,
2026-09-28,52w_high,P,"Everpure, Inc.",,,,,,
2026-09-28,52w_high,PRLB,"Proto Labs, Inc.",,,,,,
2026-09-28,52w_high,SAFT,"Safety Insurance Group, Inc.",,,,,,
2026-09-28,52w_high,TECH,Bio-Techne Corp,,,,,,
2026-09-28,52w_high,TKNO,"Alpha Teknova, Inc.",,,,,,
2026-09-28,52w_high,TWIN,"Twin Disc, Incorporated",,,,,,
2026-09-28,52w_high,WEYS,"Weyco Group, Inc.",,,,,,
2026-09-28,52w_low,ABR,Arbor Realty Trust,,,,,,
2026-09-28,52w_low,ACH,"Accendra Health, Inc.",,,,,,
2026-09-28,52w_low,ACR,ACRES Commercial Realty Corp.,,,,,,
2026-09-28,52w_low,ALKT,"Alkami Technology, Inc.",,,,,,
2026-09-28,52w_low,ATO,Atmos Energy Corporation,,,,,,
2026-09-28,52w_low,AVA,Avista Corporation,,,,,,
2026-09-28,52w_low,BETR,Better Home & Finance Holding C,,,,,,
2026-09-28,52w_low,BHR,Braemar Hotels & Resorts Inc.,,,,,,
2026-09-28,52w_low,BLDR,"Builders FirstSource, Inc.",,,,,,
2026-09-28,52w_low,BNTC,Benitec Biopharma Inc.,,,,,,
2026-09-28,52w_low,BRSP,"BrightSpire Capital, Inc.",,,,,,
2026-09-28,52w_low,BUR,Burford Capital Limited,,,,,,
2026-09-28,52w_low,CABO,"Cable One, Inc.",,,,,,
2026-09-28,52w_low,CALM,"Cal-Maine Foods, Inc.",,,,,,
2026-09-28,52w_low,CCI,Crown Castle Inc.,,,,,,
2026-09-28,52w_low,CHTR,"Charter Communications, Inc.",,,,,,
2026-09-28,52w_low,CIM,Chimera Investment Corporation,,,,,,
2026-09-28,52w_low,CMCSA,Comcast Corporation,,,,,,
2026-09-28,52w_low,CMS,CMS Energy Corporation,,,,,,
2026-09-28,52w_low,CMTG,"Claros Mortgage Trust, Inc.",,,,,,
2026-09-28,52w_low,CNP,"CenterPoint Energy, Inc (Holdin",,,,,,
2026-09-28,52w_low,COUR,"Coursera, Inc.",,,,,,
2026-09-28,52w_low,CRBU,"Caribou Biosciences, Inc.",,,,,,
2026-09-28,52w_low,DFH,"Dream Finders Homes, Inc.",,,,,,
2026-09-28,52w_low,DOUG,Douglas Elliman Inc.,,,,,,
2026-09-28,52w_low,DTE,DTE Energy Company,,,,,,
2026-09-28,52w_low,EPRT,Essential Properties Realty Tru,,,,,,
2026-09-28,52w_low,EVLV,"Evolv Technologies Holdings, In",,,,,,
2026-09-28,52w_low,EXC,Exelon Corporation,,,,,,
2026-09-28,52w_low,FBRT,"Franklin BSP Realty Trust, Inc.",,,,,,
2026-09-28,52w_low,FINW,FinWise Bancorp,,,,,,
2026-09-28,52w_low,FLO,"Flowers Foods, Inc.",,,,,,
2026-09-28,52w_low,GEVO,"Gevo, Inc.",,,,,,
2026-09-28,52w_low,GOGO,Gogo Inc.,,,,,,
2026-09-28,52w_low,HE,"Hawaiian Electric Industries, I",,,,,,
2026-09-28,52w_low,HII,"Huntington Ingalls Industries, ",,,,,,
2026-09-28,52w_low,INSG,Inseego Corp.,,,,,,
2026-09-28,52w_low,IRT,"Independence Realty Trust, Inc.",,,,,,
2026-09-28,52w_low,JRVR,"James River Group Holdings, Inc",,,,,,
2026-09-28,52w_low,KRMD,"KORU Medical Systems, Inc.",,,,,,
2026-09-28,52w_low,LADR,Ladder Capital Corp,,,,,,
2026-09-28,52w_low,LENZ,"LENZ Therapeutics, Inc.",,,,,,
2026-09-28,52w_low,LNT,Alliant Energy Corporation,,,,,,
2026-09-28,52w_low,LOW,"Lowe's Companies, Inc.",,,,,,
2026-09-28,52w_low,LYEL,"Lyell Immunopharma, Inc.",,,,,,
2026-09-28,52w_low,MATW,Matthews International Corporat,,,,,,
2026-09-28,52w_low,MCD,McDonald's Corporation,,,,,,
2026-09-28,52w_low,METCB,"Ramaco Resources, Inc.",,,,,,
2026-09-28,52w_low,MIAX,"Miami International Holdings, I",,,,,,
2026-09-28,52w_low,MITT,"TPG Mortgage Investment Trust, ",,,,,,
2026-09-28,52w_low,MMS,"Maximus, Inc.",,,,,,
2026-09-28,52w_low,MTRX,Matrix Service Company,,,,,,
2026-09-28,52w_low,NATR,"Nature's Sunshine Products, Inc",,,,,,
2026-09-28,52w_low,NCMI,"National CineMedia, Inc.",,,,,,
2026-09-28,52w_low,NHI,"National Health Investors, Inc.",,,,,,
2026-09-28,52w_low,NMRA,"Neumora Therapeutics, Inc.",,,,,,
2026-09-28,52w_low,NXRT,"NexPoint Residential Trust, Inc",,,,,,
2026-09-28,52w_low,OGS,"ONE Gas, Inc.",,,,,,
2026-09-28,52w_low,ONIT,Onity Group Inc.,,,,,,
2026-09-28,52w_low,OPAL,OPAL Fuels Inc.,,,,,,
2026-09-28,52w_low,ORC,"Orchid Island Capital, Inc.",,,,,,
2026-09-28,52w_low,OXM,"Oxford Industries, Inc.",,,,,,
2026-09-28,52w_low,PATK,"Patrick Industries, Inc.",,,,,,
2026-09-28,52w_low,PCG,Pacific Gas & Electric Co.,,,,,,
2026-09-28,52w_low,PEP,"Pepsico, Inc.",,,,,,
2026-09-28,52w_low,PLBY,"Playboy, Inc.",,,,,,
2026-09-28,52w_low,PMT,PennyMac Mortgage Investment Tr,,,,,,
2026-09-28,52w_low,PPL,PPL Corporation,,,,,,
2026-09-28,52w_low,PTLO,Portillo's Inc.,,,,,,
2026-09-28,52w_low,RC,Ready Capital Corporation,,,,,,
2026-09-28,52w_low,RENT,"Rent the Runway, Inc.",,,,,,
2026-09-28,52w_low,ROL,"Rollins, Inc.",,,,,,
2026-09-28,52w_low,SFIX,"Stitch Fix, Inc.",,,,,,
2026-09-28,52w_low,SMID,Smith-Midland Corporation,,,,,,
2026-09-28,52w_low,SPRY,"ARS Pharmaceuticals, Inc.",,,,,,
2026-09-28,52w_low,SRE,DBA Sempra,,,,,,
2026-09-28,52w_low,STZ,"Constellation Brands, Inc.",,,,,,
2026-09-28,52w_low,TARA,"Protara Therapeutics, Inc.",,,,,,
2026-09-28,52w_low,TGLS,Tecnoglass Holdings Inc.,,,,,,
2026-09-28,52w_low,TRTX,"TPG RE Finance Trust, Inc.",,,,,,
2026-09-28,52w_low,TYGO,"Tigo Energy, Inc.",,,,,,
2026-09-28,52w_low,UPB,"Upstream Bio, Inc.",,,,,,
2026-09-28,52w_low,UVV,Universal Corporation,,,,,,
2026-09-28,52w_low,VYGR,"Voyager Therapeutics, Inc.",,,,,,
2026-09-28,52w_low,WEC,"WEC Energy Group, Inc.",,,,,,
2026-09-28,52w_low,WVE,"Wave Life Sciences, Inc.",,,,,,
2026-09-28,52w_low,XEL,Xcel Energy Inc.,,,,,,
2026-09-28,52w_low,ZTS,Zoetis Inc.,,,,,,
2026-09-28,breakout,ACA,ARCOSA,R2K,0.045,1,0.1,,
2026-09-28,breakout,AMD,"Advanced Micro Devices, Inc. Common Stock",NDX,0.75,1,0.0,,
2026-09-28,breakout,AMD,Advanced Micro Devices,SPX,0.556,1,0.0,,
2026-09-28,breakout,ATKR,ATKORE,R2K,0.565,2,72.8,,
2026-09-28,breakout,ATRC,ATRICURE,R2K,0.448,1,77.2,,
2026-09-28,breakout,CDNA,CAREDX,R2K,0.847,1,93.3,,
2026-09-28,breakout,CNXN,PC CONNECTION INC,R2K,0.525,1,0.0,,
2026-09-28,breakout,DBRG,DIGITALBRIDGE GROUP INC CLASS A,R2K,0.25,1,79.4,,
2026-09-28,breakout,DSGR,DISTRIBUTION SOLUTIONS GROUP,R2K,0.189,2,52.7,,
2026-09-28,breakout,HPE,Hewlett Packard Enterprise,SPX,0.535,1,0.0,,
2026-09-28,breakout,IBEX,IBEX LTD,R2K,0.438,1,0.0,,
2026-09-28,breakout,ILMN,"Illumina, Inc.",SPX,0.772,2,83.0,,
2026-09-28,breakout,IMAX,IMAX,R2K,0.089,1,0.0,,
2026-09-28,breakout,IOSP,INNOSPEC INC,R2K,0.264,2,48.4,,
2026-09-28,breakout,P,Everpure,SPX,0.607,1,0.0,,
2026-09-28,breakout,PRLB,PROTO LABS,R2K,0.453,1,0.0,,
2026-09-28,breakout,SAFT,SAFETY INSURANCE GROUP INC,R2K,0.186,1,0.1,,
2026-09-28,breakout,TECH,Bio-Techne,SPX,0.302,2,66.3,,
2026-09-28,breakout,WBD,"Warner Bros. Discovery, Inc. Series A Common Stock",NDX,0.25,2,78.5,,
2026-09-28,breakout,WBD,Warner Bros. Discovery,SPX,0.24,2,78.5,,
2026-09-28,deepvalue,AMPH,"Amphastar Pharmaceuticals, Inc.",R2K,0.628,,58.8,6,True
2026-09-28,deepvalue,APOG,"Apogee Enterprises, Inc.",R2K,0.669,,55.4,6,True
2026-09-28,deepvalue,APTV,Aptiv PLC,SPX,0.793,,54.8,8,True
2026-09-28,deepvalue,ARDT,"Ardent Health, Inc.",R2K,0.627,,47.8,8,True
2026-09-28,deepvalue,CARS,Cars.com Inc.,R2K,0.675,,47.4,7,True
2026-09-28,deepvalue,COLL,"Collegium Pharmaceutical, Inc.",R2K,0.655,,54.8,6,True
2026-09-28,deepvalue,CPRT,"Copart, Inc.",NDX,0.687,,56.8,7,True
2026-09-28,deepvalue,DXC,DXC Technology Company,R2K,0.639,,57.5,6,True
2026-09-28,deepvalue,FISV,"Fiserv, Inc.",SPX,0.629,,80.5,6,True
2026-09-28,deepvalue,ICFI,"ICF International, Inc.",R2K,0.643,,51.9,7,True
2026-09-28,deepvalue,INTU,Intuit Inc.,NDX,0.636,,65.5,7,True
2026-09-28,deepvalue,JBI,"Janus International Group, Inc.",R2K,0.637,,72.7,6,True
2026-09-28,deepvalue,LRN,"Stride, Inc.",R2K,0.636,,53.7,6,True
2026-09-28,deepvalue,MMS,"Maximus, Inc.",R2K,0.705,,46.0,7,True
2026-09-28,deepvalue,NFLX,"Netflix, Inc.",NDX,0.696,,46.9,7,True
2026-09-28,deepvalue,NKE,"Nike, Inc.",SPX,0.621,,68.8,7,True
2026-09-28,deepvalue,NRDS,"NerdWallet, Inc.",R2K,0.824,,49.9,8,True
2026-09-28,deepvalue,PNR,Pentair plc.,SPX,0.659,,51.8,9,True
2026-09-28,deepvalue,VRSK,"Verisk Analytics, Inc.",SPX,0.603,,46.6,8,True
2026-09-28,deepvalue,ZTS,Zoetis Inc.,SPX,0.706,,63.1,8,True
2026-09-29,52w_high,A,"Agilent Technologies, Inc.",,,,,,
2026-09-29,52w_high,ABBV,AbbVie Inc.,,,,,,
2026-09-29,52w_high,AGEN,Agenus Inc.,,,,,,
2026-09-29,52w_high,AMC,"AMC Entertainment Holdings, Inc",,,,,,
2026-09-29,52w_high,AMRX,"Amneal Pharmaceuticals, Inc.",,,,,,
2026-09-29,52w_high,ATKR,Atkore Inc.,,,,,,
2026-09-29,52w_high,BATRA,"Atlanta Braves Holdings, Inc. -",,,,,,
2026-09-29,52w_high,BATRK,"Atlanta Braves Holdings, Inc. -",,,,,,
2026-09-29,52w_high,BIIB,Biogen Inc.,,,,,,
2026-09-29,52w_high,BLFS,"BioLife Solutions, Inc.",,,,,,
2026-09-29,52w_high,CDNA,"CareDx, Inc.",,,,,,
2026-09-29,52w_high,CNK,Cinemark Holdings Inc Cinemark ,,,,,,
2026-09-29,52w_high,CNXN,"PC Connection, Inc.",,,,,,
2026-09-29,52w_high,CRCT,"Cricut, Inc.",,,,,,
2026-09-29,52w_high,DSGR,"Distribution Solutions Group, I",,,,,,
2026-09-29,52w_high,GIC,Global Industrial Company,,,,,,
2026-09-29,52w_high,GRAL,"GRAIL, Inc.",,,,,,
2026-09-29,52w_high,IMAX,Imax Corporation,,,,,,
2026-09-29,52w_high,IOSP,Innospec Inc.,,,,,,
2026-09-29,52w_high,IOVA,"Iovance Biotherapeutics, Inc.",,,,,,
2026-09-29,52w_high,KOD,Kodiak Sciences Inc,,,,,,
2026-09-29,52w_high,MASS,908 Devices Inc.,,,,,,
2026-09-29,52w_high,MTD,"Mettler-Toledo International, I",,,,,,
2026-09-29,52w_high,P,"Everpure, Inc.",,,,,,
2026-09-29,52w_high,PFBC,Preferred Bank,,,,,,
2026-09-29,52w_high,PRLB,"Proto Labs, Inc.",,,,,,
2026-09-29,52w_high,SGHT,"Sight Sciences, Inc.",,,,,,
2026-09-29,52w_high,TMO,Thermo Fisher Scientific Inc,,,,,,
2026-09-29,52w_high,TWIN,"Twin Disc, Incorporated",,,,,,
2026-09-29,52w_high,TXG,"10x Genomics, Inc.",,,,,,
2026-09-29,52w_high,VTRS,Viatris Inc.,,,,,,
2026-09-29,52w_high,WAT,Waters Corporation,,,,,,
2026-09-29,52w_high,WBD,"Warner Bros. Discovery, Inc. - ",,,,,,
2026-09-29,52w_high,WST,"West Pharmaceutical Services, I",,,,,,
2026-09-29,52w_low,ACAD,ACADIA Pharmaceuticals Inc.,,,,,,
2026-09-29,52w_low,ACH,"Accendra Health, Inc.",,,,,,
2026-09-29,52w_low,ADTN,"ADTRAN Holdings, Inc.",,,,,,
2026-09-29,52w_low,AIOT,"PowerFleet, Inc.",,,,,,
2026-09-29,52w_low,ALKT,"Alkami Technology, Inc.",,,,,,
2026-09-29,52w_low,AON,Aon plc,,,,,,
2026-09-29,52w_low,ARRY,"Array Technologies, Inc.",,,,,,
2026-09-29,52w_low,ASLE,AerSale Corporation,,,,,,
2026-09-29,52w_low,ASPI,ASP Isotopes Inc.,,,,,,
2026-09-29,52w_low,AVA,Avista Corporation,,,,,,
2026-09-29,52w_low,BETR,Better Home & Finance Holding C,,,,,,
2026-09-29,52w_low,BHR,Braemar Hotels & Resorts Inc.,,,,,,
2026-09-29,52w_low,BLDR,"Builders FirstSource, Inc.",,,,,,
2026-09-29,52w_low,BMBL,Bumble Inc.,,,,,,
2026-09-29,52w_low,CABA,"Cabaletta Bio, Inc.",,,,,,
2026-09-29,52w_low,CABO,"Cable One, Inc.",,,,,,
2026-09-29,52w_low,CALM,"Cal-Maine Foods, Inc.",,,,,,
2026-09-29,52w_low,CALX,"Calix, Inc",,,,,,
2026-09-29,52w_low,CCB,Coastal Financial Corporation,,,,,,
2026-09-29,52w_low,CCI,Crown Castle Inc.,,,,,,
2026-09-29,52w_low,CCOI,"Cogent Communications Holdings,",,,,,,
2026-09-29,52w_low,CHTR,"Charter Communications, Inc.",,,,,,
2026-09-29,52w_low,CIM,Chimera Investment Corporation,,,,,,
2026-09-29,52w_low,CLX,Clorox Company (The),,,,,,
2026-09-29,52w_low,CMCSA,Comcast Corporation,,,,,,
2026-09-29,52w_low,CMPX,"Compass Therapeutics, Inc.",,,,,,
2026-09-29,52w_low,CMTG,"Claros Mortgage Trust, Inc.",,,,,,
2026-09-29,52w_low,CNTX,Context Therapeutics Inc.,,,,,,
2026-09-29,52w_low,COUR,"Coursera, Inc.",,,,,,
2026-09-29,52w_low,CPS,Cooper-Standard Holdings Inc.,,,,,,
2026-09-29,52w_low,CRBU,"Caribou Biosciences, Inc.",,,,,,
2026-09-29,52w_low,CRH,CRH PLC,,,,,,
2026-09-29,52w_low,CSGP,"CoStar Group, Inc.",,,,,,
2026-09-29,52w_low,CSIQ,Canadian Solar Inc.,,,,,,
2026-09-29,52w_low,CWCO,Consolidated Water Co. Ltd.,,,,,,
2026-09-29,52w_low,DOUG,Douglas Elliman Inc.,,,,,,
2026-09-29,52w_low,DRUG,Bright Minds Biosciences Inc.,,,,,,
2026-09-29,52w_low,DTE,DTE Energy Company,,,,,,
2026-09-29,52w_low,EFX,"Equifax, Inc.",,,,,,
2026-09-29,52w_low,ENVX,Enovix Corporation,,,,,,
2026-09-29,52w_low,EPRT,Essential Properties Realty Tru,,,,,,
2026-09-29,52w_low,ERII,"Energy Recovery, Inc.",,,,,,
2026-09-29,52w_low,EVLV,"Evolv Technologies Holdings, In",,,,,,
2026-09-29,52w_low,EXE,Expand Energy Corporation,,,,,,
2026-09-29,52w_low,EYPT,"EyePoint, Inc.",,,,,,
2026-09-29,52w_low,FBRT,"Franklin BSP Realty Trust, Inc.",,,,,,
2026-09-29,52w_low,FICO,Fair Isaac Corporation,,,,,,
2026-09-29,52w_low,FIS,Fidelity National Information S,,,,,,
2026-09-29,52w_low,FLO,"Flowers Foods, Inc.",,,,,,
2026-09-29,52w_low,FMC,FMC Corporation,,,,,,
2026-09-29,52w_low,FOA,Finance of America Companies In,,,,,,
2026-09-29,52w_low,FUN,Six Flags Entertainment Corpora,,,,,,
2026-09-29,52w_low,FWRG,"First Watch Restaurant Group, I",,,,,,
2026-09-29,52w_low,GEVO,"Gevo, Inc.",,,,,,
2026-09-29,52w_low,GOGO,Gogo Inc.,,,,,,
2026-09-29,52w_low,GPGI,"GPGI, Inc.",,,,,,
2026-09-29,52w_low,GPI,"Group 1 Automotive, Inc.",,,,,,
2026-09-29,52w_low,HD,"Home Depot, Inc. (The)",,,,,,
2026-09-29,52w_low,HE,"Hawaiian Electric Industries, I",,,,,,
2026-09-29,52w_low,HII,"Huntington Ingalls Industries, ",,,,,,
2026-09-29,52w_low,HLMN,Hillman Solutions Corp.,,,,,,
2026-09-29,52w_low,IHRT,"iHeartMedia, Inc.",,,,,,
2026-09-29,52w_low,IIIV,"i3 Verticals, Inc.",,,,,,
2026-09-29,52w_low,INSE,"Inspired Entertainment, Inc.",,,,,,
2026-09-29,52w_low,INSG,Inseego Corp.,,,,,,
2026-09-29,52w_low,JBGS,JBG SMITH Properties,,,,,,
2026-09-29,52w_low,JRVR,"James River Group Holdings, Inc",,,,,,
2026-09-29,52w_low,KRMD,"KORU Medical Systems, Inc.",,,,,,
2026-09-29,52w_low,LADR,Ladder Capital Corp,,,,,,
2026-09-29,52w_low,LCID,"Lucid Group, Inc.",,,,,,
2026-09-29,52w_low,LDI,"loanDepot, Inc.",,,,,,
2026-09-29,52w_low,LMND,"Lemonade, Inc.",,,,,,
2026-09-29,52w_low,LNT,Alliant Energy Corporation,,,,,,
2026-09-29,52w_low,LOW,"Lowe's Companies, Inc.",,,,,,
2026-09-29,52w_low,LXEO,"Lexeo Therapeutics, Inc.",,,,,,
2026-09-29,52w_low,LYEL,"Lyell Immunopharma, Inc.",,,,,,
2026-09-29,52w_low,MBI,MBIA Inc.,,,,,,
2026-09-29,52w_low,MCD,McDonald's Corporation,,,,,,
2026-09-29,52w_low,METCB,"Ramaco Resources, Inc.",,,,,,
2026-09-29,52w_low,MGPI,"MGP Ingredients, Inc.",,,,,,
2026-09-29,52w_low,MIAX,"Miami International Holdings, I",,,,,,
2026-09-29,52w_low,MITT,"TPG Mortgage Investment Trust, ",,,,,,
2026-09-29,52w_low,MMS,"Maximus, Inc.",,,,,,
2026-09-29,52w_low,MTRX,Matrix Service Company,,,,,,
2026-09-29,52w_low,NATR,"Nature's Sunshine Products, Inc",,,,,,
2026-09-29,52w_low,NB,NioCorp Developments Ltd.,,,,,,
2026-09-29,52w_low,NHI,"National Health Investors, Inc.",,,,,,
2026-09-29,52w_low,NMRK,"Newmark Group, Inc.",,,,,,
2026-09-29,52w_low,NPB,"Northpointe Bancshares, Inc.",,,,,,
2026-09-29,52w_low,NXH,"Neighborhood Intelligence, Inc.",,,,,,
2026-09-29,52w_low,OGS,"ONE Gas, Inc.",,,,,,
2026-09-29,52w_low,OI,"O-I Glass, Inc.",,,,,,
2026-09-29,52w_low,ONIT,Onity Group Inc.,,,,,,
2026-09-29,52w_low,OPEN,Opendoor Technologies Inc,,,,,,
2026-09-29,52w_low,OPFI,OppFi Inc.,,,,,,
2026-09-29,52w_low,ORC,"Orchid Island Capital, Inc.",,,,,,
2026-09-29,52w_low,OSIS,"OSI Systems, Inc.",,,,,,
2026-09-29,52w_low,OXM,"Oxford Industries, Inc.",,,,,,
2026-09-29,52w_low,PAL,"Proficient Auto Logistics, Inc.",,,,,,
2026-09-29,52w_low,PCG,Pacific Gas & Electric Co.,,,,,,
2026-09-29,52w_low,PCT,"PureCycle Technologies, Inc.",,,,,,
2026-09-29,52w_low,PFSI,"PennyMac Financial Services, In",,,,,,
2026-09-29,52w_low,PLAY,"Dave & Buster's Entertainment, ",,,,,,
2026-09-29,52w_low,PLTK,Playtika Holding Corp.,,,,,,
2026-09-29,52w_low,PMT,PennyMac Mortgage Investment Tr,,,,,,
2026-09-29,52w_low,PTLO,Portillo's Inc.,,,,,,
2026-09-29,52w_low,RC,Ready Capital Corporation,,,,,,
2026-09-29,52w_low,RCKT,"Rocket Pharmaceuticals, Inc.",,,,,,
2026-09-29,52w_low,RENT,"Rent the Runway, Inc.",,,,,,
2026-09-29,52w_low,SAFE,Safehold Inc. New,,,,,,
2026-09-29,52w_low,SMID,Smith-Midland Corporation,,,,,,
2026-09-29,52w_low,SPRY,"ARS Pharmaceuticals, Inc.",,,,,,
2026-09-29,52w_low,SRE,DBA Sempra,,,,,,
2026-09-29,52w_low,SSTK,"Shutterstock, Inc.",,,,,,
2026-09-29,52w_low,STZ,"Constellation Brands, Inc.",,,,,,
2026-09-29,52w_low,TARA,"Protara Therapeutics, Inc.",,,,,,
2026-09-29,52w_low,TDUP,ThredUp Inc.,,,,,,
2026-09-29,52w_low,TGLS,Tecnoglass Holdings Inc.,,,,,,
2026-09-29,52w_low,THRY,"Thryv Holdings, Inc.",,,,,,
2026-09-29,52w_low,TRTX,"TPG RE Finance Trust, Inc.",,,,,,
2026-09-29,52w_low,TYGO,"Tigo Energy, Inc.",,,,,,
2026-09-29,52w_low,UAMY,United States Antimony Corporat,,,,,,
2026-09-29,52w_low,UPST,"Upstart Holdings, Inc.",,,,,,
2026-09-29,52w_low,USGO,U.S. GoldMining Inc.,,,,,,
2026-09-29,52w_low,UTI,Universal Technical Institute I,,,,,,
2026-09-29,52w_low,UVV,Universal Corporation,,,,,,
2026-09-29,52w_low,VEL,"Velocity Financial, Inc.",,,,,,
2026-09-29,52w_low,VENU,Venu Holding Corporation,,,,,,
2026-09-29,52w_low,VRRM,Verra Mobility Corporation,,,,,,
2026-09-29,52w_low,VYGR,"Voyager Therapeutics, Inc.",,,,,,
2026-09-29,52w_low,WVE,"Wave Life Sciences, Inc.",,,,,,
2026-09-29,52w_low,WY,Weyerhaeuser Company,,,,,,
2026-09-29,52w_low,XEL,Xcel Energy Inc.,,,,,,
2026-09-29,52w_low,XRAY,DENTSPLY SIRONA Inc.,,,,,,
2026-09-29,52w_low,XYL,Xylem Inc.,,,,,,
2026-09-29,52w_low,YELP,Yelp Inc.,,,,,,
2026-09-29,breakout,A,Agilent Technologies,SPX,0.582,1,0.0,,
2026-09-29,breakout,AGEN,AGENUS INC,R2K,0.777,2,98.7,,
2026-09-29,breakout,AMC,AMC ENTERTAINMENT HOLDINGS INC CLA,R2K,0.544,1,99.8,,
2026-09-29,breakout,AMRX,AMNEAL PHARMACEUTICALS INC CLASS A,R2K,0.414,1,0.0,,
2026-09-29,breakout,ATKR,ATKORE,R2K,0.477,2,72.8,,
2026-09-29,breakout,BIIB,Biogen,SPX,0.446,3,64.3,,
2026-09-29,breakout,BLFS,BIOLIFE SOLUTIONS,R2K,0.644,2,84.7,,
2026-09-29,breakout,CDNA,CAREDX,R2K,0.73,1,93.3,,
2026-09-29,breakout,CNK,CINEMARK HOLDINGS INC,R2K,0.405,1,0.0,,
2026-09-29,breakout,CNXN,PC CONNECTION INC,R2K,0.45,1,0.0,,
2026-09-29,breakout,IMAX,IMAX,R2K,0.425,1,0.0,,
2026-09-29,breakout,IOVA,IOVANCE BIOTHERAPEUTICS INC,R2K,0.687,1,94.0,,
2026-09-29,breakout,KOD,KODIAK SCIENCES,R2K,0.703,2,98.9,,
2026-09-29,breakout,P,Everpure,SPX,0.485,1,0.0,,
2026-09-29,breakout,PRLB,PROTO LABS,R2K,0.365,1,0.0,,
2026-09-29,breakout,TMO,Thermo Fisher Scientific,SPX,0.58,1,0.0,,
2026-09-29,breakout,TXG,10X GENOMICS CLASS A,R2K,0.673,2,96.1,,
2026-09-29,breakout,VTRS,Viatris,SPX,0.447,1,0.0,,
2026-09-29,breakout,WAT,Waters Corporation,SPX,0.532,1,0.0,,
2026-09-29,breakout,WST,West Pharmaceutical Services,SPX,0.448,2,59.3,,
2026-09-29,deepvalue,AMPH,"Amphastar Pharmaceuticals, Inc.",R2K,0.622,,56.8,6,True
2026-09-29,deepvalue,APOG,"Apogee Enterprises, Inc.",R2K,0.659,,56.3,6,True
2026-09-29,deepvalue,APTV,Aptiv PLC,SPX,0.782,,56.0,8,True
2026-09-29,deepvalue,ARDT,"Ardent Health, Inc.",R2K,0.621,,48.1,8,True
2026-09-29,deepvalue,CARS,Cars.com Inc.,R2K,0.663,,49.7,7,True
2026-09-29,deepvalue,COLL,"Collegium Pharmaceutical, Inc.",R2K,0.657,,54.6,6,True
2026-09-29,deepvalue,CPRT,"Copart, Inc.",NDX,0.687,,57.4,7,True
2026-09-29,deepvalue,DXC,DXC Technology Company,R2K,0.637,,58.7,6,True
2026-09-29,deepvalue,FISV,"Fiserv, Inc.",SPX,0.612,,80.7,6,True
2026-09-29,deepvalue,FSLR,"First Solar, Inc.",SPX,0.735,,45.6,8,True
2026-09-29,deepvalue,ICFI,"ICF International, Inc.",R2K,0.632,,52.2,7,True
2026-09-29,deepvalue,INTU,Intuit Inc.,NDX,0.636,,66.3,7,True
2026-09-29,deepvalue,JBI,"Janus International Group, Inc.",R2K,0.631,,72.0,6,True
2026-09-29,deepvalue,LRN,"Stride, Inc.",R2K,0.632,,54.9,6,True
2026-09-29,deepvalue,MMS,"Maximus, Inc.",R2K,0.694,,46.5,7,True
2026-09-29,deepvalue,NFLX,"Netflix, Inc.",NDX,0.696,,48.3,7,True
2026-09-29,deepvalue,NRDS,"NerdWallet, Inc.",R2K,0.824,,49.8,8,True
2026-09-29,deepvalue,PNR,Pentair plc.,SPX,0.65,,52.3,9,True
2026-09-29,deepvalue,RHLD,Resolute Holdings Management,R2K,0.747,,45.1,7,True
2026-09-29,deepvalue,ZTS,Zoetis Inc.,SPX,0.697,,62.9,8,True
2026-09-30,52w_high,AGEN,Agenus Inc.,,,,,,
2026-09-30,52w_high,ATKR,Atkore Inc.,,,,,,
2026-09-30,52w_high,DBRG,"DigitalBridge Group, Inc.",,,,,,
2026-09-30,52w_high,GRAL,"GRAIL, Inc.",,,,,,
2026-09-30,52w_high,HBB,Hamilton Beach Brands Holding C,,,,,,
2026-09-30,52w_high,IDT,IDT Corporation,,,,,,
2026-09-30,52w_high,IOVA,"Iovance Biotherapeutics, Inc.",,,,,,
2026-09-30,52w_high,P,"Everpure, Inc.",,,,,,
2026-09-30,52w_high,PUBM,"PubMatic, Inc.",,,,,,
2026-09-30,52w_high,SGHT,"Sight Sciences, Inc.",,,,,,
2026-09-30,52w_high,XERS,"Xeris Biopharma Holdings, Inc.",,,,,,
2026-09-30,52w_low,ABR,Arbor Realty Trust,,,,,,
2026-09-30,52w_low,ACH,"Accendra Health, Inc.",,,,,,
2026-09-30,52w_low,ACR,ACRES Commercial Realty Corp.,,,,,,
2026-09-30,52w_low,ADNT,Adient plc,,,,,,
2026-09-30,52w_low,ALKT,"Alkami Technology, Inc.",,,,,,
2026-09-30,52w_low,AMSF,"AMERISAFE, Inc.",,,,,,
2026-09-30,52w_low,APTV,Aptiv PLC,,,,,,
2026-09-30,52w_low,ARDX,"Ardelyx, Inc.",,,,,,
2026-09-30,52w_low,ASLE,AerSale Corporation,,,,,,
2026-09-30,52w_low,BBUC,Brookfield Business Corporation,,,,,,
2026-09-30,52w_low,BETR,Better Home & Finance Holding C,,,,,,
2026-09-30,52w_low,BHR,Braemar Hotels & Resorts Inc.,,,,,,
2026-09-30,52w_low,BLDR,"Builders FirstSource, Inc.",,,,,,
2026-09-30,52w_low,BLND,"Blend Labs, Inc.",,,,,,
2026-09-30,52w_low,BOOT,"Boot Barn Holdings, Inc.",,,,,,
2026-09-30,52w_low,BRBR,"BellRing Brands, Inc.",,,,,,
2026-09-30,52w_low,BRSP,"BrightSpire Capital, Inc.",,,,,,
2026-09-30,52w_low,BXMT,"Blackstone Mortgage Trust, Inc.",,,,,,
2026-09-30,52w_low,CABA,"Cabaletta Bio, Inc.",,,,,,
2026-09-30,52w_low,CABO,"Cable One, Inc.",,,,,,
2026-09-30,52w_low,CALX,"Calix, Inc",,,,,,
2026-09-30,52w_low,CCOI,"Cogent Communications Holdings,",,,,,,
2026-09-30,52w_low,CDRE,"Cadre Holdings, Inc.",,,,,,
2026-09-30,52w_low,CLB,Core Laboratories Inc.,,,,,,
2026-09-30,52w_low,CLVT,Clarivate Plc,,,,,,
2026-09-30,52w_low,CLX,Clorox Company (The),,,,,,
2026-09-30,52w_low,CMCSA,Comcast Corporation,,,,,,
2026-09-30,52w_low,CMPX,"Compass Therapeutics, Inc.",,,,,,
2026-09-30,52w_low,CNTB,Connect Biopharma Holdings Limi,,,,,,
2026-09-30,52w_low,CNTX,Context Therapeutics Inc.,,,,,,
2026-09-30,52w_low,COLL,"Collegium Pharmaceutical, Inc.",,,,,,
2026-09-30,52w_low,CPRT,"Copart, Inc.",,,,,,
2026-09-30,52w_low,CPS,Cooper-Standard Holdings Inc.,,,,,,
2026-09-30,52w_low,CRBP,Corbus Pharmaceuticals Holdings,,,,,,
2026-09-30,52w_low,CRH,CRH PLC,,,,,,
2026-09-30,52w_low,CSGP,"CoStar Group, Inc.",,,,,,
2026-09-30,52w_low,CWH,"Camping World Holdings, Inc.",,,,,,
2026-09-30,52w_low,CWK,Cushman & Wakefield Ltd.,,,,,,
2026-09-30,52w_low,DFH,"Dream Finders Homes, Inc.",,,,,,
2026-09-30,52w_low,DOUG,Douglas Elliman Inc.,,,,,,
2026-09-30,52w_low,EFX,"Equifax, Inc.",,,,,,
2026-09-30,52w_low,EPRT,Essential Properties Realty Tru,,,,,,
2026-09-30,52w_low,EVEX,"Eve Holding, Inc.",,,,,,
2026-09-30,52w_low,EXE,Expand Energy Corporation,,,,,,
2026-09-30,52w_low,FER,Ferrovial N.V.,,,,,,
2026-09-30,52w_low,FHTX,Foghorn Therapeutics Inc.,,,,,,
2026-09-30,52w_low,FICO,Fair Isaac Corporation,,,,,,
2026-09-30,52w_low,FINW,FinWise Bancorp,,,,,,
2026-09-30,52w_low,FIP,FTAI Infrastructure Inc.,,,,,,
2026-09-30,52w_low,FIS,Fidelity National Information S,,,,,,
2026-09-30,52w_low,FISV,"Fiserv, Inc.",,,,,,
2026-09-30,52w_low,FOA,Finance of America Companies In,,,,,,
2026-09-30,52w_low,FUN,Six Flags Entertainment Corpora,,,,,,
2026-09-30,52w_low,GEVO,"Gevo, Inc.",,,,,,
2026-09-30,52w_low,GOGO,Gogo Inc.,,,,,,
2026-09-30,52w_low,GPI,"Group 1 Automotive, Inc.",,,,,,
2026-09-30,52w_low,GT,The Goodyear Tire & Rubber Comp,,,,,,
2026-09-30,52w_low,HD,"Home Depot, Inc. (The)",,,,,,
2026-09-30,52w_low,IBP,"Installed Building Products, In",,,,,,
2026-09-30,52w_low,IDN,"Intellicheck, Inc.",,,,,,
2026-09-30,52w_low,IHRT,"iHeartMedia, Inc.",,,,,,
2026-09-30,52w_low,IIIV,"i3 Verticals, Inc.",,,,,,
2026-09-30,52w_low,INSE,"Inspired Entertainment, Inc.",,,,,,
2026-09-30,52w_low,JBGS,JBG SMITH Properties,,,,,,
2026-09-30,52w_low,JOBY,"Joby Aviation, Inc.",,,,,,
2026-09-30,52w_low,JRVR,"James River Group Holdings, Inc",,,,,,
2026-09-30,52w_low,KPTI,Karyopharm Therapeutics Inc.,,,,,,
2026-09-30,52w_low,KRMD,"KORU Medical Systems, Inc.",,,,,,
2026-09-30,52w_low,LCTX,"Lineage Cell Therapeutics, Inc.",,,,,,
2026-09-30,52w_low,LDI,"loanDepot, Inc.",,,,,,
2026-09-30,52w_low,LEU,Centrus Energy Corp.,,,,,,
2026-09-30,52w_low,LHX,"L3Harris Technologies, Inc.",,,,,,
2026-09-30,52w_low,LODE,Comstock Inc.,,,,,,
2026-09-30,52w_low,LOW,"Lowe's Companies, Inc.",,,,,,
2026-09-30,52w_low,LTBR,Lightbridge Corporation,,,,,,
2026-09-30,52w_low,LUMN,"Lumen Technologies, Inc.",,,,,,
2026-09-30,52w_low,LVS,Las Vegas Sands Corp.,,,,,,
2026-09-30,52w_low,LXEO,"Lexeo Therapeutics, Inc.",,,,,,
2026-09-30,52w_low,LYEL,"Lyell Immunopharma, Inc.",,,,,,
2026-09-30,52w_low,MBI,MBIA Inc.,,,,,,
2026-09-30,52w_low,MBUU,"Malibu Boats, Inc.",,,,,,
2026-09-30,52w_low,METC,"Ramaco Resources, Inc.",,,,,,
2026-09-30,52w_low,MIR,"Mirion Technologies, Inc.",,,,,,
2026-09-30,52w_low,MITT,"TPG Mortgage Investment Trust, ",,,,,,
2026-09-30,52w_low,MLM,"Martin Marietta Materials, Inc.",,,,,,
2026-09-30,52w_low,MMS,"Maximus, Inc.",,,,,,
2026-09-30,52w_low,MTRX,Matrix Service Company,,,,,,
2026-09-30,52w_low,MWA,MUELLER WATER PRODUCTS,,,,,,
2026-09-30,52w_low,MZTI,The Marzetti Company,,,,,,
2026-09-30,52w_low,NAGE,"Niagen Bioscience, Inc.",,,,,,
2026-09-30,52w_low,NATR,"Nature's Sunshine Products, Inc",,,,,,
2026-09-30,52w_low,NB,NioCorp Developments Ltd.,,,,,,
2026-09-30,52w_low,NMRA,"Neumora Therapeutics, Inc.",,,,,,
2026-09-30,52w_low,NMRK,"Newmark Group, Inc.",,,,,,
2026-09-30,52w_low,NPB,"Northpointe Bancshares, Inc.",,,,,,
2026-09-30,52w_low,NXH,"Neighborhood Intelligence, Inc.",,,,,,
2026-09-30,52w_low,NXRT,"NexPoint Residential Trust, Inc",,,,,,
2026-09-30,52w_low,OCFC,OceanFirst Financial Corp.,,,,,,
2026-09-30,52w_low,OI,"O-I Glass, Inc.",,,,,,
2026-09-30,52w_low,OPAL,OPAL Fuels Inc.,,,,,,
2026-09-30,52w_low,OPEN,Opendoor Technologies Inc,,,,,,
2026-09-30,52w_low,OPFI,OppFi Inc.,,,,,,
2026-09-30,52w_low,OSIS,"OSI Systems, Inc.",,,,,,
2026-09-30,52w_low,OTIS,Otis Worldwide Corporation,,,,,,
2026-09-30,52w_low,OXM,"Oxford Industries, Inc.",,,,,,
2026-09-30,52w_low,PAX,Patria Investments Limited,,,,,,
2026-09-30,52w_low,PCT,"PureCycle Technologies, Inc.",,,,,,
2026-09-30,52w_low,PEP,"Pepsico, Inc.",,,,,,
2026-09-30,52w_low,PFSI,"PennyMac Financial Services, In",,,,,,
2026-09-30,52w_low,PIPR,Piper Sandler Companies,,,,,,
2026-09-30,52w_low,PNR,Pentair plc.,,,,,,
2026-09-30,52w_low,PSFE,Paysafe Limited,,,,,,
2026-09-30,52w_low,PTLO,Portillo's Inc.,,,,,,
2026-09-30,52w_low,RC,Ready Capital Corporation,,,,,,
2026-09-30,52w_low,RCKT,"Rocket Pharmaceuticals, Inc.",,,,,,
2026-09-30,52w_low,REZI,"Resideo Technologies, Inc.",,,,,,
2026-09-30,52w_low,RUN,Sunrun Inc.,,,,,,
2026-09-30,52w_low,SAFE,Safehold Inc. New,,,,,,
2026-09-30,52w_low,SBAC,SBA Communications Corporation,,,,,,
2026-09-30,52w_low,SLVM,Sylvamo Corporation,,,,,,
2026-09-30,52w_low,SMID,Smith-Midland Corporation,,,,,,
2026-09-30,52w_low,SSTK,"Shutterstock, Inc.",,,,,,
2026-09-30,52w_low,STXS,"Stereotaxis, Inc.",,,,,,
2026-09-30,52w_low,STZ,"Constellation Brands, Inc.",,,,,,
2026-09-30,52w_low,TBBK,"The Bancorp, Inc.",,,,,,
2026-09-30,52w_low,TDUP,ThredUp Inc.,,,,,,
2026-09-30,52w_low,TGLS,Tecnoglass Holdings Inc.,,,,,,
2026-09-30,52w_low,THRY,"Thryv Holdings, Inc.",,,,,,
2026-09-30,52w_low,UAMY,United States Antimony Corporat,,,,,,
2026-09-30,52w_low,UPB,"Upstream Bio, Inc.",,,,,,
2026-09-30,52w_low,URG,Ur Energy Inc,,,,,,
2026-09-30,52w_low,USGO,U.S. GoldMining Inc.,,,,,,
2026-09-30,52w_low,UVV,Universal Corporation,,,,,,
2026-09-30,52w_low,VEL,"Velocity Financial, Inc.",,,,,,
2026-09-30,52w_low,VICI,VICI Properties Inc.,,,,,,
2026-09-30,52w_low,VMC,Vulcan Materials Company (Holdi,,,,,,
2026-09-30,52w_low,VRRM,Verra Mobility Corporation,,,,,,
2026-09-30,52w_low,VYGR,"Voyager Therapeutics, Inc.",,,,,,
2026-09-30,52w_low,WD,"Walker & Dunlop, Inc",,,,,,
2026-09-30,52w_low,WOOF,Petco Health and Wellness Compa,,,,,,
2026-09-30,52w_low,WVE,"Wave Life Sciences, Inc.",,,,,,
2026-09-30,52w_low,WY,Weyerhaeuser Company,,,,,,
2026-09-30,52w_low,WYNN,"Wynn Resorts, Limited",,,,,,
2026-09-30,52w_low,XRAY,DENTSPLY SIRONA Inc.,,,,,,
2026-09-30,52w_low,XYL,Xylem Inc.,,,,,,
2026-09-30,breakout,AGEN,AGENUS INC,R2K,0.664,2,98.7,,
2026-09-30,breakout,ATKR,ATKORE,R2K,0.505,2,72.8,,
2026-09-30,breakout,DBRG,DIGITALBRIDGE GROUP INC CLASS A,R2K,0.207,1,79.4,,
2026-09-30,breakout,DSGR,DISTRIBUTION SOLUTIONS GROUP,R2K,0.16,2,52.7,,
2026-09-30,breakout,IDT,IDT CLASS B,R2K,0.438,1,0.0,,
2026-09-30,breakout,IOVA,IOVANCE BIOTHERAPEUTICS INC,R2K,0.816,2,94.0,,
2026-09-30,breakout,P,Everpure,SPX,0.0,1,0.0,,
2026-09-30,breakout,PUBM,PUBMATIC CLASS A,R2K,0.543,2,84.3,,
2026-09-30,breakout,SAFT,SAFETY INSURANCE GROUP INC,R2K,0.105,1,0.1,,
2026-09-30,breakout,XERS,XERIS BIOPHARMA HOLDINGS,R2K,0.443,1,0.0,,
2026-09-30,deepvalue,AMPH,"Amphastar Pharmaceuticals, Inc.",R2K,0.622,,58.0,6,True
2026-09-30,deepvalue,APOG,"Apogee Enterprises, Inc.",R2K,0.659,,57.0,6,True
2026-09-30,deepvalue,APTV,Aptiv PLC,SPX,0.791,,56.2,8,True
2026-09-30,deepvalue,ARDT,"Ardent Health, Inc.",R2K,0.621,,47.6,8,True
2026-09-30,deepvalue,CARS,Cars.com Inc.,R2K,0.663,,49.5,7,True
2026-09-30,deepvalue,COLL,"Collegium Pharmaceutical, Inc.",R2K,0.657,,55.4,6,True
2026-09-30,deepvalue,CPRT,"Copart, Inc.",NDX,0.687,,57.5,7,True
2026-09-30,deepvalue,DXC,DXC Technology Company,R2K,0.637,,58.7,6,True
2026-09-30,deepvalue,FDS,FactSet Research Systems Inc.,SPX,0.615,,46.1,7,True
2026-09-30,deepvalue,FISV,"Fiserv, Inc.",SPX,0.614,,80.9,6,True
2026-09-30,deepvalue,FSLR,"First Solar, Inc.",SPX,0.733,,45.2,8,True
2026-09-30,deepvalue,ICFI,"ICF International, Inc.",R2K,0.632,,52.2,7,True
2026-09-30,deepvalue,INTU,Intuit Inc.,NDX,0.636,,66.4,7,True
2026-09-30,deepvalue,JBI,"Janus International Group, Inc.",R2K,0.631,,72.8,6,True
2026-09-30,deepvalue,LRN,"Stride, Inc.",R2K,0.632,,55.5,6,True
2026-09-30,deepvalue,MMS,"Maximus, Inc.",R2K,0.694,,45.5,7,True
2026-09-30,deepvalue,NFLX,"Netflix, Inc.",NDX,0.696,,47.5,7,True
2026-09-30,deepvalue,NRDS,"NerdWallet, Inc.",R2K,0.824,,49.7,8,True
2026-09-30,deepvalue,PNR,Pentair plc.,SPX,0.665,,51.9,9,True
2026-09-30,deepvalue,RHLD,Resolute Holdings Management,R2K,0.747,,46.9,7,True
2026-09-30,deepvalue,ZTS,Zoetis Inc.,SPX,0.701,,63.5,8,True
2026-10-01,52w_high,ATKR,Atkore Inc.,,,,,,
2026-10-01,52w_high,BLFS,"BioLife Solutions, Inc.",,,,,,
2026-10-01,52w_high,CBNK,"Capital Bancorp, Inc.",,,,,,
2026-10-01,52w_high,CRCT,"Cricut, Inc.",,,,,,
2026-10-01,52w_high,CRWD,"CrowdStrike Holdings, Inc.",,,,,,
2026-10-01,52w_high,DBRG,"DigitalBridge Group, Inc.",,,,,,
2026-10-01,52w_high,FOSL,"Fossil Group, Inc.",,,,,,
2026-10-01,52w_high,FTNT,"Fortinet, Inc.",,,,,,
2026-10-01,52w_high,GRAL,"GRAIL, Inc.",,,,,,
2026-10-01,52w_high,HBB,Hamilton Beach Brands Holding C,,,,,,
2026-10-01,52w_high,HNGE,"Hinge Health, Inc.",,,,,,
2026-10-01,52w_high,HPE,Hewlett Packard Enterprise Comp,,,,,,
2026-10-01,52w_high,HSTM,"HealthStream, Inc.",,,,,,
2026-10-01,52w_high,IDT,IDT Corporation,,,,,,
2026-10-01,52w_high,ILMN,"Illumina, Inc.",,,,,,
2026-10-01,52w_high,IOVA,"Iovance Biotherapeutics, Inc.",,,,,,
2026-10-01,52w_high,KMTS,"Kestra Medical Technologies, Lt",,,,,,
2026-10-01,52w_high,KOD,Kodiak Sciences Inc,,,,,,
2026-10-01,52w_high,MASS,908 Devices Inc.,,,,,,
2026-10-01,52w_high,NTAP,"NetApp, Inc.",,,,,,
2026-10-01,52w_high,OBIO,"Orchestra BioMed Holdings, Inc.",,,,,,
2026-10-01,52w_high,OSPN,OneSpan Inc.,,,,,,
2026-10-01,52w_high,P,"Everpure, Inc.",,,,,,
2026-10-01,52w_high,PANW,"Palo Alto Networks, Inc.",,,,,,
2026-10-01,52w_high,PBF,PBF Energy Inc.,,,,,,
2026-10-01,52w_high,PBYI,Puma Biotechnology Inc,,,,,,
2026-10-01,52w_high,PGEN,"Precigen, Inc.",,,,,,
2026-10-01,52w_high,RDVT,"Red Violet, Inc.",,,,,,
2026-10-01,52w_high,RVTY,"Revvity, Inc.",,,,,,
2026-10-01,52w_high,SDGR,"Schrodinger, Inc.",,,,,,
2026-10-01,52w_high,SGHT,"Sight Sciences, Inc.",,,,,,
2026-10-01,52w_high,TMO,Thermo Fisher Scientific Inc,,,,,,
2026-10-01,52w_high,TWST,Twist Bioscience Corporation,,,,,,
2026-10-01,52w_high,TXG,"10x Genomics, Inc.",,,,,,
2026-10-01,52w_high,WAT,Waters Corporation,,,,,,
2026-10-01,52w_high,WEYS,"Weyco Group, Inc.",,,,,,
2026-10-01,52w_low,ABG,Asbury Automotive Group Inc,,,,,,
2026-10-01,52w_low,ABR,Arbor Realty Trust,,,,,,
2026-10-01,52w_low,ACH,"Accendra Health, Inc.",,,,,,
2026-10-01,52w_low,ACRE,Ares Commercial Real Estate Cor,,,,,,
2026-10-01,52w_low,ADNT,Adient plc,,,,,,
2026-10-01,52w_low,ADTN,"ADTRAN Holdings, Inc.",,,,,,
2026-10-01,52w_low,ASLE,AerSale Corporation,,,,,,
2026-10-01,52w_low,AVXL,Anavex Life Sciences Corp.,,,,,,
2026-10-01,52w_low,BHR,Braemar Hotels & Resorts Inc.,,,,,,
2026-10-01,52w_low,BLDR,"Builders FirstSource, Inc.",,,,,,
2026-10-01,52w_low,BOOT,"Boot Barn Holdings, Inc.",,,,,,
2026-10-01,52w_low,BRSP,"BrightSpire Capital, Inc.",,,,,,
2026-10-01,52w_low,BXMT,"Blackstone Mortgage Trust, Inc.",,,,,,
2026-10-01,52w_low,CABA,"Cabaletta Bio, Inc.",,,,,,
2026-10-01,52w_low,CABO,"Cable One, Inc.",,,,,,
2026-10-01,52w_low,CALM,"Cal-Maine Foods, Inc.",,,,,,
2026-10-01,52w_low,CCI,Crown Castle Inc.,,,,,,
2026-10-01,52w_low,CDRE,"Cadre Holdings, Inc.",,,,,,
2026-10-01,52w_low,CIM,Chimera Investment Corporation,,,,,,
2026-10-01,52w_low,CLX,Clorox Company (The),,,,,,
2026-10-01,52w_low,CMPX,"Compass Therapeutics, Inc.",,,,,,
2026-10-01,52w_low,CNTX,Context Therapeutics Inc.,,,,,,
2026-10-01,52w_low,CPS,Cooper-Standard Holdings Inc.,,,,,,
2026-10-01,52w_low,CRH,CRH PLC,,,,,,
2026-10-01,52w_low,CVRX,"CVRx, Inc.",,,,,,
2026-10-01,52w_low,CWH,"Camping World Holdings, Inc.",,,,,,
2026-10-01,52w_low,CWK,Cushman & Wakefield Ltd.,,,,,,
2026-10-01,52w_low,DFH,"Dream Finders Homes, Inc.",,,,,,
2026-10-01,52w_low,DOUG,Douglas Elliman Inc.,,,,,,
2026-10-01,52w_low,EFX,"Equifax, Inc.",,,,,,
2026-10-01,52w_low,EPRT,Essential Properties Realty Tru,,,,,,
2026-10-01,52w_low,FBRT,"Franklin BSP Realty Trust, Inc.",,,,,,
2026-10-01,52w_low,FER,Ferrovial N.V.,,,,,,
2026-10-01,52w_low,FICO,Fair Isaac Corporation,,,,,,
2026-10-01,52w_low,FINW,FinWise Bancorp,,,,,,
2026-10-01,52w_low,FIS,Fidelity National Information S,,,,,,
2026-10-01,52w_low,FLO,"Flowers Foods, Inc.",,,,,,
2026-10-01,52w_low,FOA,Finance of America Companies In,,,,,,
2026-10-01,52w_low,GBFH,GBank Financial Holdings Inc.,,,,,,
2026-10-01,52w_low,GEVO,"Gevo, Inc.",,,,,,
2026-10-01,52w_low,GOGO,Gogo Inc.,,,,,,
2026-10-01,52w_low,GPI,"Group 1 Automotive, Inc.",,,,,,
2026-10-01,52w_low,GT,The Goodyear Tire & Rubber Comp,,,,,,
2026-10-01,52w_low,HD,"Home Depot, Inc. (The)",,,,,,
2026-10-01,52w_low,HGV,Hilton Grand Vacations Inc.,,,,,,
2026-10-01,52w_low,HLMN,Hillman Solutions Corp.,,,,,,
2026-10-01,52w_low,HUBG,"Hub Group, Inc.",,,,,,
2026-10-01,52w_low,IBP,"Installed Building Products, In",,,,,,
2026-10-01,52w_low,IDN,"Intellicheck, Inc.",,,,,,
2026-10-01,52w_low,IHRT,"iHeartMedia, Inc.",,,,,,
2026-10-01,52w_low,IIIV,"i3 Verticals, Inc.",,,,,,
2026-10-01,52w_low,INV,"Innventure, Inc.",,,,,,
2026-10-01,52w_low,IRT,"Independence Realty Trust, Inc.",,,,,,
2026-10-01,52w_low,JBTM,JBT Marel Corporation,,,,,,
2026-10-01,52w_low,KNF,Knife Riv Holding Co.,,,,,,
2026-10-01,52w_low,KRMD,"KORU Medical Systems, Inc.",,,,,,
2026-10-01,52w_low,LADR,Ladder Capital Corp,,,,,,
2026-10-01,52w_low,LDI,"loanDepot, Inc.",,,,,,
2026-10-01,52w_low,LII,"Lennox International, Inc.",,,,,,
2026-10-01,52w_low,LODE,Comstock Inc.,,,,,,
2026-10-01,52w_low,LOW,"Lowe's Companies, Inc.",,,,,,
2026-10-01,52w_low,LUCD,Lucid Diagnostics Inc.,,,,,,
2026-10-01,52w_low,LVS,Las Vegas Sands Corp.,,,,,,
2026-10-01,52w_low,LYEL,"Lyell Immunopharma, Inc.",,,,,,
2026-10-01,52w_low,MBUU,"Malibu Boats, Inc.",,,,,,
2026-10-01,52w_low,MCD,McDonald's Corporation,,,,,,
2026-10-01,52w_low,MFA,"MFA Financial, Inc.",,,,,,
2026-10-01,52w_low,MITT,"TPG Mortgage Investment Trust, ",,,,,,
2026-10-01,52w_low,MTRX,Matrix Service Company,,,,,,
2026-10-01,52w_low,MWA,MUELLER WATER PRODUCTS,,,,,,
2026-10-01,52w_low,MZTI,The Marzetti Company,,,,,,
2026-10-01,52w_low,NATR,"Nature's Sunshine Products, Inc",,,,,,
2026-10-01,52w_low,NHI,"National Health Investors, Inc.",,,,,,
2026-10-01,52w_low,NMRA,"Neumora Therapeutics, Inc.",,,,,,
2026-10-01,52w_low,NMRK,"Newmark Group, Inc.",,,,,,
2026-10-01,52w_low,NOC,Northrop Grumman Corporation,,,,,,
2026-10-01,52w_low,NPB,"Northpointe Bancshares, Inc.",,,,,,
2026-10-01,52w_low,NRG,"NRG Energy, Inc.",,,,,,
2026-10-01,52w_low,OCFC,OceanFirst Financial Corp.,,,,,,
2026-10-01,52w_low,ONIT,Onity Group Inc.,,,,,,
2026-10-01,52w_low,ONT,"Onterris, Inc.",,,,,,
2026-10-01,52w_low,OPFI,OppFi Inc.,,,,,,
2026-10-01,52w_low,ORC,"Orchid Island Capital, Inc.",,,,,,
2026-10-01,52w_low,OTIS,Otis Worldwide Corporation,,,,,,
2026-10-01,52w_low,OXM,"Oxford Industries, Inc.",,,,,,
2026-10-01,52w_low,PATK,"Patrick Industries, Inc.",,,,,,
2026-10-01,52w_low,PCT,"PureCycle Technologies, Inc.",,,,,,
2026-10-01,52w_low,PEP,"Pepsico, Inc.",,,,,,
2026-10-01,52w_low,PFSI,"PennyMac Financial Services, In",,,,,,
2026-10-01,52w_low,PLBY,"Playboy, Inc.",,,,,,
2026-10-01,52w_low,PMT,PennyMac Mortgage Investment Tr,,,,,,
2026-10-01,52w_low,PSFE,Paysafe Limited,,,,,,
2026-10-01,52w_low,RC,Ready Capital Corporation,,,,,,
2026-10-01,52w_low,REZI,"Resideo Technologies, Inc.",,,,,,
2026-10-01,52w_low,RM,Regional Management Corp.,,,,,,
2026-10-01,52w_low,ROL,"Rollins, Inc.",,,,,,
2026-10-01,52w_low,SAFE,Safehold Inc. New,,,,,,
2026-10-01,52w_low,SBAC,SBA Communications Corporation,,,,,,
2026-10-01,52w_low,SEVN,Seven Hills Realty Trust,,,,,,
2026-10-01,52w_low,SLVM,Sylvamo Corporation,,,,,,
2026-10-01,52w_low,SMID,Smith-Midland Corporation,,,,,,
2026-10-01,52w_low,STC,Stewart Information Services Co,,,,,,
2026-10-01,52w_low,STXS,"Stereotaxis, Inc.",,,,,,
2026-10-01,52w_low,TARA,"Protara Therapeutics, Inc.",,,,,,
2026-10-01,52w_low,TBBK,"The Bancorp, Inc.",,,,,,
2026-10-01,52w_low,TDUP,ThredUp Inc.,,,,,,
2026-10-01,52w_low,THRY,"Thryv Holdings, Inc.",,,,,,
2026-10-01,52w_low,TPB,"Turning Point Brands, Inc.",,,,,,
2026-10-01,52w_low,TRTX,"TPG RE Finance Trust, Inc.",,,,,,
2026-10-01,52w_low,UFPI,"UFP Industries, Inc.",,,,,,
2026-10-01,52w_low,UPST,"Upstart Holdings, Inc.",,,,,,
2026-10-01,52w_low,USGO,U.S. GoldMining Inc.,,,,,,
2026-10-01,52w_low,UTI,Universal Technical Institute I,,,,,,
2026-10-01,52w_low,UVV,Universal Corporation,,,,,,
2026-10-01,52w_low,VEL,"Velocity Financial, Inc.",,,,,,
2026-10-01,52w_low,VICI,VICI Properties Inc.,,,,,,
2026-10-01,52w_low,WD,"Walker & Dunlop, Inc",,,,,,
2026-10-01,52w_low,WGO,"Winnebago Industries, Inc.",,,,,,
2026-10-01,52w_low,WY,Weyerhaeuser Company,,,,,,
2026-10-01,52w_low,XRAY,DENTSPLY SIRONA Inc.,,,,,,
2026-10-01,breakout,CRWD,CrowdStrike,SPX,0.481,1,0.0,,
2026-10-01,breakout,FTNT,Fortinet,SPX,0.419,1,0.0,,
2026-10-01,breakout,HPE,Hewlett Packard Enterprise,SPX,0.548,1,0.0,,
2026-10-01,breakout,IDT,IDT CLASS B,R2K,0.422,1,0.0,,
2026-10-01,breakout,ILMN,"Illumina, Inc.",SPX,0.635,2,83.0,,
2026-10-01,breakout,IOVA,IOVANCE BIOTHERAPEUTICS INC,R2K,0.782,2,94.0,,
2026-10-01,breakout,KOD,KODIAK SCIENCES,R2K,0.664,2,98.9,,
2026-10-01,breakout,NTAP,NetApp,SPX,0.449,1,0.0,,
2026-10-01,breakout,P,Everpure,SPX,0.396,1,0.0,,
2026-10-01,breakout,PANW,Palo Alto Networks,SPX,0.479,1,0.0,,
2026-10-01,breakout,PANW,"Palo Alto Networks, Inc. Common Stock",NDX,0.375,1,0.0,,
2026-10-01,breakout,PBF,PBF ENERGY CLASS A,R2K,0.404,1,0.0,,
2026-10-01,breakout,PGEN,PRECIGEN,R2K,0.435,1,0.0,,
2026-10-01,breakout,RDVT,RED VIOLET INC,R2K,0.431,1,0.0,,
2026-10-01,breakout,RVTY,Revvity,SPX,0.689,2,59.0,,
2026-10-01,breakout,SDGR,SCHRODINGER INC,R2K,0.641,2,81.3,,
2026-10-01,breakout,TMO,Thermo Fisher Scientific,SPX,0.54,1,0.0,,
2026-10-01,breakout,TWST,TWIST BIOSCIENCE,R2K,0.505,1,0.0,,
2026-10-01,breakout,TXG,10X GENOMICS CLASS A,R2K,0.684,2,96.1,,
2026-10-01,breakout,WAT,Waters Corporation,SPX,0.419,1,0.0,,
2026-10-01,deepvalue,APP,Applovin Corporation,NDX,0.489,,60.4,9,True
2026-10-01,deepvalue,APTV,Aptiv PLC,SPX,0.793,,56.6,8,True
2026-10-01,deepvalue,BF-B,Brown Forman Inc,SPX,0.518,,53.5,6,True
2026-10-01,deepvalue,CARS,Cars.com Inc.,R2K,0.537,,50.4,7,True
2026-10-01,deepvalue,CPRT,"Copart, Inc.",NDX,0.647,,57.3,7,True
2026-10-01,deepvalue,CPRT,"Copart, Inc.",SPX,0.604,,57.3,7,True
2026-10-01,deepvalue,FISV,"Fiserv, Inc.",SPX,0.615,,81.0,6,True
2026-10-01,deepvalue,INTU,Intuit Inc.,NDX,0.633,,65.5,7,True
2026-10-01,deepvalue,INTU,Intuit Inc.,SPX,0.574,,65.5,7,True
2026-10-01,deepvalue,MMS,"Maximus, Inc.",R2K,0.556,,45.4,7,True
2026-10-01,deepvalue,NFLX,"Netflix, Inc.",NDX,0.641,,48.0,7,True
2026-10-01,deepvalue,NFLX,"Netflix, Inc.",SPX,0.493,,48.0,7,True
2026-10-01,deepvalue,NKE,"Nike, Inc.",SPX,0.594,,69.2,7,True
2026-10-01,deepvalue,NRDS,"NerdWallet, Inc.",R2K,0.794,,48.3,8,True
2026-10-01,deepvalue,PNR,Pentair plc.,SPX,0.658,,52.4,9,True
2026-10-01,deepvalue,RHLD,Resolute Holdings Management,R2K,0.694,,47.8,7,True
2026-10-01,deepvalue,STZ,"Constellation Brands, Inc.",SPX,0.55,,55.9,7,True
2026-10-01,deepvalue,TYL,"Tyler Technologies, Inc.",SPX,0.493,,50.7,7,True
2026-10-01,deepvalue,VRSK,"Verisk Analytics, Inc.",SPX,0.597,,47.1,8,True
2026-10-01,deepvalue,ZTS,Zoetis Inc.,SPX,0.702,,63.8,8,True
2026-10-02,52w_high,ALNT,Allient Inc.,,,,,,
2026-10-02,52w_high,ATKR,Atkore Inc.,,,,,,
2026-10-02,52w_high,CBNK,"Capital Bancorp, Inc.",,,,,,
2026-10-02,52w_high,CDNA,"CareDx, Inc.",,,,,,
2026-10-02,52w_high,CNXN,"PC Connection, Inc.",,,,,,
2026-10-02,52w_high,CRCT,"Cricut, Inc.",,,,,,
2026-10-02,52w_high,DBRG,"DigitalBridge Group, Inc.",,,,,,
2026-10-02,52w_high,DHT,"DHT Holdings, Inc.",,,,,,
2026-10-02,52w_high,EBF,"Ennis, Inc.",,,,,,
2026-10-02,52w_high,FOSL,"Fossil Group, Inc.",,,,,,
2026-10-02,52w_high,GIC,Global Industrial Company,,,,,,
2026-10-02,52w_high,GNE,Genie Energy Ltd.,,,,,,
2026-10-02,52w_high,GRAL,"GRAIL, Inc.",,,,,,
2026-10-02,52w_high,HNGE,"Hinge Health, Inc.",,,,,,
2026-10-02,52w_high,HPE,Hewlett Packard Enterprise Comp,,,,,,
2026-10-02,52w_high,HSTM,"HealthStream, Inc.",,,,,,
2026-10-02,52w_high,INSW,"International Seaways, Inc.",,,,,,
2026-10-02,52w_high,KEYS,Keysight Technologies Inc.,,,,,,
2026-10-02,52w_high,KOD,Kodiak Sciences Inc,,,,,,
2026-10-02,52w_high,LITE,Lumentum Holdings Inc.,,,,,,
2026-10-02,52w_high,LQDT,"Liquidity Services, Inc.",,,,,,
2026-10-02,52w_high,MASS,908 Devices Inc.,,,,,,
2026-10-02,52w_high,NTAP,"NetApp, Inc.",,,,,,
2026-10-02,52w_high,OBIO,"Orchestra BioMed Holdings, Inc.",,,,,,
2026-10-02,52w_high,P,"Everpure, Inc.",,,,,,
2026-10-02,52w_high,PAYS,"Paysign, Inc.",,,,,,
2026-10-02,52w_high,PBF,PBF Energy Inc.,,,,,,
2026-10-02,52w_high,PBYI,Puma Biotechnology Inc,,,,,,
2026-10-02,52w_high,PUBM,"PubMatic, Inc.",,,,,,
2026-10-02,52w_high,RDVT,"Red Violet, Inc.",,,,,,
2026-10-02,52w_high,RVTY,"Revvity, Inc.",,,,,,
2026-10-02,52w_high,SAFT,"Safety Insurance Group, Inc.",,,,,,
2026-10-02,52w_high,SBC,SBC Medical Group Holdings Inco,,,,,,
2026-10-02,52w_high,SCSC,"ScanSource, Inc.",,,,,,
2026-10-02,52w_high,SDGR,"Schrodinger, Inc.",,,,,,
2026-10-02,52w_high,SLAB,"Silicon Laboratories, Inc.",,,,,,
2026-10-02,52w_high,TWST,Twist Bioscience Corporation,,,,,,
2026-10-02,52w_high,WEYS,"Weyco Group, Inc.",,,,,,
2026-10-02,52w_low,ABR,Arbor Realty Trust,,,,,,
2026-10-02,52w_low,ACAD,ACADIA Pharmaceuticals Inc.,,,,,,
2026-10-02,52w_low,AOMR,"Angel Oak Mortgage REIT, Inc.",,,,,,
2026-10-02,52w_low,APP,Applovin Corporation,,,,,,
2026-10-02,52w_low,ARDX,"Ardelyx, Inc.",,,,,,
2026-10-02,52w_low,ASLE,AerSale Corporation,,,,,,
2026-10-02,52w_low,ASPI,ASP Isotopes Inc.,,,,,,
2026-10-02,52w_low,ATO,Atmos Energy Corporation,,,,,,
2026-10-02,52w_low,AVXL,Anavex Life Sciences Corp.,,,,,,
2026-10-02,52w_low,AZO,"AutoZone, Inc.",,,,,,
2026-10-02,52w_low,BLDR,"Builders FirstSource, Inc.",,,,,,
2026-10-02,52w_low,BLND,"Blend Labs, Inc.",,,,,,
2026-10-02,52w_low,BMBL,Bumble Inc.,,,,,,
2026-10-02,52w_low,BRBR,"BellRing Brands, Inc.",,,,,,
2026-10-02,52w_low,BRSP,"BrightSpire Capital, Inc.",,,,,,
2026-10-02,52w_low,BXMT,"Blackstone Mortgage Trust, Inc.",,,,,,
2026-10-02,52w_low,CABA,"Cabaletta Bio, Inc.",,,,,,
2026-10-02,52w_low,CABO,"Cable One, Inc.",,,,,,
2026-10-02,52w_low,CALM,"Cal-Maine Foods, Inc.",,,,,,
2026-10-02,52w_low,CCI,Crown Castle Inc.,,,,,,
2026-10-02,52w_low,CHTR,"Charter Communications, Inc.",,,,,,
2026-10-02,52w_low,CIA,"Citizens, Inc.",,,,,,
2026-10-02,52w_low,CIM,Chimera Investment Corporation,,,,,,
2026-10-02,52w_low,CLVT,Clarivate Plc,,,,,,
2026-10-02,52w_low,CLX,Clorox Company (The),,,,,,
2026-10-02,52w_low,CMPX,"Compass Therapeutics, Inc.",,,,,,
2026-10-02,52w_low,CMTG,"Claros Mortgage Trust, Inc.",,,,,,
2026-10-02,52w_low,CPRT,"Copart, Inc.",,,,,,
2026-10-02,52w_low,CRBP,Corbus Pharmaceuticals Holdings,,,,,,
2026-10-02,52w_low,CRH,CRH PLC,,,,,,
2026-10-02,52w_low,CTMX,"CytomX Therapeutics, Inc.",,,,,,
2026-10-02,52w_low,CTVA,"Corteva, Inc.",,,,,,
2026-10-02,52w_low,CVRX,"CVRx, Inc.",,,,,,
2026-10-02,52w_low,CWH,"Camping World Holdings, Inc.",,,,,,
2026-10-02,52w_low,DFH,"Dream Finders Homes, Inc.",,,,,,
2026-10-02,52w_low,DOUG,Douglas Elliman Inc.,,,,,,
2026-10-02,52w_low,DRUG,Bright Minds Biosciences Inc.,,,,,,
2026-10-02,52w_low,EPRT,Essential Properties Realty Tru,,,,,,
2026-10-02,52w_low,EVEX,"Eve Holding, Inc.",,,,,,
2026-10-02,52w_low,FBRT,"Franklin BSP Realty Trust, Inc.",,,,,,
2026-10-02,52w_low,FCPT,"Four Corners Property Trust, In",,,,,,
2026-10-02,52w_low,FER,Ferrovial N.V.,,,,,,
2026-10-02,52w_low,FHTX,Foghorn Therapeutics Inc.,,,,,,
2026-10-02,52w_low,FIP,FTAI Infrastructure Inc.,,,,,,
2026-10-02,52w_low,FISV,"Fiserv, Inc.",,,,,,
2026-10-02,52w_low,FLO,"Flowers Foods, Inc.",,,,,,
2026-10-02,52w_low,FMC,FMC Corporation,,,,,,
2026-10-02,52w_low,FRPH,"FRP Holdings, Inc.",,,,,,
2026-10-02,52w_low,GBFH,GBank Financial Holdings Inc.,,,,,,
2026-10-02,52w_low,GBX,"Greenbrier Companies, Inc. (The",,,,,,
2026-10-02,52w_low,GIS,"General Mills, Inc.",,,,,,
2026-10-02,52w_low,GOGO,Gogo Inc.,,,,,,
2026-10-02,52w_low,GT,The Goodyear Tire & Rubber Comp,,,,,,
2026-10-02,52w_low,HD,"Home Depot, Inc. (The)",,,,,,
2026-10-02,52w_low,HE,"Hawaiian Electric Industries, I",,,,,,
2026-10-02,52w_low,HGV,Hilton Grand Vacations Inc.,,,,,,
2026-10-02,52w_low,HLLY,Holley Inc.,,,,,,
2026-10-02,52w_low,HLMN,Hillman Solutions Corp.,,,,,,
2026-10-02,52w_low,HNRG,Hallador Energy Company,,,,,,
2026-10-02,52w_low,IBP,"Installed Building Products, In",,,,,,
2026-10-02,52w_low,IDN,"Intellicheck, Inc.",,,,,,
2026-10-02,52w_low,INV,"Innventure, Inc.",,,,,,
2026-10-02,52w_low,IVR,INVESCO MORTGAGE CAPITAL INC,,,,,,
2026-10-02,52w_low,JOBY,"Joby Aviation, Inc.",,,,,,
2026-10-02,52w_low,KPTI,Karyopharm Therapeutics Inc.,,,,,,
2026-10-02,52w_low,KRMD,"KORU Medical Systems, Inc.",,,,,,
2026-10-02,52w_low,LADR,Ladder Capital Corp,,,,,,
2026-10-02,52w_low,LCTX,"Lineage Cell Therapeutics, Inc.",,,,,,
2026-10-02,52w_low,LEU,Centrus Energy Corp.,,,,,,
2026-10-02,52w_low,LODE,Comstock Inc.,,,,,,
2026-10-02,52w_low,LOW,"Lowe's Companies, Inc.",,,,,,
2026-10-02,52w_low,LTBR,Lightbridge Corporation,,,,,,
2026-10-02,52w_low,LUCD,Lucid Diagnostics Inc.,,,,,,
2026-10-02,52w_low,LVS,Las Vegas Sands Corp.,,,,,,
2026-10-02,52w_low,MAA,Mid-America Apartment Communiti,,,,,,
2026-10-02,52w_low,MATW,Matthews International Corporat,,,,,,
2026-10-02,52w_low,MBI,MBIA Inc.,,,,,,
2026-10-02,52w_low,MBUU,"Malibu Boats, Inc.",,,,,,
2026-10-02,52w_low,METC,"Ramaco Resources, Inc.",,,,,,
2026-10-02,52w_low,MFA,"MFA Financial, Inc.",,,,,,
2026-10-02,52w_low,MGM,MGM Resorts International,,,,,,
2026-10-02,52w_low,MITT,"TPG Mortgage Investment Trust, ",,,,,,
2026-10-02,52w_low,MKC,"McCormick & Company, Incorporat",,,,,,
2026-10-02,52w_low,MLM,"Martin Marietta Materials, Inc.",,,,,,
2026-10-02,52w_low,MZTI,The Marzetti Company,,,,,,
2026-10-02,52w_low,NAGE,"Niagen Bioscience, Inc.",,,,,,
2026-10-02,52w_low,NATR,"Nature's Sunshine Products, Inc",,,,,,
2026-10-02,52w_low,NC,"NACCO Industries, Inc.",,,,,,
2026-10-02,52w_low,NCMI,"National CineMedia, Inc.",,,,,,
2026-10-02,52w_low,NHI,"National Health Investors, Inc.",,,,,,
2026-10-02,52w_low,NMRA,"Neumora Therapeutics, Inc.",,,,,,
2026-10-02,52w_low,NUS,"Nu Skin Enterprises, Inc.",,,,,,
2026-10-02,52w_low,NXH,"Neighborhood Intelligence, Inc.",,,,,,
2026-10-02,52w_low,NXRT,"NexPoint Residential Trust, Inc",,,,,,
2026-10-02,52w_low,O,Realty Income Corporation,,,,,,
2026-10-02,52w_low,OCFC,OceanFirst Financial Corp.,,,,,,
2026-10-02,52w_low,OGS,"ONE Gas, Inc.",,,,,,
2026-10-02,52w_low,ONIT,Onity Group Inc.,,,,,,
2026-10-02,52w_low,ONT,"Onterris, Inc.",,,,,,
2026-10-02,52w_low,OPAL,OPAL Fuels Inc.,,,,,,
2026-10-02,52w_low,OPEN,Opendoor Technologies Inc,,,,,,
2026-10-02,52w_low,OPFI,OppFi Inc.,,,,,,
2026-10-02,52w_low,ORA,"Ormat Technologies, Inc.",,,,,,
2026-10-02,52w_low,ORC,"Orchid Island Capital, Inc.",,,,,,
2026-10-02,52w_low,PAL,"Proficient Auto Logistics, Inc.",,,,,,
2026-10-02,52w_low,PATK,"Patrick Industries, Inc.",,,,,,
2026-10-02,52w_low,PCT,"PureCycle Technologies, Inc.",,,,,,
2026-10-02,52w_low,PEP,"Pepsico, Inc.",,,,,,
2026-10-02,52w_low,PFSI,"PennyMac Financial Services, In",,,,,,
2026-10-02,52w_low,PLBY,"Playboy, Inc.",,,,,,
2026-10-02,52w_low,PLTK,Playtika Holding Corp.,,,,,,
2026-10-02,52w_low,PMT,PennyMac Mortgage Investment Tr,,,,,,
2026-10-02,52w_low,PNR,Pentair plc.,,,,,,
2026-10-02,52w_low,PODD,Insulet Corporation,,,,,,
2026-10-02,52w_low,PSFE,Paysafe Limited,,,,,,
2026-10-02,52w_low,RAIL,"Freightcar America, Inc.",,,,,,
2026-10-02,52w_low,RC,Ready Capital Corporation,,,,,,
2026-10-02,52w_low,REZI,"Resideo Technologies, Inc.",,,,,,
2026-10-02,52w_low,RRR,"Red Rock Resorts, Inc.",,,,,,
2026-10-02,52w_low,SAFE,Safehold Inc. New,,,,,,
2026-10-02,52w_low,SBAC,SBA Communications Corporation,,,,,,
2026-10-02,52w_low,SEVN,Seven Hills Realty Trust,,,,,,
2026-10-02,52w_low,SSTK,"Shutterstock, Inc.",,,,,,
2026-10-02,52w_low,STC,Stewart Information Services Co,,,,,,
2026-10-02,52w_low,STXS,"Stereotaxis, Inc.",,,,,,
2026-10-02,52w_low,TARA,"Protara Therapeutics, Inc.",,,,,,
2026-10-02,52w_low,TBBK,"The Bancorp, Inc.",,,,,,
2026-10-02,52w_low,THRY,"Thryv Holdings, Inc.",,,,,,
2026-10-02,52w_low,TKO,"TKO Group Holdings, Inc.",,,,,,
2026-10-02,52w_low,TMUS,"T-Mobile US, Inc.",,,,,,
2026-10-02,52w_low,TPB,"Turning Point Brands, Inc.",,,,,,
2026-10-02,52w_low,TREE,"LendingTree, Inc.",,,,,,
2026-10-02,52w_low,TRTX,"TPG RE Finance Trust, Inc.",,,,,,
2026-10-02,52w_low,UAMY,United States Antimony Corporat,,,,,,
2026-10-02,52w_low,UFPI,"UFP Industries, Inc.",,,,,,
2026-10-02,52w_low,UPB,"Upstream Bio, Inc.",,,,,,
2026-10-02,52w_low,UPST,"Upstart Holdings, Inc.",,,,,,
2026-10-02,52w_low,URG,Ur Energy Inc,,,,,,
2026-10-02,52w_low,UVV,Universal Corporation,,,,,,
2026-10-02,52w_low,VEL,"Velocity Financial, Inc.",,,,,,
2026-10-02,52w_low,VENU,Venu Holding Corporation,,,,,,
2026-10-02,52w_low,VERI,"Veritone, Inc.",,,,,,
2026-10-02,52w_low,VICI,VICI Properties Inc.,,,,,,
2026-10-02,52w_low,VMC,Vulcan Materials Company (Holdi,,,,,,
2026-10-02,52w_low,WD,"Walker & Dunlop, Inc",,,,,,
2026-10-02,52w_low,WGO,"Winnebago Industries, Inc.",,,,,,
2026-10-02,52w_low,WOOF,Petco Health and Wellness Compa,,,,,,
2026-10-02,52w_low,WY,Weyerhaeuser Company,,,,,,
2026-10-02,52w_low,WYNN,"Wynn Resorts, Limited",,,,,,
2026-10-02,52w_low,XRAY,DENTSPLY SIRONA Inc.,,,,,,
2026-10-02,52w_low,XYL,Xylem Inc.,,,,,,
2026-10-02,breakout,ATKR,ATKORE,R2K,0.442,2,72.8,,
2026-10-02,breakout,CDNA,CAREDX,R2K,0.865,1,93.3,,
2026-10-02,breakout,CNXN,PC CONNECTION INC,R2K,0.484,1,0.0,,
2026-10-02,breakout,DHT,DHT HOLDINGS,R2K,0.463,1,0.0,,
2026-10-02,breakout,GIC,GLOBAL INDUSTRIAL,R2K,0.452,1,0.0,,
2026-10-02,breakout,HPE,Hewlett Packard Enterprise,SPX,0.487,1,0.0,,
2026-10-02,breakout,INSW,INTERNATIONAL SEAWAYS,R2K,0.443,1,0.0,,
2026-10-02,breakout,KOD,KODIAK SCIENCES,R2K,0.678,1,98.9,,
2026-10-02,breakout,LITE,Lumentum Holdings Inc. Common Stock,NDX,0.55,1,0.0,,
2026-10-02,breakout,NTAP,NetApp,SPX,0.504,1,0.0,,
2026-10-02,breakout,P,Everpure,SPX,0.467,1,0.0,,
2026-10-02,breakout,PAYS,PAYSIGN INC,R2K,0.566,1,0.0,,
2026-10-02,breakout,PBF,PBF ENERGY CLASS A,R2K,0.468,1,0.0,,
2026-10-02,breakout,PUBM,PUBMATIC CLASS A,R2K,0.65,2,84.3,,
2026-10-02,breakout,RDVT,RED VIOLET INC,R2K,0.431,1,0.0,,
2026-10-02,breakout,RVTY,Revvity,SPX,0.679,2,59.0,,
2026-10-02,breakout,SCSC,SCANSOURCE,R2K,0.439,1,0.0,,
2026-10-02,breakout,SDGR,SCHRODINGER INC,R2K,0.76,2,81.3,,
2026-10-02,breakout,TWST,TWIST BIOSCIENCE,R2K,0.503,1,0.0,,
2026-10-02,breakout,WBD,"Warner Bros. Discovery, Inc. Series A Common Stock",NDX,0.45,2,78.5,,
2026-10-02,deepvalue,APP,Applovin Corporation,NDX,0.489,,62.3,9,True
2026-10-02,deepvalue,APTV,Aptiv PLC,SPX,0.786,,56.1,8,True
2026-10-02,deepvalue,BF-B,Brown Forman Inc,SPX,0.497,,54.2,6,True
2026-10-02,deepvalue,CARS,Cars.com Inc.,R2K,0.528,,54.2,7,True
2026-10-02,deepvalue,CPRT,"Copart, Inc.",NDX,0.647,,57.5,7,True
2026-10-02,deepvalue,CPRT,"Copart, Inc.",SPX,0.569,,57.5,7,True
2026-10-02,deepvalue,FISV,"Fiserv, Inc.",SPX,0.614,,81.0,6,True
2026-10-02,deepvalue,FSLR,"First Solar, Inc.",SPX,0.733,,45.6,8,True
2026-10-02,deepvalue,INTU,Intuit Inc.,NDX,0.633,,64.8,7,True
2026-10-02,deepvalue,INTU,Intuit Inc.,SPX,0.545,,64.8,7,True
2026-10-02,deepvalue,LVS,Las Vegas Sands Corp.,SPX,0.63,,46.3,8,True
2026-10-02,deepvalue,NFLX,"Netflix, Inc.",NDX,0.641,,49.2,7,True
2026-10-02,deepvalue,NKE,"Nike, Inc.",SPX,0.569,,68.7,7,True
2026-10-02,deepvalue,NRDS,"NerdWallet, Inc.",R2K,0.748,,50.2,8,True
2026-10-02,deepvalue,PNR,Pentair plc.,SPX,0.645,,52.8,9,True
2026-10-02,deepvalue,RHLD,Resolute Holdings Management,R2K,0.722,,47.0,7,True
2026-10-02,deepvalue,STZ,"Constellation Brands, Inc.",SPX,0.522,,56.0,7,True
2026-10-02,deepvalue,TYL,"Tyler Technologies, Inc.",SPX,0.479,,49.3,7,True
2026-10-02,deepvalue,VRSK,"Verisk Analytics, Inc.",SPX,0.585,,46.6,8,True
2026-10-02,deepvalue,ZTS,Zoetis Inc.,SPX,0.695,,63.7,8,True
2026-10-03,52w_high,ALNT,ALNT,,,,,,
2026-10-03,52w_high,AMD,AMD,,,,,,
2026-10-03,52w_high,AMN,AMN,,,,,,
2026-10-03,52w_high,AMPL,AMPL,,,,,,
2026-10-03,52w_high,ATKR,ATKR,,,,,,
2026-10-03,52w_high,CBNK,CBNK,,,,,,
2026-10-03,52w_high,CDNA,CDNA,,,,,,
2026-10-03,52w_high,CHEF,CHEF,,,,,,
2026-10-03,52w_high,CNXN,CNXN,,,,,,
2026-10-03,52w_high,COHU,COHU,,,,,,
2026-10-03,52w_high,CRCT,CRCT,,,,,,
2026-10-03,52w_high,CRWD,CRWD,,,,,,
2026-10-03,52w_high,CVI,CVI,,,,,,
2026-10-03,52w_high,DBRG,DBRG,,,,,,
2026-10-03,52w_high,EBF,EBF,,,,,,
2026-10-03,52w_high,FBLA,FBLA,,,,,,
2026-10-03,52w_high,FFIV,FFIV,,,,,,
2026-10-03,52w_high,FTNT,FTNT,,,,,,
2026-10-03,52w_high,GIC,GIC,,,,,,
2026-10-03,52w_high,GNE,GNE,,,,,,
2026-10-03,52w_high,HPE,HPE,,,,,,
2026-10-03,52w_high,HSTM,HSTM,,,,,,
2026-10-03,52w_high,INSW,INSW,,,,,,
2026-10-03,52w_high,JAKK,JAKK,,,,,,
2026-10-03,52w_high,JCI,JCI,,,,,,
2026-10-03,52w_high,JILL,JILL,,,,,,
2026-10-03,52w_high,KEYS,KEYS,,,,,,
2026-10-03,52w_high,KRT,KRT,,,,,,
2026-10-03,52w_high,LEGH,LEGH,,,,,,
2026-10-03,52w_high,LIND,LIND,,,,,,
2026-10-03,52w_high,LITE,LITE,,,,,,
2026-10-03,52w_high,MASS,MASS,,,,,,
2026-10-03,52w_high,MTRN,MTRN,,,,,,
2026-10-03,52w_high,MTW,MTW,,,,,,
2026-10-03,52w_high,NAT,NAT,,,,,,
2026-10-03,52w_high,NDSN,NDSN,,,,,,
2026-10-03,52w_high,NTAP,NTAP,,,,,,
2026-10-03,52w_high,NVDA,NVDA,,,,,,
2026-10-03,52w_high,P,P,,,,,,
2026-10-03,52w_high,PANW,PANW,,,,,,
2026-10-03,52w_high,PRLB,PRLB,,,,,,
2026-10-03,52w_high,QQQ,QQQ,,,,,,
2026-10-03,52w_high,SAFT,SAFT,,,,,,
2026-10-03,52w_high,SCSC,SCSC,,,,,,
2026-10-03,52w_high,TNK,TNK,,,,,,
2026-10-03,52w_high,TWIN,TWIN,,,,,,
2026-10-03,52w_high,TXG,TXG,,,,,,
2026-10-03,52w_high,WEYS,WEYS,,,,,,
2026-10-03,52w_low,ABR,ABR,,,,,,
2026-10-03,52w_low,ACH,ACH,,,,,,
2026-10-03,52w_low,AOMR,AOMR,,,,,,
2026-10-03,52w_low,AON,AON,,,,,,
2026-10-03,52w_low,APP,APP,,,,,,
2026-10-03,52w_low,ARDX,ARDX,,,,,,
2026-10-03,52w_low,AVXL,AVXL,,,,,,
2026-10-03,52w_low,BLDR,BLDR,,,,,,
2026-10-03,52w_low,BLND,BLND,,,,,,
2026-10-03,52w_low,BMBL,BMBL,,,,,,
2026-10-03,52w_low,BNTC,BNTC,,,,,,
2026-10-03,52w_low,BRSP,BRSP,,,,,,
2026-10-03,52w_low,BXMT,BXMT,,,,,,
2026-10-03,52w_low,CABA,CABA,,,,,,
2026-10-03,52w_low,CALM,CALM,,,,,,
2026-10-03,52w_low,CCI,CCI,,,,,,
2026-10-03,52w_low,CDRE,CDRE,,,,,,
2026-10-03,52w_low,CHTR,CHTR,,,,,,
2026-10-03,52w_low,CIM,CIM,,,,,,
2026-10-03,52w_low,CLVT,CLVT,,,,,,
2026-10-03,52w_low,CLX,CLX,,,,,,
2026-10-03,52w_low,CMCSA,CMCSA,,,,,,
2026-10-03,52w_low,CMTG,CMTG,,,,,,
2026-10-03,52w_low,CNTB,CNTB,,,,,,
2026-10-03,52w_low,CRBP,CRBP,,,,,,
2026-10-03,52w_low,CTMX,CTMX,,,,,,
2026-10-03,52w_low,CTVA,CTVA,,,,,,
2026-10-03,52w_low,DNUT,DNUT,,,,,,
2026-10-03,52w_low,ENOV,ENOV,,,,,,
2026-10-03,52w_low,EVEX,EVEX,,,,,,
2026-10-03,52w_low,EVLV,EVLV,,,,,,
2026-10-03,52w_low,EYPT,EYPT,,,,,,
2026-10-03,52w_low,FBRT,FBRT,,,,,,
2026-10-03,52w_low,FHTX,FHTX,,,,,,
2026-10-03,52w_low,FIS,FIS,,,,,,
2026-10-03,52w_low,FISV,FISV,,,,,,
2026-10-03,52w_low,FLO,FLO,,,,,,
2026-10-03,52w_low,FMC,FMC,,,,,,
2026-10-03,52w_low,FRPH,FRPH,,,,,,
2026-10-03,52w_low,GEVO,GEVO,,,,,,
2026-10-03,52w_low,GOGO,GOGO,,,,,,
2026-10-03,52w_low,GT,GT,,,,,,
2026-10-03,52w_low,HLLY,HLLY,,,,,,
2026-10-03,52w_low,IDN,IDN,,,,,,
2026-10-03,52w_low,IHRT,IHRT,,,,,,
2026-10-03,52w_low,IVR,IVR,,,,,,
2026-10-03,52w_low,JOBY,JOBY,,,,,,
2026-10-03,52w_low,KLC,KLC,,,,,,
2026-10-03,52w_low,KPTI,KPTI,,,,,,
2026-10-03,52w_low,LADR,LADR,,,,,,
2026-10-03,52w_low,LENZ,LENZ,,,,,,
2026-10-03,52w_low,LHX,LHX,,,,,,
2026-10-03,52w_low,LOW,LOW,,,,,,
2026-10-03,52w_low,LULU,LULU,,,,,,
2026-10-03,52w_low,LVS,LVS,,,,,,
2026-10-03,52w_low,MAA,MAA,,,,,,
2026-10-03,52w_low,MFA,MFA,,,,,,
2026-10-03,52w_low,MGM,MGM,,,,,,
2026-10-03,52w_low,MIAX,MIAX,,,,,,
2026-10-03,52w_low,NAGE,NAGE,,,,,,
2026-10-03,52w_low,NATR,NATR,,,,,,
2026-10-03,52w_low,NC,NC,,,,,,
2026-10-03,52w_low,NCMI,NCMI,,,,,,
2026-10-03,52w_low,NFLX,NFLX,,,,,,
2026-10-03,52w_low,NKE,NKE,,,,,,
2026-10-03,52w_low,NMRA,NMRA,,,,,,
2026-10-03,52w_low,NOC,NOC,,,,,,
2026-10-03,52w_low,NRG,NRG,,,,,,
2026-10-03,52w_low,NXH,NXH,,,,,,
2026-10-03,52w_low,NXRT,NXRT,,,,,,
2026-10-03,52w_low,ONIT,ONIT,,,,,,
2026-10-03,52w_low,ORC,ORC,,,,,,
2026-10-03,52w_low,OTIS,OTIS,,,,,,
2026-10-03,52w_low,PEP,PEP,,,,,,
2026-10-03,52w_low,PFSI,PFSI,,,,,,
2026-10-03,52w_low,PHAT,PHAT,,,,,,
2026-10-03,52w_low,PSFE,PSFE,,,,,,
2026-10-03,52w_low,PZZA,PZZA,,,,,,
2026-10-03,52w_low,RCKT,RCKT,,,,,,
2026-10-03,52w_low,SEVN,SEVN,,,,,,
2026-10-03,52w_low,SLVM,SLVM,,,,,,
2026-10-03,52w_low,SMID,SMID,,,,,,
2026-10-03,52w_low,SSTK,SSTK,,,,,,
2026-10-03,52w_low,STZ,STZ,,,,,,
2026-10-03,52w_low,TARA,TARA,,,,,,
2026-10-03,52w_low,THRY,THRY,,,,,,
2026-10-03,52w_low,TKO,TKO,,,,,,
2026-10-03,52w_low,TNXP,TNXP,,,,,,
2026-10-03,52w_low,TRDA,TRDA,,,,,,
2026-10-03,52w_low,TRTX,TRTX,,,,,,
2026-10-03,52w_low,UAMY,UAMY,,,,,,
2026-10-03,52w_low,UNCY,UNCY,,,,,,
2026-10-03,52w_low,UPB,UPB,,,,,,
2026-10-03,52w_low,UPST,UPST,,,,,,
2026-10-03,52w_low,USGO,USGO,,,,,,
2026-10-03,52w_low,VEL,VEL,,,,,,
2026-10-03,52w_low,VERI,VERI,,,,,,
2026-10-03,52w_low,VICI,VICI,,,,,,
2026-10-03,52w_low,VRRM,VRRM,,,,,,
2026-10-03,52w_low,VYGR,VYGR,,,,,,
2026-10-03,52w_low,WD,WD,,,,,,
2026-10-03,52w_low,WOOF,WOOF,,,,,,
2026-10-03,52w_low,WYNN,WYNN,,,,,,
2026-10-03,52w_low,XFOR,XFOR,,,,,,
2026-10-03,52w_low,XRAY,XRAY,,,,,,
2026-10-03,deepvalue,APP,Applovin Corporation,NDX,0.551,,63.1,9,True
2026-10-03,deepvalue,APP,Applovin Corporation,SPX,0.454,,63.1,9,True
2026-10-03,deepvalue,APTV,Aptiv PLC,SPX,0.8,,56.0,8,True
2026-10-03,deepvalue,BF-B,Brown Forman Inc,SPX,0.503,,53.8,6,True
2026-10-03,deepvalue,CPRT,"Copart, Inc.",NDX,0.655,,57.3,7,True
2026-10-03,deepvalue,CPRT,"Copart, Inc.",SPX,0.588,,57.3,7,True
2026-10-03,deepvalue,FISV,"Fiserv, Inc.",SPX,0.616,,81.4,6,True
2026-10-03,deepvalue,INTU,Intuit Inc.,NDX,0.648,,64.9,7,True
2026-10-03,deepvalue,INTU,Intuit Inc.,SPX,0.56,,64.9,7,True
2026-10-03,deepvalue,LVS,Las Vegas Sands Corp.,SPX,0.64,,46.5,8,True
2026-10-03,deepvalue,NKE,"Nike, Inc.",SPX,0.587,,71.1,7,True
2026-10-03,deepvalue,NRDS,"NerdWallet, Inc.",R2K,0.725,,49.7,8,True
2026-10-03,deepvalue,NRG,"NRG Energy, Inc.",SPX,0.44,,47.6,6,True
2026-10-03,deepvalue,PNR,Pentair plc.,SPX,0.65,,51.9,9,True
2026-10-03,deepvalue,PODD,Insulet Corporation,SPX,0.464,,63.0,7,True
2026-10-03,deepvalue,RHLD,Resolute Holdings Management,R2K,0.692,,48.4,7,True
2026-10-03,deepvalue,STZ,"Constellation Brands, Inc.",SPX,0.535,,56.2,7,True
2026-10-03,deepvalue,TYL,"Tyler Technologies, Inc.",SPX,0.475,,49.9,7,True
2026-10-03,deepvalue,VRSK,"Verisk Analytics, Inc.",SPX,0.576,,48.0,8,True
2026-10-03,deepvalue,ZTS,Zoetis Inc.,SPX,0.693,,63.9,8,True
2026-10-05,52w_high,ALNT,Allient Inc.,,,,,,
2026-10-05,52w_high,AMD,"Advanced Micro Devices, Inc.",,,,,,
2026-10-05,52w_high,AMN,AMN Healthcare Services Inc,,,,,,
2026-10-05,52w_high,AMPL,"Amplitude, Inc.",,,,,,
2026-10-05,52w_high,ATKR,Atkore Inc.,,,,,,
2026-10-05,52w_high,CBNK,"Capital Bancorp, Inc.",,,,,,
2026-10-05,52w_high,CDNA,"CareDx, Inc.",,,,,,
2026-10-05,52w_high,CHEF,"The Chefs' Warehouse, Inc.",,,,,,
2026-10-05,52w_high,CNXN,"PC Connection, Inc.",,,,,,
2026-10-05,52w_high,COHU,"Cohu, Inc.",,,,,,
2026-10-05,52w_high,CRCT,"Cricut, Inc.",,,,,,
2026-10-05,52w_high,CRWD,"CrowdStrike Holdings, Inc.",,,,,,
2026-10-05,52w_high,CVI,CVR Energy Inc.,,,,,,
2026-10-05,52w_high,DBRG,"DigitalBridge Group, Inc.",,,,,,
2026-10-05,52w_high,EBF,"Ennis, Inc.",,,,,,
2026-10-05,52w_high,FBLA,"FB Bancorp, Inc.",,,,,,
2026-10-05,52w_high,FFIV,"F5, Inc.",,,,,,
2026-10-05,52w_high,FTNT,"Fortinet, Inc.",,,,,,
2026-10-05,52w_high,GIC,Global Industrial Company,,,,,,
2026-10-05,52w_high,GNE,Genie Energy Ltd.,,,,,,
2026-10-05,52w_high,HPE,Hewlett Packard Enterprise Comp,,,,,,
2026-10-05,52w_high,HSTM,"HealthStream, Inc.",,,,,,
2026-10-05,52w_high,INSW,"International Seaways, Inc.",,,,,,
2026-10-05,52w_high,JAKK,"JAKKS Pacific, Inc.",,,,,,
2026-10-05,52w_high,JCI,Johnson Controls International ,,,,,,
2026-10-05,52w_high,JILL,"J. Jill, Inc.",,,,,,
2026-10-05,52w_high,KEYS,Keysight Technologies Inc.,,,,,,
2026-10-05,52w_high,KRT,Karat Packaging Inc.,,,,,,
2026-10-05,52w_high,LEGH,Legacy Housing Corporation,,,,,,
2026-10-05,52w_high,LIND,Lindblad Expeditions Holdings I,,,,,,
2026-10-05,52w_high,LITE,Lumentum Holdings Inc.,,,,,,
2026-10-05,52w_high,MASS,908 Devices Inc.,,,,,,
2026-10-05,52w_high,MTRN,Materion Corporation,,,,,,
2026-10-05,52w_high,MTW,"Manitowoc Company, Inc. (The)",,,,,,
2026-10-05,52w_high,NAT,Nordic American Tankers Limited,,,,,,
2026-10-05,52w_high,NDSN,Nordson Corporation,,,,,,
2026-10-05,52w_high,NTAP,"NetApp, Inc.",,,,,,
2026-10-05,52w_high,NVDA,NVIDIA Corporation,,,,,,
2026-10-05,52w_high,P,"Everpure, Inc.",,,,,,
2026-10-05,52w_high,PANW,"Palo Alto Networks, Inc.",,,,,,
2026-10-05,52w_high,PRLB,"Proto Labs, Inc.",,,,,,
2026-10-05,52w_high,QQQ,"Invesco QQQ Trust, Series 1",,,,,,
2026-10-05,52w_high,SAFT,"Safety Insurance Group, Inc.",,,,,,
2026-10-05,52w_high,SCSC,"ScanSource, Inc.",,,,,,
2026-10-05,52w_high,TNK,Teekay Tankers Ltd.,,,,,,
2026-10-05,52w_high,TWIN,"Twin Disc, Incorporated",,,,,,
2026-10-05,52w_high,TXG,"10x Genomics, Inc.",,,,,,
2026-10-05,52w_high,WEYS,"Weyco Group, Inc.",,,,,,
2026-10-05,52w_low,ABR,Arbor Realty Trust,,,,,,
2026-10-05,52w_low,ACH,"Accendra Health, Inc.",,,,,,
2026-10-05,52w_low,AOMR,"Angel Oak Mortgage REIT, Inc.",,,,,,
2026-10-05,52w_low,AON,Aon plc,,,,,,
2026-10-05,52w_low,APP,Applovin Corporation,,,,,,
2026-10-05,52w_low,ARDX,"Ardelyx, Inc.",,,,,,
2026-10-05,52w_low,AVXL,Anavex Life Sciences Corp.,,,,,,
2026-10-05,52w_low,BLDR,"Builders FirstSource, Inc.",,,,,,
2026-10-05,52w_low,BLND,"Blend Labs, Inc.",,,,,,
2026-10-05,52w_low,BMBL,Bumble Inc.,,,,,,
2026-10-05,52w_low,BNTC,Benitec Biopharma Inc.,,,,,,
2026-10-05,52w_low,BRSP,"BrightSpire Capital, Inc.",,,,,,
2026-10-05,52w_low,BXMT,"Blackstone Mortgage Trust, Inc.",,,,,,
2026-10-05,52w_low,CABA,"Cabaletta Bio, Inc.",,,,,,
2026-10-05,52w_low,CALM,"Cal-Maine Foods, Inc.",,,,,,
2026-10-05,52w_low,CCI,Crown Castle Inc.,,,,,,
2026-10-05,52w_low,CDRE,"Cadre Holdings, Inc.",,,,,,
2026-10-05,52w_low,CHTR,"Charter Communications, Inc.",,,,,,
2026-10-05,52w_low,CIM,Chimera Investment Corporation,,,,,,
2026-10-05,52w_low,CLVT,Clarivate Plc,,,,,,
2026-10-05,52w_low,CLX,Clorox Company (The),,,,,,
2026-10-05,52w_low,CMCSA,Comcast Corporation,,,,,,
2026-10-05,52w_low,CMTG,"Claros Mortgage Trust, Inc.",,,,,,
2026-10-05,52w_low,CNTB,Connect Biopharma Holdings Limi,,,,,,
2026-10-05,52w_low,CRBP,Corbus Pharmaceuticals Holdings,,,,,,
2026-10-05,52w_low,CTMX,"CytomX Therapeutics, Inc.",,,,,,
2026-10-05,52w_low,CTVA,"Corteva, Inc.",,,,,,
2026-10-05,52w_low,DNUT,"Krispy Kreme, Inc.",,,,,,
2026-10-05,52w_low,ENOV,Enovis Corporation,,,,,,
2026-10-05,52w_low,EVEX,"Eve Holding, Inc.",,,,,,
2026-10-05,52w_low,EVLV,"Evolv Technologies Holdings, In",,,,,,
2026-10-05,52w_low,EYPT,"EyePoint, Inc.",,,,,,
2026-10-05,52w_low,FBRT,"Franklin BSP Realty Trust, Inc.",,,,,,
2026-10-05,52w_low,FHTX,Foghorn Therapeutics Inc.,,,,,,
2026-10-05,52w_low,FIS,Fidelity National Information S,,,,,,
2026-10-05,52w_low,FISV,"Fiserv, Inc.",,,,,,
2026-10-05,52w_low,FLO,"Flowers Foods, Inc.",,,,,,
2026-10-05,52w_low,FMC,FMC Corporation,,,,,,
2026-10-05,52w_low,FRPH,"FRP Holdings, Inc.",,,,,,
2026-10-05,52w_low,GEVO,"Gevo, Inc.",,,,,,
2026-10-05,52w_low,GOGO,Gogo Inc.,,,,,,
2026-10-05,52w_low,GT,The Goodyear Tire & Rubber Comp,,,,,,
2026-10-05,52w_low,HLLY,Holley Inc.,,,,,,
2026-10-05,52w_low,IDN,"Intellicheck, Inc.",,,,,,
2026-10-05,52w_low,IHRT,"iHeartMedia, Inc.",,,,,,
2026-10-05,52w_low,IVR,INVESCO MORTGAGE CAPITAL INC,,,,,,
2026-10-05,52w_low,JOBY,"Joby Aviation, Inc.",,,,,,
2026-10-05,52w_low,KLC,"KinderCare Learning Companies, ",,,,,,
2026-10-05,52w_low,KPTI,Karyopharm Therapeutics Inc.,,,,,,
2026-10-05,52w_low,LADR,Ladder Capital Corp,,,,,,
2026-10-05,52w_low,LENZ,"LENZ Therapeutics, Inc.",,,,,,
2026-10-05,52w_low,LHX,"L3Harris Technologies, Inc.",,,,,,
2026-10-05,52w_low,LOW,"Lowe's Companies, Inc.",,,,,,
2026-10-05,52w_low,LULU,lululemon athletica inc.,,,,,,
2026-10-05,52w_low,LVS,Las Vegas Sands Corp.,,,,,,
2026-10-05,52w_low,MAA,Mid-America Apartment Communiti,,,,,,
2026-10-05,52w_low,MFA,"MFA Financial, Inc.",,,,,,
2026-10-05,52w_low,MGM,MGM Resorts International,,,,,,
2026-10-05,52w_low,MIAX,"Miami International Holdings, I",,,,,,
2026-10-05,52w_low,NAGE,"Niagen Bioscience, Inc.",,,,,,
2026-10-05,52w_low,NATR,"Nature's Sunshine Products, Inc",,,,,,
2026-10-05,52w_low,NC,"NACCO Industries, Inc.",,,,,,
2026-10-05,52w_low,NCMI,"National CineMedia, Inc.",,,,,,
2026-10-05,52w_low,NFLX,"Netflix, Inc.",,,,,,
2026-10-05,52w_low,NKE,"Nike, Inc.",,,,,,
2026-10-05,52w_low,NMRA,"Neumora Therapeutics, Inc.",,,,,,
2026-10-05,52w_low,NOC,Northrop Grumman Corporation,,,,,,
2026-10-05,52w_low,NRG,"NRG Energy, Inc.",,,,,,
2026-10-05,52w_low,NXH,"Neighborhood Intelligence, Inc.",,,,,,
2026-10-05,52w_low,NXRT,"NexPoint Residential Trust, Inc",,,,,,
2026-10-05,52w_low,ONIT,Onity Group Inc.,,,,,,
2026-10-05,52w_low,ORC,"Orchid Island Capital, Inc.",,,,,,
2026-10-05,52w_low,OTIS,Otis Worldwide Corporation,,,,,,
2026-10-05,52w_low,PEP,"Pepsico, Inc.",,,,,,
2026-10-05,52w_low,PFSI,"PennyMac Financial Services, In",,,,,,
2026-10-05,52w_low,PHAT,"Phathom Pharmaceuticals, Inc.",,,,,,
2026-10-05,52w_low,PSFE,Paysafe Limited,,,,,,
2026-10-05,52w_low,PZZA,"Papa John's International, Inc.",,,,,,
2026-10-05,52w_low,RCKT,"Rocket Pharmaceuticals, Inc.",,,,,,
2026-10-05,52w_low,SEVN,Seven Hills Realty Trust,,,,,,
2026-10-05,52w_low,SLVM,Sylvamo Corporation,,,,,,
2026-10-05,52w_low,SMID,Smith-Midland Corporation,,,,,,
2026-10-05,52w_low,SSTK,"Shutterstock, Inc.",,,,,,
2026-10-05,52w_low,STZ,"Constellation Brands, Inc.",,,,,,
2026-10-05,52w_low,TARA,"Protara Therapeutics, Inc.",,,,,,
2026-10-05,52w_low,THRY,"Thryv Holdings, Inc.",,,,,,
2026-10-05,52w_low,TKO,"TKO Group Holdings, Inc.",,,,,,
2026-10-05,52w_low,TNXP,Tonix Pharmaceuticals Holding C,,,,,,
2026-10-05,52w_low,TRDA,"Entrada Therapeutics, Inc.",,,,,,
2026-10-05,52w_low,TRTX,"TPG RE Finance Trust, Inc.",,,,,,
2026-10-05,52w_low,UAMY,United States Antimony Corporat,,,,,,
2026-10-05,52w_low,UNCY,"Unicycive Therapeutics, Inc.",,,,,,
2026-10-05,52w_low,UPB,"Upstream Bio, Inc.",,,,,,
2026-10-05,52w_low,UPST,"Upstart Holdings, Inc.",,,,,,
2026-10-05,52w_low,USGO,U.S. GoldMining Inc.,,,,,,
2026-10-05,52w_low,VEL,"Velocity Financial, Inc.",,,,,,
2026-10-05,52w_low,VERI,"Veritone, Inc.",,,,,,
2026-10-05,52w_low,VICI,VICI Properties Inc.,,,,,,
2026-10-05,52w_low,VRRM,Verra Mobility Corporation,,,,,,
2026-10-05,52w_low,VYGR,"Voyager Therapeutics, Inc.",,,,,,
2026-10-05,52w_low,WD,"Walker & Dunlop, Inc",,,,,,
2026-10-05,52w_low,WOOF,Petco Health and Wellness Compa,,,,,,
2026-10-05,52w_low,WYNN,"Wynn Resorts, Limited",,,,,,
2026-10-05,52w_low,XFOR,"X4 Pharmaceuticals, Inc.",,,,,,
2026-10-05,52w_low,XRAY,DENTSPLY SIRONA Inc.,,,,,,
2026-10-05,breakout,AMD,Advanced Micro Devices,SPX,0.496,1,0.0,,
2026-10-05,breakout,AMD,"Advanced Micro Devices, Inc. Common Stock",NDX,0.493,1,0.0,,
2026-10-05,breakout,AMPL,AMPLITUDE CLASS A,R2K,0.675,1,93.4,,
2026-10-05,breakout,CDNA,CAREDX,R2K,0.942,1,93.3,,
2026-10-05,breakout,CNXN,PC CONNECTION INC,R2K,0.514,1,0.0,,
2026-10-05,breakout,COHU,COHU,R2K,0.528,1,0.0,,
2026-10-05,breakout,CRWD,"CrowdStrike Holdings, Inc. Class A Common Stock",NDX,0.652,1,0.0,,
2026-10-05,breakout,CRWD,CrowdStrike,SPX,0.523,1,0.0,,
2026-10-05,breakout,CVI,CVR ENERGY INC,R2K,0.537,1,0.0,,
2026-10-05,breakout,FTNT,"Fortinet, Inc. Common Stock",NDX,0.505,1,0.0,,
2026-10-05,breakout,HPE,Hewlett Packard Enterprise,SPX,0.576,1,0.0,,
2026-10-05,breakout,KRT,KARAT PACKAGING INC,R2K,0.529,1,0.0,,
2026-10-05,breakout,MTRN,MATERION,R2K,0.507,1,0.0,,
2026-10-05,breakout,NTAP,NetApp,SPX,0.666,1,0.0,,
2026-10-05,breakout,NVDA,NVIDIA Corporation Common Stock,NDX,0.564,1,0.0,,
2026-10-05,breakout,P,Everpure,SPX,0.581,1,0.0,,
2026-10-05,breakout,PANW,"Palo Alto Networks, Inc. Common Stock",NDX,0.65,1,0.0,,
2026-10-05,breakout,PANW,Palo Alto Networks,SPX,0.523,1,0.0,,
2026-10-05,breakout,TNK,TEEKAY TANKERS LTD CLASS A,R2K,0.504,1,0.0,,
2026-10-05,breakout,TXG,10X GENOMICS CLASS A,R2K,0.772,2,96.1,,
2026-10-05,deepvalue,APP,Applovin Corporation,NDX,0.551,,63.4,9,True
2026-10-05,deepvalue,APP,Applovin Corporation,SPX,0.448,,63.4,9,True
2026-10-05,deepvalue,APTV,Aptiv PLC,SPX,0.767,,56.1,8,True
2026-10-05,deepvalue,BF-B,Brown Forman Inc,SPX,0.473,,53.6,6,True
2026-10-05,deepvalue,CPRT,"Copart, Inc.",NDX,0.655,,57.4,7,True
2026-10-05,deepvalue,CPRT,"Copart, Inc.",SPX,0.557,,57.4,7,True
2026-10-05,deepvalue,FISV,"Fiserv, Inc.",SPX,0.59,,81.3,6,True
2026-10-05,deepvalue,FSLR,"First Solar, Inc.",SPX,0.715,,45.1,8,True
2026-10-05,deepvalue,INTU,Intuit Inc.,NDX,0.648,,64.8,7,True
2026-10-05,deepvalue,INTU,Intuit Inc.,SPX,0.53,,64.8,7,True
2026-10-05,deepvalue,KKR,KKR & Co. Inc.,SPX,0.785,,45.3,6,True
2026-10-05,deepvalue,LVS,Las Vegas Sands Corp.,SPX,0.606,,46.9,8,True
2026-10-05,deepvalue,NKE,"Nike, Inc.",SPX,0.551,,70.5,7,True
2026-10-05,deepvalue,NRDS,"NerdWallet, Inc.",R2K,0.725,,49.2,8,True
2026-10-05,deepvalue,PNR,Pentair plc.,SPX,0.623,,52.3,9,True
2026-10-05,deepvalue,RHLD,Resolute Holdings Management,R2K,0.685,,48.8,7,True
2026-10-05,deepvalue,STZ,"Constellation Brands, Inc.",SPX,0.503,,56.0,7,True
2026-10-05,deepvalue,TYL,"Tyler Technologies, Inc.",SPX,0.468,,50.1,7,True
2026-10-05,deepvalue,VRSK,"Verisk Analytics, Inc.",SPX,0.559,,48.3,8,True
2026-10-05,deepvalue,ZTS,Zoetis Inc.,SPX,0.669,,63.8,8,True
2026-10-06,52w_high,AAMI,Acadian Asset Management Inc.,,,,,,
2026-10-06,52w_high,ACA,"Arcosa, Inc.",,,,,,
2026-10-06,52w_high,ADPT,Adaptive Biotechnologies Corpor,,,,,,
2026-10-06,52w_high,AFRI,Forafric Global PLC,,,,,,
2026-10-06,52w_high,ALNT,Allient Inc.,,,,,,
2026-10-06,52w_high,AMPL,"Amplitude, Inc.",,,,,,
2026-10-06,52w_high,AMRX,"Amneal Pharmaceuticals, Inc.",,,,,,
2026-10-06,52w_high,ASC,Ardmore Shipping Corporation,,,,,,
2026-10-06,52w_high,ATKR,Atkore Inc.,,,,,,
2026-10-06,52w_high,AZTA,"Azenta, Inc.",,,,,,
2026-10-06,52w_high,CDNA,"CareDx, Inc.",,,,,,
2026-10-06,52w_high,CFFI,C&F Financial Corporation,,,,,,
2026-10-06,52w_high,CLDT,Chatham Lodging Trust (REIT),,,,,,
2026-10-06,52w_high,CNXN,"PC Connection, Inc.",,,,,,
2026-10-06,52w_high,COHU,"Cohu, Inc.",,,,,,
2026-10-06,52w_high,CRL,Charles River Laboratories Inte,,,,,,
2026-10-06,52w_high,CRWD,"CrowdStrike Holdings, Inc.",,,,,,
2026-10-06,52w_high,CTKB,"Cytek Biosciences, Inc.",,,,,,
2026-10-06,52w_high,CVI,CVR Energy Inc.,,,,,,
2026-10-06,52w_high,CYRX,"CryoPort, Inc.",,,,,,
2026-10-06,52w_high,DBRG,"DigitalBridge Group, Inc.",,,,,,
2026-10-06,52w_high,DHT,"DHT Holdings, Inc.",,,,,,
2026-10-06,52w_high,DSGR,"Distribution Solutions Group, I",,,,,,
2026-10-06,52w_high,EXPD,Expeditors International of Was,,,,,,
2026-10-06,52w_high,FBLA,"FB Bancorp, Inc.",,,,,,
2026-10-06,52w_high,FET,"Forum Energy Technologies, Inc.",,,,,,
2026-10-06,52w_high,FFIV,"F5, Inc.",,,,,,
2026-10-06,52w_high,FOSL,"Fossil Group, Inc.",,,,,,
2026-10-06,52w_high,FTNT,"Fortinet, Inc.",,,,,,
2026-10-06,52w_high,FTRE,Fortrea Holdings Inc.,,,,,,
2026-10-06,52w_high,GCT,GigaCloud Technology Inc,,,,,,
2026-10-06,52w_high,GIC,Global Industrial Company,,,,,,
2026-10-06,52w_high,GRAL,"GRAIL, Inc.",,,,,,
2026-10-06,52w_high,HSTM,"HealthStream, Inc.",,,,,,
2026-10-06,52w_high,HTFL,"Heartflow, Inc.",,,,,,
2026-10-06,52w_high,IDT,IDT Corporation,,,,,,
2026-10-06,52w_high,ILMN,"Illumina, Inc.",,,,,,
2026-10-06,52w_high,INFU,"InfuSystems Holdings, Inc.",,,,,,
2026-10-06,52w_high,INSW,"International Seaways, Inc.",,,,,,
2026-10-06,52w_high,JAKK,"JAKKS Pacific, Inc.",,,,,,
2026-10-06,52w_high,JCI,Johnson Controls International ,,,,,,
2026-10-06,52w_high,KEYS,Keysight Technologies Inc.,,,,,,
2026-10-06,52w_high,KRT,Karat Packaging Inc.,,,,,,
2026-10-06,52w_high,LIND,Lindblad Expeditions Holdings I,,,,,,
2026-10-06,52w_high,LITE,Lumentum Holdings Inc.,,,,,,
2026-10-06,52w_high,MASS,908 Devices Inc.,,,,,,
2026-10-06,52w_high,MLAB,"Mesa Laboratories, Inc.",,,,,,
2026-10-06,52w_high,MNTK,"Montauk Renewables, Inc.",,,,,,
2026-10-06,52w_high,MPC,Marathon Petroleum Corporation,,,,,,
2026-10-06,52w_high,MRNA,"Moderna, Inc.",,,,,,
2026-10-06,52w_high,MTRN,Materion Corporation,,,,,,
2026-10-06,52w_high,MTW,"Manitowoc Company, Inc. (The)",,,,,,
2026-10-06,52w_high,NDSN,Nordson Corporation,,,,,,
2026-10-06,52w_high,NUTX,Nutex Health Inc.,,,,,,
2026-10-06,52w_high,NVAX,"Novavax, Inc.",,,,,,
2026-10-06,52w_high,NVDA,NVIDIA Corporation,,,,,,
2026-10-06,52w_high,OSPN,OneSpan Inc.,,,,,,
2026-10-06,52w_high,P,"Everpure, Inc.",,,,,,
2026-10-06,52w_high,PACB,Pacific Biosciences of Californ,,,,,,
2026-10-06,52w_high,PANW,"Palo Alto Networks, Inc.",,,,,,
2026-10-06,52w_high,PARR,"Par Pacific Holdings, Inc. Comm",,,,,,
2026-10-06,52w_high,PAYS,"Paysign, Inc.",,,,,,
2026-10-06,52w_high,PBF,PBF Energy Inc.,,,,,,
2026-10-06,52w_high,PCVX,"Vaxcyte, Inc.",,,,,,
2026-10-06,52w_high,PRLB,"Proto Labs, Inc.",,,,,,
2026-10-06,52w_high,QLYS,"Qualys, Inc.",,,,,,
2026-10-06,52w_high,QQQ,"Invesco QQQ Trust, Series 1",,,,,,
2026-10-06,52w_high,RBKB,"Rhinebeck Bancorp, Inc.",,,,,,
2026-10-06,52w_high,RVTY,"Revvity, Inc.",,,,,,
2026-10-06,52w_high,SBC,SBC Medical Group Holdings Inco,,,,,,
2026-10-06,52w_high,SDGR,"Schrodinger, Inc.",,,,,,
2026-10-06,52w_high,TK,Teekay Corporation Ltd.,,,,,,
2026-10-06,52w_high,TWIN,"Twin Disc, Incorporated",,,,,,
2026-10-06,52w_high,TWST,Twist Bioscience Corporation,,,,,,
2026-10-06,52w_high,TXG,"10x Genomics, Inc.",,,,,,
2026-10-06,52w_high,VLO,Valero Energy Corporation,,,,,,
2026-10-06,52w_high,WBD,"Warner Bros. Discovery, Inc. - ",,,,,,
2026-10-06,52w_high,XERS,"Xeris Biopharma Holdings, Inc.",,,,,,
2026-10-06,52w_high,XMTR,"Xometry, Inc.",,,,,,
2026-10-06,52w_high,ZETA,Zeta Global Holdings Corp.,,,,,,
2026-10-06,52w_low,ABG,Asbury Automotive Group Inc,,,,,,
2026-10-06,52w_low,ABR,Arbor Realty Trust,,,,,,
2026-10-06,52w_low,ACH,"Accendra Health, Inc.",,,,,,
2026-10-06,52w_low,ACRE,Ares Commercial Real Estate Cor,,,,,,
2026-10-06,52w_low,AMSF,"AMERISAFE, Inc.",,,,,,
2026-10-06,52w_low,ASLE,AerSale Corporation,,,,,,
2026-10-06,52w_low,AVXL,Anavex Life Sciences Corp.,,,,,,
2026-10-06,52w_low,AZO,"AutoZone, Inc.",,,,,,
2026-10-06,52w_low,BGS,"B&G Foods, Inc.",,,,,,
2026-10-06,52w_low,BHR,Braemar Hotels & Resorts Inc.,,,,,,
2026-10-06,52w_low,BLDR,"Builders FirstSource, Inc.",,,,,,
2026-10-06,52w_low,BLND,"Blend Labs, Inc.",,,,,,
2026-10-06,52w_low,BRSP,"BrightSpire Capital, Inc.",,,,,,
2026-10-06,52w_low,BSX,Boston Scientific Corporation,,,,,,
2026-10-06,52w_low,BUR,Burford Capital Limited,,,,,,
2026-10-06,52w_low,BZAI,"Blaize Holdings, Inc.",,,,,,
2026-10-06,52w_low,CALM,"Cal-Maine Foods, Inc.",,,,,,
2026-10-06,52w_low,CHTR,"Charter Communications, Inc.",,,,,,
2026-10-06,52w_low,CIM,Chimera Investment Corporation,,,,,,
2026-10-06,52w_low,CLVT,Clarivate Plc,,,,,,
2026-10-06,52w_low,CMCSA,Comcast Corporation,,,,,,
2026-10-06,52w_low,CMTG,"Claros Mortgage Trust, Inc.",,,,,,
2026-10-06,52w_low,CNTB,Connect Biopharma Holdings Limi,,,,,,
2026-10-06,52w_low,CRBP,Corbus Pharmaceuticals Holdings,,,,,,
2026-10-06,52w_low,CRBU,"Caribou Biosciences, Inc.",,,,,,
2026-10-06,52w_low,CWH,"Camping World Holdings, Inc.",,,,,,
2026-10-06,52w_low,DFH,"Dream Finders Homes, Inc.",,,,,,
2026-10-06,52w_low,EVEX,"Eve Holding, Inc.",,,,,,
2026-10-06,52w_low,EVLV,"Evolv Technologies Holdings, In",,,,,,
2026-10-06,52w_low,EYPT,"EyePoint, Inc.",,,,,,
2026-10-06,52w_low,FBRT,"Franklin BSP Realty Trust, Inc.",,,,,,
2026-10-06,52w_low,FCPT,"Four Corners Property Trust, In",,,,,,
2026-10-06,52w_low,FER,Ferrovial N.V.,,,,,,
2026-10-06,52w_low,FHTX,Foghorn Therapeutics Inc.,,,,,,
2026-10-06,52w_low,FINW,FinWise Bancorp,,,,,,
2026-10-06,52w_low,FRPH,"FRP Holdings, Inc.",,,,,,
2026-10-06,52w_low,GEVO,"Gevo, Inc.",,,,,,
2026-10-06,52w_low,GIS,"General Mills, Inc.",,,,,,
2026-10-06,52w_low,GOGO,Gogo Inc.,,,,,,
2026-10-06,52w_low,GT,The Goodyear Tire & Rubber Comp,,,,,,
2026-10-06,52w_low,HD,"Home Depot, Inc. (The)",,,,,,
2026-10-06,52w_low,HE,"Hawaiian Electric Industries, I",,,,,,
2026-10-06,52w_low,HGV,Hilton Grand Vacations Inc.,,,,,,
2026-10-06,52w_low,HLLY,Holley Inc.,,,,,,
2026-10-06,52w_low,HUBG,"Hub Group, Inc.",,,,,,
2026-10-06,52w_low,IVR,INVESCO MORTGAGE CAPITAL INC,,,,,,
2026-10-06,52w_low,JOBY,"Joby Aviation, Inc.",,,,,,
2026-10-06,52w_low,KPTI,Karyopharm Therapeutics Inc.,,,,,,
2026-10-06,52w_low,LADR,Ladder Capital Corp,,,,,,
2026-10-06,52w_low,LEN,Lennar Corporation,,,,,,
2026-10-06,52w_low,LENZ,"LENZ Therapeutics, Inc.",,,,,,
2026-10-06,52w_low,LODE,Comstock Inc.,,,,,,
2026-10-06,52w_low,LOW,"Lowe's Companies, Inc.",,,,,,
2026-10-06,52w_low,LUCD,Lucid Diagnostics Inc.,,,,,,
2026-10-06,52w_low,LULU,lululemon athletica inc.,,,,,,
2026-10-06,52w_low,LYEL,"Lyell Immunopharma, Inc.",,,,,,
2026-10-06,52w_low,MBUU,"Malibu Boats, Inc.",,,,,,
2026-10-06,52w_low,METC,"Ramaco Resources, Inc.",,,,,,
2026-10-06,52w_low,MFA,"MFA Financial, Inc.",,,,,,
2026-10-06,52w_low,MGM,MGM Resorts International,,,,,,
2026-10-06,52w_low,MITT,"TPG Mortgage Investment Trust, ",,,,,,
2026-10-06,52w_low,MZTI,The Marzetti Company,,,,,,
2026-10-06,52w_low,NAGE,"Niagen Bioscience, Inc.",,,,,,
2026-10-06,52w_low,NATR,"Nature's Sunshine Products, Inc",,,,,,
2026-10-06,52w_low,NHI,"National Health Investors, Inc.",,,,,,
2026-10-06,52w_low,NKE,"Nike, Inc.",,,,,,
2026-10-06,52w_low,NOC,Northrop Grumman Corporation,,,,,,
2026-10-06,52w_low,NPWR,NET Power Inc.,,,,,,
2026-10-06,52w_low,NXH,"Neighborhood Intelligence, Inc.",,,,,,
2026-10-06,52w_low,NXRT,"NexPoint Residential Trust, Inc",,,,,,
2026-10-06,52w_low,OI,"O-I Glass, Inc.",,,,,,
2026-10-06,52w_low,OPEN,Opendoor Technologies Inc,,,,,,
2026-10-06,52w_low,ORC,"Orchid Island Capital, Inc.",,,,,,
2026-10-06,52w_low,ORGO,Organogenesis Holdings Inc.,,,,,,
2026-10-06,52w_low,PCT,"PureCycle Technologies, Inc.",,,,,,
2026-10-06,52w_low,PEP,"Pepsico, Inc.",,,,,,
2026-10-06,52w_low,PHAT,"Phathom Pharmaceuticals, Inc.",,,,,,
2026-10-06,52w_low,PZZA,"Papa John's International, Inc.",,,,,,
2026-10-06,52w_low,ROL,"Rollins, Inc.",,,,,,
2026-10-06,52w_low,RUN,Sunrun Inc.,,,,,,
2026-10-06,52w_low,SMID,Smith-Midland Corporation,,,,,,
2026-10-06,52w_low,TARA,"Protara Therapeutics, Inc.",,,,,,
2026-10-06,52w_low,THRY,"Thryv Holdings, Inc.",,,,,,
2026-10-06,52w_low,TNXP,Tonix Pharmaceuticals Holding C,,,,,,
2026-10-06,52w_low,TRTX,"TPG RE Finance Trust, Inc.",,,,,,
2026-10-06,52w_low,TXT,Textron Inc.,,,,,,
2026-10-06,52w_low,UAMY,United States Antimony Corporat,,,,,,
2026-10-06,52w_low,UNCY,"Unicycive Therapeutics, Inc.",,,,,,
2026-10-06,52w_low,UPB,"Upstream Bio, Inc.",,,,,,
2026-10-06,52w_low,URG,Ur Energy Inc,,,,,,
2026-10-06,52w_low,UUUU,Energy Fuels Inc,,,,,,
2026-10-06,52w_low,VERI,"Veritone, Inc.",,,,,,
2026-10-06,52w_low,VICI,VICI Properties Inc.,,,,,,
2026-10-06,52w_low,WD,"Walker & Dunlop, Inc",,,,,,
2026-10-06,52w_low,WEN,Wendy's Company (The),,,,,,
2026-10-06,52w_low,WGO,"Winnebago Industries, Inc.",,,,,,
2026-10-06,52w_low,WOOF,Petco Health and Wellness Compa,,,,,,
2026-10-06,52w_low,XRAY,DENTSPLY SIRONA Inc.,,,,,,
2026-10-06,breakout,ADPT,ADAPTIVE BIOTECHNOLOGIES,R2K,0.626,1,93.7,,
2026-10-06,breakout,AMPL,AMPLITUDE CLASS A,R2K,0.686,2,93.4,,
2026-10-06,breakout,CDNA,CAREDX,R2K,0.809,1,93.3,,
2026-10-06,breakout,CRL,Charles River Laboratories,SPX,0.74,2,77.8,,
2026-10-06,breakout,CRWD,"CrowdStrike Holdings, Inc. Class A Common Stock",NDX,0.611,1,0.0,,
2026-10-06,breakout,CYRX,CRYOPORT,R2K,0.503,2,94.4,,
2026-10-06,breakout,FTNT,"Fortinet, Inc. Common Stock",NDX,0.505,1,0.0,,
2026-10-06,breakout,ILMN,"Illumina, Inc.",SPX,0.726,2,83.0,,
2026-10-06,breakout,MLAB,MESA LABORATORIES,R2K,0.59,1,82.4,,
2026-10-06,breakout,MRNA,Moderna,SPX,0.87,3,93.9,,
2026-10-06,breakout,MTRN,MATERION,R2K,0.525,1,0.0,,
2026-10-06,breakout,NUTX,NUTEX HEALTH INC,R2K,0.586,2,99.9,,
2026-10-06,breakout,NVDA,NVIDIA Corporation Common Stock,NDX,0.59,1,0.0,,
2026-10-06,breakout,P,Everpure,SPX,0.53,1,0.0,,
2026-10-06,breakout,PANW,"Palo Alto Networks, Inc. Common Stock",NDX,0.592,1,0.0,,
2026-10-06,breakout,QLYS,QUALYS,R2K,0.503,1,63.0,,
2026-10-06,breakout,RVTY,Revvity,SPX,0.653,2,59.0,,
2026-10-06,breakout,SDGR,SCHRODINGER INC,R2K,0.686,2,81.3,,
2026-10-06,breakout,TWST,TWIST BIOSCIENCE,R2K,0.521,1,0.0,,
2026-10-06,breakout,TXG,10X GENOMICS CLASS A,R2K,0.69,2,96.1,,
2026-10-06,deepvalue,APP,Applovin Corporation,NDX,0.551,,61.6,9,True
2026-10-06,deepvalue,APP,Applovin Corporation,SPX,0.474,,61.6,9,True
2026-10-06,deepvalue,APTV,Aptiv PLC,SPX,0.767,,55.6,8,True
2026-10-06,deepvalue,BF-B,Brown Forman Inc,SPX,0.457,,53.4,6,True
2026-10-06,deepvalue,BSX,Boston Scientific Corporation,SPX,0.433,,60.8,8,False
2026-10-06,deepvalue,CPRT,"Copart, Inc.",NDX,0.604,,56.7,7,True
2026-10-06,deepvalue,CPRT,"Copart, Inc.",SPX,0.542,,56.7,7,True
2026-10-06,deepvalue,FISV,"Fiserv, Inc.",SPX,0.59,,80.6,6,True
2026-10-06,deepvalue,FSLR,"First Solar, Inc.",SPX,0.712,,45.0,8,True
2026-10-06,deepvalue,INTU,Intuit Inc.,NDX,0.662,,64.3,7,True
2026-10-06,deepvalue,INTU,Intuit Inc.,SPX,0.535,,64.3,7,True
2026-10-06,deepvalue,KKR,KKR & Co. Inc.,SPX,0.783,,45.5,6,True
2026-10-06,deepvalue,LVS,Las Vegas Sands Corp.,SPX,0.617,,46.4,8,True
2026-10-06,deepvalue,NKE,"Nike, Inc.",SPX,0.6,,70.4,7,True
2026-10-06,deepvalue,NRDS,"NerdWallet, Inc.",R2K,0.725,,48.0,8,True
2026-10-06,deepvalue,PNR,Pentair plc.,SPX,0.709,,52.5,9,True
2026-10-06,deepvalue,RHLD,Resolute Holdings Management,R2K,0.697,,48.9,7,True
2026-10-06,deepvalue,STZ,"Constellation Brands, Inc.",SPX,0.505,,55.8,7,True
2026-10-06,deepvalue,TYL,"Tyler Technologies, Inc.",SPX,0.467,,49.2,7,True
2026-10-06,deepvalue,VRSK,"Verisk Analytics, Inc.",SPX,0.569,,48.5,8,True
2026-10-06,deepvalue,ZTS,Zoetis Inc.,SPX,0.67,,63.0,8,True
2026-10-07,52w_high,ABBV,AbbVie Inc.,,,,,,
2026-10-07,52w_high,ACA,"Arcosa, Inc.",,,,,,
2026-10-07,52w_high,ACCO,Acco Brands Corporation,,,,,,
2026-10-07,52w_high,AFRI,Forafric Global PLC,,,,,,
2026-10-07,52w_high,ALNT,Allient Inc.,,,,,,
2026-10-07,52w_high,AMD,"Advanced Micro Devices, Inc.",,,,,,
2026-10-07,52w_high,AMN,AMN Healthcare Services Inc,,,,,,
2026-10-07,52w_high,ANET,"Arista Networks, Inc.",,,,,,
2026-10-07,52w_high,APH,Amphenol Corporation,,,,,,
2026-10-07,52w_high,CBNA,"Chain Bridge Bancorp, Inc.",,,,,,
2026-10-07,52w_high,CFFI,C&F Financial Corporation,,,,,,
2026-10-07,52w_high,CLDT,Chatham Lodging Trust (REIT),,,,,,
2026-10-07,52w_high,CON,Concentra Group Holdings Parent,,,,,,
2026-10-07,52w_high,CRWD,"CrowdStrike Holdings, Inc.",,,,,,
2026-10-07,52w_high,DBRG,"DigitalBridge Group, Inc.",,,,,,
2026-10-07,52w_high,DSGR,"Distribution Solutions Group, I",,,,,,
2026-10-07,52w_high,EBF,"Ennis, Inc.",,,,,,
2026-10-07,52w_high,FBLA,"FB Bancorp, Inc.",,,,,,
2026-10-07,52w_high,FFIV,"F5, Inc.",,,,,,
2026-10-07,52w_high,FRSH,Freshworks Inc.,,,,,,
2026-10-07,52w_high,FTNT,"Fortinet, Inc.",,,,,,
2026-10-07,52w_high,FTRE,Fortrea Holdings Inc.,,,,,,
2026-10-07,52w_high,GCT,GigaCloud Technology Inc,,,,,,
2026-10-07,52w_high,GIC,Global Industrial Company,,,,,,
2026-10-07,52w_high,HPE,Hewlett Packard Enterprise Comp,,,,,,
2026-10-07,52w_high,INSW,"International Seaways, Inc.",,,,,,
2026-10-07,52w_high,ITGR,Integer Holdings Corporation,,,,,,
2026-10-07,52w_high,JAKK,"JAKKS Pacific, Inc.",,,,,,
2026-10-07,52w_high,JCI,Johnson Controls International ,,,,,,
2026-10-07,52w_high,JILL,"J. Jill, Inc.",,,,,,
2026-10-07,52w_high,KEYS,Keysight Technologies Inc.,,,,,,
2026-10-07,52w_high,LILA,Liberty Latin America Ltd.,,,,,,
2026-10-07,52w_high,LILAK,Liberty Latin America Ltd.,,,,,,
2026-10-07,52w_high,LIND,Lindblad Expeditions Holdings I,,,,,,
2026-10-07,52w_high,LITE,Lumentum Holdings Inc.,,,,,,
2026-10-07,52w_high,MTW,"Manitowoc Company, Inc. (The)",,,,,,
2026-10-07,52w_high,NDSN,Nordson Corporation,,,,,,
2026-10-07,52w_high,NTAP,"NetApp, Inc.",,,,,,
2026-10-07,52w_high,NVDA,NVIDIA Corporation,,,,,,
2026-10-07,52w_high,OSPN,OneSpan Inc.,,,,,,
2026-10-07,52w_high,P,"Everpure, Inc.",,,,,,
2026-10-07,52w_high,PANW,"Palo Alto Networks, Inc.",,,,,,
2026-10-07,52w_high,QQQ,"Invesco QQQ Trust, Series 1",,,,,,
2026-10-07,52w_high,RRBI,"Red River Bancshares, Inc.",,,,,,
2026-10-07,52w_high,SBC,SBC Medical Group Holdings Inco,,,,,,
2026-10-07,52w_high,SPY,State Street SPDR S&P 500 ETF T,,,,,,
2026-10-07,52w_high,TWIN,"Twin Disc, Incorporated",,,,,,
2026-10-07,52w_high,WBD,"Warner Bros. Discovery, Inc. - ",,,,,,
2026-10-07,52w_high,WEYS,"Weyco Group, Inc.",,,,,,
2026-10-07,52w_high,XERS,"Xeris Biopharma Holdings, Inc.",,,,,,
2026-10-07,52w_high,XMTR,"Xometry, Inc.",,,,,,
2026-10-07,52w_high,ZBRA,Zebra Technologies Corporation,,,,,,
2026-10-07,52w_high,ZETA,Zeta Global Holdings Corp.,,,,,,
2026-10-07,52w_low,ABG,Asbury Automotive Group Inc,,,,,,
2026-10-07,52w_low,ARDX,"Ardelyx, Inc.",,,,,,
2026-10-07,52w_low,ASMB,"Assembly Biosciences, Inc.",,,,,,
2026-10-07,52w_low,AVBP,"ArriVent BioPharma, Inc.",,,,,,
2026-10-07,52w_low,AVXL,Anavex Life Sciences Corp.,,,,,,
2026-10-07,52w_low,BBAI,"BigBear.ai, Inc.",,,,,,
2026-10-07,52w_low,BGS,"B&G Foods, Inc.",,,,,,
2026-10-07,52w_low,BHR,Braemar Hotels & Resorts Inc.,,,,,,
2026-10-07,52w_low,BLDR,"Builders FirstSource, Inc.",,,,,,
2026-10-07,52w_low,BLND,"Blend Labs, Inc.",,,,,,
2026-10-07,52w_low,BMBL,Bumble Inc.,,,,,,
2026-10-07,52w_low,BNTC,Benitec Biopharma Inc.,,,,,,
2026-10-07,52w_low,BZAI,"Blaize Holdings, Inc.",,,,,,
2026-10-07,52w_low,CALM,"Cal-Maine Foods, Inc.",,,,,,
2026-10-07,52w_low,CHRS,"Coherus Oncology, Inc.",,,,,,
2026-10-07,52w_low,CPRT,"Copart, Inc.",,,,,,
2026-10-07,52w_low,CRBP,Corbus Pharmaceuticals Holdings,,,,,,
2026-10-07,52w_low,CRBU,"Caribou Biosciences, Inc.",,,,,,
2026-10-07,52w_low,DOUG,Douglas Elliman Inc.,,,,,,
2026-10-07,52w_low,DRUG,Bright Minds Biosciences Inc.,,,,,,
2026-10-07,52w_low,DX,"Dynex Capital, Inc.",,,,,,
2026-10-07,52w_low,EVEX,"Eve Holding, Inc.",,,,,,
2026-10-07,52w_low,FER,Ferrovial N.V.,,,,,,
2026-10-07,52w_low,FHTX,Foghorn Therapeutics Inc.,,,,,,
2026-10-07,52w_low,FINW,FinWise Bancorp,,,,,,
2026-10-07,52w_low,GBX,"Greenbrier Companies, Inc. (The",,,,,,
2026-10-07,52w_low,GEVO,"Gevo, Inc.",,,,,,
2026-10-07,52w_low,GPI,"Group 1 Automotive, Inc.",,,,,,
2026-10-07,52w_low,HUBG,"Hub Group, Inc.",,,,,,
2026-10-07,52w_low,KPTI,Karyopharm Therapeutics Inc.,,,,,,
2026-10-07,52w_low,LYEL,"Lyell Immunopharma, Inc.",,,,,,
2026-10-07,52w_low,METC,"Ramaco Resources, Inc.",,,,,,
2026-10-07,52w_low,MIAX,"Miami International Holdings, I",,,,,,
2026-10-07,52w_low,NMRA,"Neumora Therapeutics, Inc.",,,,,,
2026-10-07,52w_low,NXH,"Neighborhood Intelligence, Inc.",,,,,,
2026-10-07,52w_low,OPEN,Opendoor Technologies Inc,,,,,,
2026-10-07,52w_low,ORC,"Orchid Island Capital, Inc.",,,,,,
2026-10-07,52w_low,PCT,"PureCycle Technologies, Inc.",,,,,,
2026-10-07,52w_low,PHAT,"Phathom Pharmaceuticals, Inc.",,,,,,
2026-10-07,52w_low,RCKT,"Rocket Pharmaceuticals, Inc.",,,,,,
2026-10-07,52w_low,STXS,"Stereotaxis, Inc.",,,,,,
2026-10-07,52w_low,TARA,"Protara Therapeutics, Inc.",,,,,,
2026-10-07,52w_low,THRY,"Thryv Holdings, Inc.",,,,,,
2026-10-07,52w_low,TNXP,Tonix Pharmaceuticals Holding C,,,,,,
2026-10-07,52w_low,TXT,Textron Inc.,,,,,,
2026-10-07,52w_low,UPB,"Upstream Bio, Inc.",,,,,,
2026-10-07,52w_low,WVE,"Wave Life Sciences, Inc.",,,,,,
2026-10-07,52w_low,XENE,Xenon Pharmaceuticals Inc.,,,,,,
2026-10-07,52w_low,XFOR,"X4 Pharmaceuticals, Inc.",,,,,,
2026-10-07,breakout,AMD,"Advanced Micro Devices, Inc. Common Stock",NDX,0.563,1,0.0,,
2026-10-07,breakout,AMD,Advanced Micro Devices,SPX,0.542,1,0.0,,
2026-10-07,breakout,AMN,AMN HEALTHCARE,R2K,0.509,1,88.1,,
2026-10-07,breakout,ANET,Arista Networks,SPX,0.526,1,0.0,,
2026-10-07,breakout,ATKR,ATKORE,R2K,0.491,2,72.8,,
2026-10-07,breakout,CRWD,"CrowdStrike Holdings, Inc. Class A Common Stock",NDX,0.638,1,0.0,,
2026-10-07,breakout,CRWD,CrowdStrike,SPX,0.539,1,0.0,,
2026-10-07,breakout,FRSH,FRESHWORKS CLASS A,R2K,0.683,1,86.3,,
2026-10-07,breakout,FTNT,"Fortinet, Inc. Common Stock",NDX,0.552,1,0.0,,
2026-10-07,breakout,FTNT,Fortinet,SPX,0.52,1,0.0,,
2026-10-07,breakout,HPE,Hewlett Packard Enterprise,SPX,0.541,1,0.0,,
2026-10-07,breakout,INSW,INTERNATIONAL SEAWAYS,R2K,0.49,1,0.0,,
2026-10-07,breakout,JILL,J JILL INC,R2K,0.502,1,71.5,,
2026-10-07,breakout,LILAK,LIBERTY LATIN AMERICA CLASS C,R2K,0.608,1,66.3,,
2026-10-07,breakout,LIND,LINDBLAD EXPEDITIONS HOLDINGS,R2K,0.509,1,0.0,,
2026-10-07,breakout,MTW,MANITOWOC INC,R2K,0.485,1,0.0,,
2026-10-07,breakout,NDSN,Nordson Corporation,SPX,0.546,1,0.0,,
2026-10-07,breakout,NTAP,NetApp,SPX,0.592,1,0.0,,
2026-10-07,breakout,NVDA,NVIDIA Corporation Common Stock,NDX,0.581,1,0.0,,
2026-10-07,breakout,OSPN,ONESPAN,R2K,0.478,1,63.8,,
2026-10-07,breakout,P,Everpure,SPX,0.618,1,0.0,,
2026-10-07,breakout,PANW,"Palo Alto Networks, Inc. Common Stock",NDX,0.66,1,0.0,,
2026-10-07,breakout,PANW,Palo Alto Networks,SPX,0.547,1,0.0,,
2026-10-07,breakout,XMTR,XOMETRY CLASS A,R2K,0.489,1,0.0,,
2026-10-07,breakout,ZETA,ZETA GLOBAL HOLDINGS CLASS A,R2K,0.529,2,70.0,,
2026-10-07,deepvalue,APP,Applovin Corporation,NDX,0.551,,62.0,9,True
2026-10-07,deepvalue,APP,Applovin Corporation,SPX,0.465,,62.0,9,True
2026-10-07,deepvalue,APTV,Aptiv PLC,SPX,0.761,,54.8,8,True
2026-10-07,deepvalue,BF-B,Brown Forman Inc,SPX,0.446,,53.3,6,True
2026-10-07,deepvalue,BSX,Boston Scientific Corporation,SPX,0.434,,61.0,8,False
2026-10-07,deepvalue,CPRT,"Copart, Inc.",NDX,0.604,,58.0,7,True
2026-10-07,deepvalue,CPRT,"Copart, Inc.",SPX,0.534,,58.0,7,True
2026-10-07,deepvalue,FISV,"Fiserv, Inc.",SPX,0.587,,80.9,6,True
2026-10-07,deepvalue,INTU,Intuit Inc.,NDX,0.662,,63.7,7,True
2026-10-07,deepvalue,INTU,Intuit Inc.,SPX,0.527,,63.7,7,True
2026-10-07,deepvalue,KKR,KKR & Co. Inc.,SPX,0.778,,45.1,6,True
2026-10-07,deepvalue,LVS,Las Vegas Sands Corp.,SPX,0.608,,46.8,8,True
2026-10-07,deepvalue,NKE,"Nike, Inc.",SPX,0.594,,69.8,7,True
2026-10-07,deepvalue,NRDS,"NerdWallet, Inc.",R2K,0.725,,47.8,8,True
2026-10-07,deepvalue,PNR,Pentair plc.,SPX,0.709,,52.4,9,True
2026-10-07,deepvalue,RHLD,Resolute Holdings Management,R2K,0.684,,48.9,7,True
2026-10-07,deepvalue,STZ,"Constellation Brands, Inc.",SPX,0.497,,54.9,7,True
2026-10-07,deepvalue,TSCO,Tractor Supply Company,SPX,0.42,,47.5,6,True
2026-10-07,deepvalue,TYL,"Tyler Technologies, Inc.",SPX,0.459,,48.8,7,True
2026-10-07,deepvalue,VRSK,"Verisk Analytics, Inc.",SPX,0.568,,47.9,8,True
2026-10-07,deepvalue,ZTS,Zoetis Inc.,SPX,0.664,,63.0,8,True
2026-10-08,52w_high,ABBV,AbbVie Inc.,,,,,,
2026-10-08,52w_high,AFRI,Forafric Global PLC,,,,,,
2026-10-08,52w_high,AMPL,"Amplitude, Inc.",,,,,,
2026-10-08,52w_high,ATKR,Atkore Inc.,,,,,,
2026-10-08,52w_high,BKH,Black Hills Corporation,,,,,,
2026-10-08,52w_high,BOW,Bowhead Specialty Holdings Inc.,,,,,,
2026-10-08,52w_high,BOX,"Box, Inc.",,,,,,
2026-10-08,52w_high,CFFI,C&F Financial Corporation,,,,,,
2026-10-08,52w_high,CON,Concentra Group Holdings Parent,,,,,,
2026-10-08,52w_high,DBRG,"DigitalBridge Group, Inc.",,,,,,
2026-10-08,52w_high,DHT,"DHT Holdings, Inc.",,,,,,
2026-10-08,52w_high,EBF,"Ennis, Inc.",,,,,,
2026-10-08,52w_high,FFIV,"F5, Inc.",,,,,,
2026-10-08,52w_high,GCT,GigaCloud Technology Inc,,,,,,
2026-10-08,52w_high,GNE,Genie Energy Ltd.,,,,,,
2026-10-08,52w_high,HNGE,"Hinge Health, Inc.",,,,,,
2026-10-08,52w_high,HPE,Hewlett Packard Enterprise Comp,,,,,,
2026-10-08,52w_high,HSTM,"HealthStream, Inc.",,,,,,
2026-10-08,52w_high,IDT,IDT Corporation,,,,,,
2026-10-08,52w_high,INFU,"InfuSystems Holdings, Inc.",,,,,,
2026-10-08,52w_high,INSW,"International Seaways, Inc.",,,,,,
2026-10-08,52w_high,ITGR,Integer Holdings Corporation,,,,,,
2026-10-08,52w_high,LILA,Liberty Latin America Ltd.,,,,,,
2026-10-08,52w_high,LILAK,Liberty Latin America Ltd.,,,,,,
2026-10-08,52w_high,MPC,Marathon Petroleum Corporation,,,,,,
2026-10-08,52w_high,NTAP,"NetApp, Inc.",,,,,,
2026-10-08,52w_high,NWE,"NorthWestern Energy Group, Inc.",,,,,,
2026-10-08,52w_high,P,"Everpure, Inc.",,,,,,
2026-10-08,52w_high,PAYS,"Paysign, Inc.",,,,,,
2026-10-08,52w_high,SBC,SBC Medical Group Holdings Inco,,,,,,
2026-10-08,52w_high,TNK,Teekay Tankers Ltd.,,,,,,
2026-10-08,52w_high,UTZ,Utz Brands Inc,,,,,,
2026-10-08,52w_high,VLO,Valero Energy Corporation,,,,,,
2026-10-08,52w_high,WBD,"Warner Bros. Discovery, Inc. - ",,,,,,
2026-10-08,52w_high,WEYS,"Weyco Group, Inc.",,,,,,
2026-10-08,52w_high,XERS,"Xeris Biopharma Holdings, Inc.",,,,,,
2026-10-08,52w_high,ZETA,Zeta Global Holdings Corp.,,,,,,
2026-10-08,52w_low,ABG,Asbury Automotive Group Inc,,,,,,
2026-10-08,52w_low,ABR,Arbor Realty Trust,,,,,,
2026-10-08,52w_low,ACAD,ACADIA Pharmaceuticals Inc.,,,,,,
2026-10-08,52w_low,ACRE,Ares Commercial Real Estate Cor,,,,,,
2026-10-08,52w_low,ALTI,"AlTi Global, Inc.",,,,,,
2026-10-08,52w_low,AOMR,"Angel Oak Mortgage REIT, Inc.",,,,,,
2026-10-08,52w_low,AOS,A.O. Smith Corporation,,,,,,
2026-10-08,52w_low,ARDX,"Ardelyx, Inc.",,,,,,
2026-10-08,52w_low,ARRY,"Array Technologies, Inc.",,,,,,
2026-10-08,52w_low,ASLE,AerSale Corporation,,,,,,
2026-10-08,52w_low,ASTE,"Astec Industries, Inc.",,,,,,
2026-10-08,52w_low,AVXL,Anavex Life Sciences Corp.,,,,,,
2026-10-08,52w_low,BBAI,"BigBear.ai, Inc.",,,,,,
2026-10-08,52w_low,BHR,Braemar Hotels & Resorts Inc.,,,,,,
2026-10-08,52w_low,BLDR,"Builders FirstSource, Inc.",,,,,,
2026-10-08,52w_low,BLND,"Blend Labs, Inc.",,,,,,
2026-10-08,52w_low,BMBL,Bumble Inc.,,,,,,
2026-10-08,52w_low,BZAI,"Blaize Holdings, Inc.",,,,,,
2026-10-08,52w_low,CALM,"Cal-Maine Foods, Inc.",,,,,,
2026-10-08,52w_low,CHTR,"Charter Communications, Inc.",,,,,,
2026-10-08,52w_low,CIM,Chimera Investment Corporation,,,,,,
2026-10-08,52w_low,CLNE,Clean Energy Fuels Corp.,,,,,,
2026-10-08,52w_low,CMCSA,Comcast Corporation,,,,,,
2026-10-08,52w_low,CPRT,"Copart, Inc.",,,,,,
2026-10-08,52w_low,CRBP,Corbus Pharmaceuticals Holdings,,,,,,
2026-10-08,52w_low,CRBU,"Caribou Biosciences, Inc.",,,,,,
2026-10-08,52w_low,CRH,CRH PLC,,,,,,
2026-10-08,52w_low,CWH,"Camping World Holdings, Inc.",,,,,,
2026-10-08,52w_low,CWK,Cushman & Wakefield Ltd.,,,,,,
2026-10-08,52w_low,DFH,"Dream Finders Homes, Inc.",,,,,,
2026-10-08,52w_low,DX,"Dynex Capital, Inc.",,,,,,
2026-10-08,52w_low,EPRT,Essential Properties Realty Tru,,,,,,
2026-10-08,52w_low,ERII,"Energy Recovery, Inc.",,,,,,
2026-10-08,52w_low,EVEX,"Eve Holding, Inc.",,,,,,
2026-10-08,52w_low,FBRT,"Franklin BSP Realty Trust, Inc.",,,,,,
2026-10-08,52w_low,FCPT,"Four Corners Property Trust, In",,,,,,
2026-10-08,52w_low,FER,Ferrovial N.V.,,,,,,
2026-10-08,52w_low,GBX,"Greenbrier Companies, Inc. (The",,,,,,
2026-10-08,52w_low,GEVO,"Gevo, Inc.",,,,,,
2026-10-08,52w_low,GPI,"Group 1 Automotive, Inc.",,,,,,
2026-10-08,52w_low,HLMN,Hillman Solutions Corp.,,,,,,
2026-10-08,52w_low,HUBG,"Hub Group, Inc.",,,,,,
2026-10-08,52w_low,IBP,"Installed Building Products, In",,,,,,
2026-10-08,52w_low,IDN,"Intellicheck, Inc.",,,,,,
2026-10-08,52w_low,INV,"Innventure, Inc.",,,,,,
2026-10-08,52w_low,IVR,INVESCO MORTGAGE CAPITAL INC,,,,,,
2026-10-08,52w_low,JBLU,JetBlue Airways Corporation,,,,,,
2026-10-08,52w_low,JBTM,JBT Marel Corporation,,,,,,
2026-10-08,52w_low,JOBY,"Joby Aviation, Inc.",,,,,,
2026-10-08,52w_low,KBH,KB Home,,,,,,
2026-10-08,52w_low,LCII,LCI Industries,,,,,,
2026-10-08,52w_low,LHX,"L3Harris Technologies, Inc.",,,,,,
2026-10-08,52w_low,LODE,Comstock Inc.,,,,,,
2026-10-08,52w_low,LULU,lululemon athletica inc.,,,,,,
2026-10-08,52w_low,LVS,Las Vegas Sands Corp.,,,,,,
2026-10-08,52w_low,MBUU,"Malibu Boats, Inc.",,,,,,
2026-10-08,52w_low,METC,"Ramaco Resources, Inc.",,,,,,
2026-10-08,52w_low,MFA,"MFA Financial, Inc.",,,,,,
2026-10-08,52w_low,MGM,MGM Resorts International,,,,,,
2026-10-08,52w_low,MIAX,"Miami International Holdings, I",,,,,,
2026-10-08,52w_low,MITT,"TPG Mortgage Investment Trust, ",,,,,,
2026-10-08,52w_low,NHI,"National Health Investors, Inc.",,,,,,
2026-10-08,52w_low,NMRA,"Neumora Therapeutics, Inc.",,,,,,
2026-10-08,52w_low,NMRK,"Newmark Group, Inc.",,,,,,
2026-10-08,52w_low,NPWR,NET Power Inc.,,,,,,
2026-10-08,52w_low,NXH,"Neighborhood Intelligence, Inc.",,,,,,
2026-10-08,52w_low,OPAL,OPAL Fuels Inc.,,,,,,
2026-10-08,52w_low,OPEN,Opendoor Technologies Inc,,,,,,
2026-10-08,52w_low,ORC,"Orchid Island Capital, Inc.",,,,,,
2026-10-08,52w_low,PAL,"Proficient Auto Logistics, Inc.",,,,,,
2026-10-08,52w_low,PATK,"Patrick Industries, Inc.",,,,,,
2026-10-08,52w_low,PCT,"PureCycle Technologies, Inc.",,,,,,
2026-10-08,52w_low,PEP,"Pepsico, Inc.",,,,,,
2026-10-08,52w_low,PFSI,"PennyMac Financial Services, In",,,,,,
2026-10-08,52w_low,PIPR,Piper Sandler Companies,,,,,,
2026-10-08,52w_low,PLBY,"Playboy, Inc.",,,,,,
2026-10-08,52w_low,PLUG,"Plug Power, Inc.",,,,,,
2026-10-08,52w_low,PNR,Pentair plc.,,,,,,
2026-10-08,52w_low,PZZA,"Papa John's International, Inc.",,,,,,
2026-10-08,52w_low,RAIL,"Freightcar America, Inc.",,,,,,
2026-10-08,52w_low,RCAT,"Red Cat Holdings, Inc.",,,,,,
2026-10-08,52w_low,REZI,"Resideo Technologies, Inc.",,,,,,
2026-10-08,52w_low,ROAD,"Construction Partners, Inc.",,,,,,
2026-10-08,52w_low,RUN,Sunrun Inc.,,,,,,
2026-10-08,52w_low,RWT,"Redwood Trust, Inc.",,,,,,
2026-10-08,52w_low,SEVN,Seven Hills Realty Trust,,,,,,
2026-10-08,52w_low,SMR,NuScale Power Corporation,,,,,,
2026-10-08,52w_low,SOUN,"SoundHound AI, Inc.",,,,,,
2026-10-08,52w_low,STXS,"Stereotaxis, Inc.",,,,,,
2026-10-08,52w_low,THRY,"Thryv Holdings, Inc.",,,,,,
2026-10-08,52w_low,TNXP,Tonix Pharmaceuticals Holding C,,,,,,
2026-10-08,52w_low,TRTX,"TPG RE Finance Trust, Inc.",,,,,,
2026-10-08,52w_low,TTAM,Titan America SA,,,,,,
2026-10-08,52w_low,TXT,Textron Inc.,,,,,,
2026-10-08,52w_low,UAMY,United States Antimony Corporat,,,,,,
2026-10-08,52w_low,UFPI,"UFP Industries, Inc.",,,,,,
2026-10-08,52w_low,USGO,U.S. GoldMining Inc.,,,,,,
2026-10-08,52w_low,UUUU,Energy Fuels Inc,,,,,,
2026-10-08,52w_low,WGO,"Winnebago Industries, Inc.",,,,,,
2026-10-08,52w_low,WY,Weyerhaeuser Company,,,,,,
2026-10-08,52w_low,WYNN,"Wynn Resorts, Limited",,,,,,
2026-10-08,52w_low,XENE,Xenon Pharmaceuticals Inc.,,,,,,
2026-10-08,52w_low,XRAY,DENTSPLY SIRONA Inc.,,,,,,
2026-10-08,breakout,ABBV,AbbVie,SPX,0.461,1,0.0,,
2026-10-08,breakout,AMPL,AMPLITUDE CLASS A,R2K,0.685,2,93.4,,
2026-10-08,breakout,ATKR,ATKORE,R2K,0.514,2,72.8,,
2026-10-08,breakout,BKH,BLACK HILLS CORP,R2K,0.406,1,0.0,,
2026-10-08,breakout,BOX,BOX INC CLASS A,R2K,0.514,2,44.6,,
2026-10-08,breakout,DHT,DHT HOLDINGS,R2K,0.418,1,0.0,,
2026-10-08,breakout,HPE,Hewlett Packard Enterprise,SPX,0.604,1,0.0,,
2026-10-08,breakout,HSTM,HEALTHSTREAM,R2K,0.44,2,41.4,,
2026-10-08,breakout,IDT,IDT CLASS B,R2K,0.446,1,0.0,,
2026-10-08,breakout,INSW,INTERNATIONAL SEAWAYS,R2K,0.455,1,0.0,,
2026-10-08,breakout,LILAK,LIBERTY LATIN AMERICA CLASS C,R2K,0.621,1,66.3,,
2026-10-08,breakout,MPC,Marathon Petroleum,SPX,0.505,1,0.0,,
2026-10-08,breakout,NTAP,NetApp,SPX,0.689,1,0.0,,
2026-10-08,breakout,NWE,NORTHWESTERN ENERGY GROUP,R2K,0.406,1,0.0,,
2026-10-08,breakout,P,Everpure,SPX,0.654,1,0.0,,
2026-10-08,breakout,PAYS,PAYSIGN INC,R2K,0.486,1,0.0,,
2026-10-08,breakout,TNK,TEEKAY TANKERS LTD CLASS A,R2K,0.432,1,0.0,,
2026-10-08,breakout,VLO,Valero Energy,SPX,0.446,1,0.0,,
2026-10-08,breakout,XERS,XERIS BIOPHARMA HOLDINGS,R2K,0.421,1,0.0,,
2026-10-08,breakout,ZETA,ZETA GLOBAL HOLDINGS CLASS A,R2K,0.487,2,70.0,,
2026-10-08,deepvalue,APOG,"Apogee Enterprises, Inc.",R2K,0.628,,50.7,6,True
2026-10-08,deepvalue,APP,Applovin Corporation,NDX,0.622,,61.7,9,True
2026-10-08,deepvalue,APTV,Aptiv PLC,SPX,0.761,,55.3,8,True
2026-10-08,deepvalue,ARDT,"Ardent Health, Inc.",R2K,0.624,,46.1,8,True
2026-10-08,deepvalue,COLL,"Collegium Pharmaceutical, Inc.",R2K,0.639,,56.0,6,True
2026-10-08,deepvalue,CPRT,"Copart, Inc.",NDX,0.671,,58.3,7,True
2026-10-08,deepvalue,DXC,DXC Technology Company,R2K,0.629,,52.0,6,True
2026-10-08,deepvalue,ICFI,"ICF International, Inc.",R2K,0.612,,52.3,7,True
2026-10-08,deepvalue,INTU,Intuit Inc.,NDX,0.682,,62.8,7,True
2026-10-08,deepvalue,JBI,"Janus International Group, Inc.",R2K,0.611,,72.7,6,True
2026-10-08,deepvalue,KKR,KKR & Co. Inc.,SPX,0.778,,45.7,6,True
2026-10-08,deepvalue,LRN,"Stride, Inc.",R2K,0.612,,53.1,6,True
2026-10-08,deepvalue,NRDS,"NerdWallet, Inc.",R2K,0.801,,46.5,8,True
2026-10-08,deepvalue,PNR,Pentair plc.,SPX,0.709,,53.1,9,True
2026-10-08,deepvalue,RHLD,Resolute Holdings Management,R2K,0.734,,49.2,7,True
2026-10-08,deepvalue,SAM,"Boston Beer Company, Inc. (The)",R2K,0.755,,55.8,8,True
2026-10-08,deepvalue,TRIP,"TripAdvisor, Inc.",R2K,0.678,,69.8,7,True
2026-10-08,deepvalue,UPBD,"Upbound Group, Inc.",R2K,0.644,,51.4,7,False
2026-10-08,deepvalue,YELP,Yelp Inc.,R2K,0.881,,62.0,7,True
2026-10-08,deepvalue,ZTS,Zoetis Inc.,SPX,0.664,,62.9,8,True
2026-10-09,52w_high,AFRI,Forafric Global PLC,,,,,,
2026-10-09,52w_high,ATKR,Atkore Inc.,,,,,,
2026-10-09,52w_high,BOW,Bowhead Specialty Holdings Inc.,,,,,,
2026-10-09,52w_high,CCO,"Clear Channel Outdoor Holdings,",,,,,,
2026-10-09,52w_high,CIX,CompX International Inc.,,,,,,
2026-10-09,52w_high,CMTV,Community Bancorp.,,,,,,
2026-10-09,52w_high,CVI,CVR Energy Inc.,,,,,,
2026-10-09,52w_high,DBRG,"DigitalBridge Group, Inc.",,,,,,
2026-10-09,52w_high,DHT,"DHT Holdings, Inc.",,,,,,
2026-10-09,52w_high,GCT,GigaCloud Technology Inc,,,,,,
2026-10-09,52w_high,GNE,Genie Energy Ltd.,,,,,,
2026-10-09,52w_high,HAE,Haemonetics Corporation,,,,,,
2026-10-09,52w_high,HPK,"HighPeak Energy, Inc.",,,,,,
2026-10-09,52w_high,HSTM,"HealthStream, Inc.",,,,,,
2026-10-09,52w_high,IDT,IDT Corporation,,,,,,
2026-10-09,52w_high,INSW,"International Seaways, Inc.",,,,,,
2026-10-09,52w_high,ITGR,Integer Holdings Corporation,,,,,,
2026-10-09,52w_high,MPC,Marathon Petroleum Corporation,,,,,,
2026-10-09,52w_high,NAT,Nordic American Tankers Limited,,,,,,
2026-10-09,52w_high,PARR,"Par Pacific Holdings, Inc. Comm",,,,,,
2026-10-09,52w_high,PBF,PBF Energy Inc.,,,,,,
2026-10-09,52w_high,PCRX,"Pacira BioSciences, Inc.",,,,,,
2026-10-09,52w_high,PM,Philip Morris International Inc,,,,,,
2026-10-09,52w_high,PSX,Phillips 66,,,,,,
2026-10-09,52w_high,RCMT,"RCM Technologies, Inc.",,,,,,
2026-10-09,52w_high,SIG,Signet Jewelers Limited,,,,,,
2026-10-09,52w_high,TK,Teekay Corporation Ltd.,,,,,,
2026-10-09,52w_high,TNK,Teekay Tankers Ltd.,,,,,,
2026-10-09,52w_high,UTZ,Utz Brands Inc,,,,,,
2026-10-09,52w_high,UVE,UNIVERSAL INSURANCE HOLDINGS IN,,,,,,
2026-10-09,52w_high,VLO,Valero Energy Corporation,,,,,,
2026-10-09,52w_high,WBD,"Warner Bros. Discovery, Inc. - ",,,,,,
2026-10-09,52w_high,WEYS,"Weyco Group, Inc.",,,,,,
2026-10-09,52w_low,ABAT,American Battery Technology Com,,,,,,
2026-10-09,52w_low,ABG,Asbury Automotive Group Inc,,,,,,
2026-10-09,52w_low,ABR,Arbor Realty Trust,,,,,,
2026-10-09,52w_low,ACAD,ACADIA Pharmaceuticals Inc.,,,,,,
2026-10-09,52w_low,ACH,"Accendra Health, Inc.",,,,,,
2026-10-09,52w_low,ACRE,Ares Commercial Real Estate Cor,,,,,,
2026-10-09,52w_low,AIOT,"PowerFleet, Inc.",,,,,,
2026-10-09,52w_low,AKBA,"Akebia Therapeutics, Inc.",,,,,,
2026-10-09,52w_low,AKR,Acadia Realty Trust,,,,,,
2026-10-09,52w_low,ALT,"Altimmune, Inc.",,,,,,
2026-10-09,52w_low,ALTI,"AlTi Global, Inc.",,,,,,
2026-10-09,52w_low,ARDX,"Ardelyx, Inc.",,,,,,
2026-10-09,52w_low,ARRY,"Array Technologies, Inc.",,,,,,
2026-10-09,52w_low,ASTE,"Astec Industries, Inc.",,,,,,
2026-10-09,52w_low,ATMU,Atmus Filtration Technologies I,,,,,,
2026-10-09,52w_low,BBAI,"BigBear.ai, Inc.",,,,,,
2026-10-09,52w_low,BETR,Better Home & Finance Holding C,,,,,,
2026-10-09,52w_low,BHR,Braemar Hotels & Resorts Inc.,,,,,,
2026-10-09,52w_low,BLDR,"Builders FirstSource, Inc.",,,,,,
2026-10-09,52w_low,BNTC,Benitec Biopharma Inc.,,,,,,
2026-10-09,52w_low,BUR,Burford Capital Limited,,,,,,
2026-10-09,52w_low,BZAI,"Blaize Holdings, Inc.",,,,,,
2026-10-09,52w_low,CABA,"Cabaletta Bio, Inc.",,,,,,
2026-10-09,52w_low,CDRE,"Cadre Holdings, Inc.",,,,,,
2026-10-09,52w_low,CHRS,"Coherus Oncology, Inc.",,,,,,
2026-10-09,52w_low,CIM,Chimera Investment Corporation,,,,,,
2026-10-09,52w_low,CMCSA,Comcast Corporation,,,,,,
2026-10-09,52w_low,COLL,"Collegium Pharmaceutical, Inc.",,,,,,
2026-10-09,52w_low,CRBP,Corbus Pharmaceuticals Holdings,,,,,,
2026-10-09,52w_low,CRBU,"Caribou Biosciences, Inc.",,,,,,
2026-10-09,52w_low,CRH,CRH PLC,,,,,,
2026-10-09,52w_low,CTMX,"CytomX Therapeutics, Inc.",,,,,,
2026-10-09,52w_low,CWH,"Camping World Holdings, Inc.",,,,,,
2026-10-09,52w_low,CWK,Cushman & Wakefield Ltd.,,,,,,
2026-10-09,52w_low,DX,"Dynex Capital, Inc.",,,,,,
2026-10-09,52w_low,ENOV,Enovis Corporation,,,,,,
2026-10-09,52w_low,ENVX,Enovix Corporation,,,,,,
2026-10-09,52w_low,EOSE,"Eos Energy Enterprises, Inc.",,,,,,
2026-10-09,52w_low,EPRT,Essential Properties Realty Tru,,,,,,
2026-10-09,52w_low,EVEX,"Eve Holding, Inc.",,,,,,
2026-10-09,52w_low,FCPT,"Four Corners Property Trust, In",,,,,,
2026-10-09,52w_low,FER,Ferrovial N.V.,,,,,,
2026-10-09,52w_low,FERG,Ferguson Enterprises Inc.,,,,,,
2026-10-09,52w_low,FG,"F&G Annuities & Life, Inc.",,,,,,
2026-10-09,52w_low,FHTX,Foghorn Therapeutics Inc.,,,,,,
2026-10-09,52w_low,FLNC,"Fluence Energy, Inc.",,,,,,
2026-10-09,52w_low,FRPH,"FRP Holdings, Inc.",,,,,,
2026-10-09,52w_low,GBFH,GBank Financial Holdings Inc.,,,,,,
2026-10-09,52w_low,GBX,"Greenbrier Companies, Inc. (The",,,,,,
2026-10-09,52w_low,HE,"Hawaiian Electric Industries, I",,,,,,
2026-10-09,52w_low,HLMN,Hillman Solutions Corp.,,,,,,
2026-10-09,52w_low,HRL,Hormel Foods Corporation,,,,,,
2026-10-09,52w_low,HUBG,"Hub Group, Inc.",,,,,,
2026-10-09,52w_low,IBP,"Installed Building Products, In",,,,,,
2026-10-09,52w_low,IDR,"Idaho Strategic Resources, Inc.",,,,,,
2026-10-09,52w_low,IMRX,Immuneering Corporation,,,,,,
2026-10-09,52w_low,IRTC,"iRhythm Holdings, Inc.",,,,,,
2026-10-09,52w_low,IVR,INVESCO MORTGAGE CAPITAL INC,,,,,,
2026-10-09,52w_low,JBLU,JetBlue Airways Corporation,,,,,,
2026-10-09,52w_low,KNF,Knife Riv Holding Co.,,,,,,
2026-10-09,52w_low,KPTI,Karyopharm Therapeutics Inc.,,,,,,
2026-10-09,52w_low,KYTX,"Kyverna Therapeutics, Inc.",,,,,,
2026-10-09,52w_low,LCID,"Lucid Group, Inc.",,,,,,
2026-10-09,52w_low,LCII,LCI Industries,,,,,,
2026-10-09,52w_low,LENZ,"LENZ Therapeutics, Inc.",,,,,,
2026-10-09,52w_low,LFMD,"LifeMD, Inc.",,,,,,
2026-10-09,52w_low,LRMR,"Larimar Therapeutics, Inc.",,,,,,
2026-10-09,52w_low,LTBR,Lightbridge Corporation,,,,,,
2026-10-09,52w_low,LUMN,"Lumen Technologies, Inc. Common Stock",,,,,,
2026-10-09,52w_low,LVS,Las Vegas Sands Corp.,,,,,,
2026-10-09,52w_low,LXEO,"Lexeo Therapeutics, Inc.",,,,,,
2026-10-09,52w_low,LYEL,"Lyell Immunopharma, Inc.",,,,,,
2026-10-09,52w_low,MBUU,"Malibu Boats, Inc.",,,,,,
2026-10-09,52w_low,MDWD,MediWound Ltd.,,,,,,
2026-10-09,52w_low,MFA,"MFA Financial, Inc.",,,,,,
2026-10-09,52w_low,MLM,"Martin Marietta Materials, Inc.",,,,,,
2026-10-09,52w_low,MLYS,"Mineralys Therapeutics, Inc.",,,,,,
2026-10-09,52w_low,NAGE,"Niagen Bioscience, Inc.",,,,,,
2026-10-09,52w_low,NATR,"Nature's Sunshine Products, Inc",,,,,,
2026-10-09,52w_low,NB,NioCorp Developments Ltd.,,,,,,
2026-10-09,52w_low,NMRA,"Neumora Therapeutics, Inc.",,,,,,
2026-10-09,52w_low,NN,NextNav Inc.,,,,,,
2026-10-09,52w_low,NPWR,NET Power Inc.,,,,,,
2026-10-09,52w_low,NXH,"Neighborhood Intelligence, Inc.",,,,,,
2026-10-09,52w_low,OCFC,OceanFirst Financial Corp.,,,,,,
2026-10-09,52w_low,OCGN,"Ocugen, Inc.",,,,,,
2026-10-09,52w_low,OKUR,"OnKure Therapeutics, Inc.",,,,,,
2026-10-09,52w_low,OLMA,"Olema Pharmaceuticals, Inc.",,,,,,
2026-10-09,52w_low,ONIT,Onity Group Inc.,,,,,,
2026-10-09,52w_low,OPAL,OPAL Fuels Inc.,,,,,,
2026-10-09,52w_low,OPEN,Opendoor Technologies Inc,,,,,,
2026-10-09,52w_low,ORA,"Ormat Technologies, Inc.",,,,,,
2026-10-09,52w_low,ORC,"Orchid Island Capital, Inc.",,,,,,
2026-10-09,52w_low,ORGO,Organogenesis Holdings Inc.,,,,,,
2026-10-09,52w_low,PAL,"Proficient Auto Logistics, Inc.",,,,,,
2026-10-09,52w_low,PCT,"PureCycle Technologies, Inc.",,,,,,
2026-10-09,52w_low,PFSI,"PennyMac Financial Services, In",,,,,,
2026-10-09,52w_low,PLBY,"Playboy, Inc.",,,,,,
2026-10-09,52w_low,PLUG,"Plug Power, Inc.",,,,,,
2026-10-09,52w_low,PMT,PennyMac Mortgage Investment Tr,,,,,,
2026-10-09,52w_low,PNR,Pentair plc.,,,,,,
2026-10-09,52w_low,PTCT,"PTC Therapeutics, Inc.",,,,,,
2026-10-09,52w_low,PZZA,"Papa John's International, Inc.",,,,,,
2026-10-09,52w_low,RAIL,"Freightcar America, Inc.",,,,,,
2026-10-09,52w_low,RCAT,"Red Cat Holdings, Inc.",,,,,,
2026-10-09,52w_low,REZI,"Resideo Technologies, Inc.",,,,,,
2026-10-09,52w_low,ROAD,"Construction Partners, Inc.",,,,,,
2026-10-09,52w_low,RUN,Sunrun Inc.,,,,,,
2026-10-09,52w_low,RWT,"Redwood Trust, Inc.",,,,,,
2026-10-09,52w_low,SMR,NuScale Power Corporation,,,,,,
2026-10-09,52w_low,SOUN,"SoundHound AI, Inc.",,,,,,
2026-10-09,52w_low,STXS,"Stereotaxis, Inc.",,,,,,
2026-10-09,52w_low,TNXP,Tonix Pharmaceuticals Holding C,,,,,,
2026-10-09,52w_low,TRTX,"TPG RE Finance Trust, Inc.",,,,,,
2026-10-09,52w_low,TTAM,Titan America SA,,,,,,
2026-10-09,52w_low,UAMY,United States Antimony Corporat,,,,,,
2026-10-09,52w_low,UFPI,"UFP Industries, Inc.",,,,,,
2026-10-09,52w_low,UNCY,"Unicycive Therapeutics, Inc.",,,,,,
2026-10-09,52w_low,UPB,"Upstream Bio, Inc.",,,,,,
2026-10-09,52w_low,URG,Ur Energy Inc,,,,,,
2026-10-09,52w_low,USGO,U.S. GoldMining Inc.,,,,,,
2026-10-09,52w_low,UUUU,Energy Fuels Inc,,,,,,
2026-10-09,52w_low,VEL,"Velocity Financial, Inc.",,,,,,
2026-10-09,52w_low,VERI,"Veritone, Inc.",,,,,,
2026-10-09,52w_low,VYGR,"Voyager Therapeutics, Inc.",,,,,,
2026-10-09,52w_low,WVE,"Wave Life Sciences, Inc.",,,,,,
2026-10-09,52w_low,WYNN,"Wynn Resorts, Limited",,,,,,
2026-10-09,52w_low,XENE,Xenon Pharmaceuticals Inc.,,,,,,
2026-10-09,52w_low,XFOR,"X4 Pharmaceuticals, Inc.",,,,,,
2026-10-09,52w_low,XRAY,DENTSPLY SIRONA Inc.,,,,,,
2026-10-09,breakout,ATKR,ATKORE,R2K,0.507,2,72.8,,
2026-10-09,breakout,CVI,CVR ENERGY INC,R2K,0.518,1,0.0,,
2026-10-09,breakout,DHT,DHT HOLDINGS,R2K,0.421,1,0.0,,
2026-10-09,breakout,GCT,GIGACLOUD TECHNOLOGY INC CLASS A,R2K,0.267,1,0.0,,
2026-10-09,breakout,HAE,HAEMONETICS CORP,R2K,0.628,1,0.0,,
2026-10-09,breakout,HSTM,HEALTHSTREAM,R2K,0.421,2,41.4,,
2026-10-09,breakout,INSW,INTERNATIONAL SEAWAYS,R2K,0.456,1,0.0,,
2026-10-09,breakout,MPC,Marathon Petroleum,SPX,0.403,1,0.0,,
2026-10-09,breakout,NAT,NORDIC AMERICAN TANKERS LTD,R2K,0.446,1,0.0,,
2026-10-09,breakout,PARR,PAR PACIFIC HOLDINGS,R2K,0.4,1,0.0,,
2026-10-09,breakout,PBF,PBF ENERGY CLASS A,R2K,0.482,1,0.0,,
2026-10-09,breakout,PCRX,PACIRA BIOSCIENCES,R2K,0.619,2,85.7,,
2026-10-09,breakout,PM,Philip Morris International,SPX,0.371,1,0.0,,
2026-10-09,breakout,PRTH,PRIORITY TECHNOLOGY HOLDINGS INC,R2K,0.384,2,62.3,,
2026-10-09,breakout,PSX,Phillips 66,SPX,0.547,1,0.0,,
2026-10-09,breakout,SIG,SIGNET JEWELERS,R2K,0.508,1,57.1,,
2026-10-09,breakout,TK,TEEKAY CORPORATION CORP LTD,R2K,0.346,1,0.0,,
2026-10-09,breakout,TNK,TEEKAY TANKERS LTD CLASS A,R2K,0.424,1,0.0,,
2026-10-09,breakout,UTZ,UTZ BRANDS CLASS A,R2K,0.471,1,63.8,,
2026-10-09,breakout,UVE,UNIVERSAL INSURANCE HOLDINGS INC,R2K,0.369,1,0.0,,
2026-10-09,deepvalue,APOG,"Apogee Enterprises, Inc.",R2K,0.633,,51.1,6,True
2026-10-09,deepvalue,APP,Applovin Corporation,NDX,0.622,,61.8,9,True
2026-10-09,deepvalue,APTV,Aptiv PLC,SPX,0.766,,55.3,8,True
2026-10-09,deepvalue,ARDT,"Ardent Health, Inc.",R2K,0.631,,45.2,8,True
2026-10-09,deepvalue,COLL,"Collegium Pharmaceutical, Inc.",R2K,0.643,,55.6,6,True
2026-10-09,deepvalue,CPRT,"Copart, Inc.",NDX,0.671,,57.0,7,True
2026-10-09,deepvalue,DXC,DXC Technology Company,R2K,0.631,,50.6,6,True
2026-10-09,deepvalue,ICFI,"ICF International, Inc.",R2K,0.622,,50.0,7,True
2026-10-09,deepvalue,INTU,Intuit Inc.,NDX,0.682,,61.8,7,True
2026-10-09,deepvalue,JBI,"Janus International Group, Inc.",R2K,0.617,,72.5,6,True
2026-10-09,deepvalue,KKR,KKR & Co. Inc.,SPX,0.775,,45.8,6,True
2026-10-09,deepvalue,LRN,"Stride, Inc.",R2K,0.621,,52.1,6,True
2026-10-09,deepvalue,LVS,Las Vegas Sands Corp.,SPX,0.665,,47.1,8,True
2026-10-09,deepvalue,PNR,Pentair plc.,SPX,0.697,,53.0,9,True
2026-10-09,deepvalue,RHLD,Resolute Holdings Management,R2K,0.742,,48.7,7,True
2026-10-09,deepvalue,SAM,"Boston Beer Company, Inc. (The)",R2K,0.76,,54.9,8,True
2026-10-09,deepvalue,TRIP,"TripAdvisor, Inc.",R2K,0.685,,68.6,7,True
2026-10-09,deepvalue,UPBD,"Upbound Group, Inc.",R2K,0.648,,51.2,7,False
2026-10-09,deepvalue,YELP,Yelp Inc.,R2K,0.889,,60.0,7,True
2026-10-09,deepvalue,ZTS,Zoetis Inc.,SPX,0.656,,62.1,8,True
