month,theme,hs,country,export_usd,export_kg
2023-01,라면,190230,네덜란드,4312987,1170446
2023-01,라면,190230,대만,1429636,446437
2023-01,라면,190230,독일,2084521,598453
2023-01,라면,190230,러시아,1143195,283375
2023-01,라면,190230,말레이시아,2757430,660502
2023-01,라면,190230,멕시코,328832,65668
2023-01,라면,190230,미국,8145856,2179939
2023-01,라면,190230,베트남,1529886,442523
2023-01,라면,190230,사우디아라비아,51728,10993
2023-01,라면,190230,싱가포르,529506,133954
2023-01,라면,190230,아랍에미리트,966905,244993
2023-01,라면,190230,영국,2894026,766865
2023-01,라면,190230,인도,1160370,297685
2023-01,라면,190230,인도네시아,592383,175820
2023-01,라면,190230,일본,5352563,1848868
2023-01,라면,190230,전체,67948579,19521999
2023-01,라면,190230,중국,15267905,4431267
2023-01,라면,190230,카자흐스탄,877158,198275
2023-01,라면,190230,캐나다,2188196,734218
2023-01,라면,190230,태국,1488376,417780
2023-01,라면,190230,튀르키예,0,0
2023-01,라면,190230,폴란드,73969,27175
2023-01,라면,190230,필리핀,2637373,768921
2023-01,라면,190230,호주,1942672,659327
2023-01,라면,190230,홍콩,2058890,669867
2023-01,리튬이온 배터리,850760,네덜란드,6464171,120977
2023-01,리튬이온 배터리,850760,대만,1866927,35341
2023-01,리튬이온 배터리,850760,독일,65476185,1497239
2023-01,리튬이온 배터리,850760,러시아,349276,3311
2023-01,리튬이온 배터리,850760,말레이시아,14009,195
2023-01,리튬이온 배터리,850760,멕시코,2147100,51173
2023-01,리튬이온 배터리,850760,미국,349302662,9522052
2023-01,리튬이온 배터리,850760,베트남,17921873,189476
2023-01,리튬이온 배터리,850760,싱가포르,2322894,50698
2023-01,리튬이온 배터리,850760,아랍에미리트,51672,399
2023-01,리튬이온 배터리,850760,영국,2197152,97314
2023-01,리튬이온 배터리,850760,인도,32350196,826941
2023-01,리튬이온 배터리,850760,인도네시아,67678,994
2023-01,리튬이온 배터리,850760,일본,16912017,419357
2023-01,리튬이온 배터리,850760,전체,612170975,15306611
2023-01,리튬이온 배터리,850760,중국,20140145,441223
2023-01,리튬이온 배터리,850760,캐나다,1103542,23341
2023-01,리튬이온 배터리,850760,태국,108326,1882
2023-01,리튬이온 배터리,850760,튀르키예,632328,3425
2023-01,리튬이온 배터리,850760,폴란드,11176513,232927
2023-01,리튬이온 배터리,850760,필리핀,3092507,82732
2023-01,리튬이온 배터리,850760,호주,879815,20345
2023-01,리튬이온 배터리,850760,홍콩,1379812,42026
2023-01,메모리 반도체,854232,네덜란드,2230721,181
2023-01,메모리 반도체,854232,대만,133115043,13833
2023-01,메모리 반도체,854232,독일,2881584,183
2023-01,메모리 반도체,854232,러시아,239,1
2023-01,메모리 반도체,854232,말레이시아,16491173,1234
2023-01,메모리 반도체,854232,멕시코,4042074,1291
2023-01,메모리 반도체,854232,미국,19200357,1201
2023-01,메모리 반도체,854232,베트남,459824570,32694
2023-01,메모리 반도체,854232,싱가포르,3706143,481
2023-01,메모리 반도체,854232,영국,611849,44
2023-01,메모리 반도체,854232,인도,66328748,1772
2023-01,메모리 반도체,854232,인도네시아,20208722,2564
2023-01,메모리 반도체,854232,일본,19079396,1117
2023-01,메모리 반도체,854232,전체,2490437636,212652
2023-01,메모리 반도체,854232,중국,1229364965,70587
2023-01,메모리 반도체,854232,캐나다,51089,7
2023-01,메모리 반도체,854232,태국,5541985,3612
2023-01,메모리 반도체,854232,튀르키예,4602735,382
2023-01,메모리 반도체,854232,폴란드,9532866,2842
2023-01,메모리 반도체,854232,필리핀,61282891,29105
2023-01,메모리 반도체,854232,호주,0,0
2023-01,메모리 반도체,854232,홍콩,392176928,46391
2023-01,바이오의약품·톡신,3002,네덜란드,6703887,1441
2023-01,바이오의약품·톡신,3002,대만,953568,1221
2023-01,바이오의약품·톡신,3002,독일,17127187,2229
2023-01,바이오의약품·톡신,3002,러시아,1360554,5233
2023-01,바이오의약품·톡신,3002,말레이시아,126635,549
2023-01,바이오의약품·톡신,3002,멕시코,139540,159
2023-01,바이오의약품·톡신,3002,미국,93143960,17168
2023-01,바이오의약품·톡신,3002,베트남,1285907,15022
2023-01,바이오의약품·톡신,3002,사우디아라비아,1290664,463
2023-01,바이오의약품·톡신,3002,싱가포르,630369,738
2023-01,바이오의약품·톡신,3002,아랍에미리트,193920,410
2023-01,바이오의약품·톡신,3002,영국,117574,229
2023-01,바이오의약품·톡신,3002,인도,606638,4977
2023-01,바이오의약품·톡신,3002,인도네시아,490823,64534
2023-01,바이오의약품·톡신,3002,일본,33911856,9867
2023-01,바이오의약품·톡신,3002,전체,428049127,287392
2023-01,바이오의약품·톡신,3002,중국,1870384,12165
2023-01,바이오의약품·톡신,3002,카자흐스탄,710984,2650
2023-01,바이오의약품·톡신,3002,캐나다,1110849,781
2023-01,바이오의약품·톡신,3002,태국,3943987,4738
2023-01,바이오의약품·톡신,3002,튀르키예,58377297,11043
2023-01,바이오의약품·톡신,3002,폴란드,63395,333
2023-01,바이오의약품·톡신,3002,필리핀,756907,2240
2023-01,바이오의약품·톡신,3002,호주,13877,36
2023-01,바이오의약품·톡신,3002,홍콩,1481593,2689
2023-01,반도체 장비,8486,네덜란드,20080915,35612
2023-01,반도체 장비,8486,대만,47682386,319729
2023-01,반도체 장비,8486,독일,7990281,24092
2023-01,반도체 장비,8486,러시아,303893,1165
2023-01,반도체 장비,8486,말레이시아,4855559,33021
2023-01,반도체 장비,8486,멕시코,402886,10073
2023-01,반도체 장비,8486,미국,50462379,314666
2023-01,반도체 장비,8486,베트남,52684338,1058451
2023-01,반도체 장비,8486,싱가포르,35887334,202100
2023-01,반도체 장비,8486,영국,1055930,6114
2023-01,반도체 장비,8486,인도,3532813,40641
2023-01,반도체 장비,8486,인도네시아,127203,1138
2023-01,반도체 장비,8486,일본,28772473,274916
2023-01,반도체 장비,8486,전체,402305096,4381628
2023-01,반도체 장비,8486,중국,122209137,1831445
2023-01,반도체 장비,8486,캐나다,20871,48
2023-01,반도체 장비,8486,태국,219135,511
2023-01,반도체 장비,8486,튀르키예,90000,2440
2023-01,반도체 장비,8486,폴란드,200,1
2023-01,반도체 장비,8486,필리핀,944046,1472
2023-01,반도체 장비,8486,홍콩,236915,423
2023-01,변압기·전력변환기,8504,네덜란드,3736420,61126
2023-01,변압기·전력변환기,8504,대만,1940117,101850
2023-01,변압기·전력변환기,8504,독일,1987733,47741
2023-01,변압기·전력변환기,8504,러시아,619281,19999
2023-01,변압기·전력변환기,8504,말레이시아,2443409,185526
2023-01,변압기·전력변환기,8504,멕시코,1311795,38292
2023-01,변압기·전력변환기,8504,미국,93366314,5734011
2023-01,변압기·전력변환기,8504,베트남,21135999,592690
2023-01,변압기·전력변환기,8504,사우디아라비아,4840796,440408
2023-01,변압기·전력변환기,8504,싱가포르,2642389,286200
2023-01,변압기·전력변환기,8504,아랍에미리트,17837233,1274875
2023-01,변압기·전력변환기,8504,영국,95413,3346
2023-01,변압기·전력변환기,8504,인도,3488249,115882
2023-01,변압기·전력변환기,8504,인도네시아,4196085,152161
2023-01,변압기·전력변환기,8504,일본,8330759,575659
2023-01,변압기·전력변환기,8504,전체,241085081,14078749
2023-01,변압기·전력변환기,8504,중국,22430883,806249
2023-01,변압기·전력변환기,8504,카자흐스탄,9191,204
2023-01,변압기·전력변환기,8504,캐나다,152611,2668
2023-01,변압기·전력변환기,8504,태국,10687252,1200394
2023-01,변압기·전력변환기,8504,튀르키예,1206010,31210
2023-01,변압기·전력변환기,8504,폴란드,3522432,46399
2023-01,변압기·전력변환기,8504,필리핀,1582938,228848
2023-01,변압기·전력변환기,8504,호주,470534,22012
2023-01,변압기·전력변환기,8504,홍콩,1633188,31905
2023-01,선박,8901,말레이시아,910000,1534000
2023-01,선박,8901,사우디아라비아,41443130,33817000
2023-01,선박,8901,싱가포르,207254690,38033700
2023-01,선박,8901,인도,910000,2598120
2023-01,선박,8901,일본,3616,22
2023-01,선박,8901,전체,1308888509,750395042
2023-01,선박,8901,중국,0,0
2023-01,선박,8901,호주,0,0
2023-01,선박,8901,홍콩,19200000,5219000
2023-01,승용차,8703,네덜란드,67968200,4250645
2023-01,승용차,8703,대만,24648336,2069912
2023-01,승용차,8703,독일,182684728,10329881
2023-01,승용차,8703,러시아,66379436,4600268
2023-01,승용차,8703,말레이시아,1294798,62000
2023-01,승용차,8703,멕시코,20643585,1887550
2023-01,승용차,8703,미국,2027720806,131793392
2023-01,승용차,8703,베트남,35097882,2717227
2023-01,승용차,8703,사우디아라비아,109794942,9553181
2023-01,승용차,8703,싱가포르,2547919,199761
2023-01,승용차,8703,아랍에미리트,26055567,3013169
2023-01,승용차,8703,영국,187099619,11196015
2023-01,승용차,8703,인도,0,0
2023-01,승용차,8703,인도네시아,29569722,1554208
2023-01,승용차,8703,일본,131518,11060
2023-01,승용차,8703,전체,4796498764,364808658
2023-01,승용차,8703,중국,7795028,234686
2023-01,승용차,8703,카자흐스탄,90313555,6501812
2023-01,승용차,8703,캐나다,353957937,27301883
2023-01,승용차,8703,태국,388283,7885
2023-01,승용차,8703,튀르키예,20555064,4987630
2023-01,승용차,8703,폴란드,23367941,1729447
2023-01,승용차,8703,필리핀,5827448,380551
2023-01,승용차,8703,호주,311912888,24260653
2023-01,승용차,8703,홍콩,5828020,316629
2023-01,시스템반도체,854231,네덜란드,3935678,4424
2023-01,시스템반도체,854231,대만,183812042,69659
2023-01,시스템반도체,854231,독일,9021475,1859
2023-01,시스템반도체,854231,러시아,56267,10
2023-01,시스템반도체,854231,말레이시아,85113466,33140
2023-01,시스템반도체,854231,멕시코,3739944,3926
2023-01,시스템반도체,854231,미국,34055015,12111
2023-01,시스템반도체,854231,베트남,217401413,37670
2023-01,시스템반도체,854231,싱가포르,312624475,63031
2023-01,시스템반도체,854231,영국,55620,53
2023-01,시스템반도체,854231,인도,44072997,8803
2023-01,시스템반도체,854231,인도네시아,13220368,4960
2023-01,시스템반도체,854231,일본,27068508,11037
2023-01,시스템반도체,854231,전체,2134402615,489150
2023-01,시스템반도체,854231,중국,931505272,125617
2023-01,시스템반도체,854231,캐나다,73700,74
2023-01,시스템반도체,854231,태국,13391560,7080
2023-01,시스템반도체,854231,튀르키예,1359181,110
2023-01,시스템반도체,854231,폴란드,18275470,3885
2023-01,시스템반도체,854231,필리핀,64370563,42357
2023-01,시스템반도체,854231,호주,25315,42
2023-01,시스템반도체,854231,홍콩,108234940,38880
2023-01,완제의약품,3004,네덜란드,67453,87
2023-01,완제의약품,3004,대만,429191,2630
2023-01,완제의약품,3004,독일,1887458,5950
2023-01,완제의약품,3004,러시아,168916,817
2023-01,완제의약품,3004,말레이시아,662024,18004
2023-01,완제의약품,3004,멕시코,1946892,22774
2023-01,완제의약품,3004,미국,1791325,47683
2023-01,완제의약품,3004,베트남,3617499,191100
2023-01,완제의약품,3004,사우디아라비아,289056,18273
2023-01,완제의약품,3004,싱가포르,322812,9243
2023-01,완제의약품,3004,아랍에미리트,2485165,45949
2023-01,완제의약품,3004,영국,1039789,618
2023-01,완제의약품,3004,인도,793104,3371
2023-01,완제의약품,3004,인도네시아,563317,5067
2023-01,완제의약품,3004,일본,12609799,126671
2023-01,완제의약품,3004,전체,56681936,1045604
2023-01,완제의약품,3004,중국,2897237,53306
2023-01,완제의약품,3004,카자흐스탄,664967,5810
2023-01,완제의약품,3004,캐나다,3842,7
2023-01,완제의약품,3004,태국,3092918,41627
2023-01,완제의약품,3004,튀르키예,274545,431
2023-01,완제의약품,3004,폴란드,214363,647
2023-01,완제의약품,3004,필리핀,3642597,64742
2023-01,완제의약품,3004,호주,9073,242
2023-01,완제의약품,3004,홍콩,489523,7107
2023-01,의료기기,9018,네덜란드,2772102,16111
2023-01,의료기기,9018,대만,2837610,38505
2023-01,의료기기,9018,독일,8288285,63619
2023-01,의료기기,9018,러시아,7984788,126374
2023-01,의료기기,9018,말레이시아,2320970,13211
2023-01,의료기기,9018,멕시코,2055286,18089
2023-01,의료기기,9018,미국,31736227,322784
2023-01,의료기기,9018,베트남,1616538,41061
2023-01,의료기기,9018,사우디아라비아,1628601,22858
2023-01,의료기기,9018,싱가포르,2343589,11100
2023-01,의료기기,9018,아랍에미리트,4997395,23861
2023-01,의료기기,9018,영국,6488938,87676
2023-01,의료기기,9018,인도,9202562,65307
2023-01,의료기기,9018,인도네시아,2742952,35347
2023-01,의료기기,9018,일본,11791525,79728
2023-01,의료기기,9018,전체,176447553,1636744
2023-01,의료기기,9018,중국,9426460,65940
2023-01,의료기기,9018,카자흐스탄,1208029,11875
2023-01,의료기기,9018,캐나다,2438500,14788
2023-01,의료기기,9018,태국,2983520,24072
2023-01,의료기기,9018,튀르키예,2374414,10420
2023-01,의료기기,9018,폴란드,3149653,22465
2023-01,의료기기,9018,필리핀,1565775,67132
2023-01,의료기기,9018,호주,2379021,26413
2023-01,의료기기,9018,홍콩,2243842,11778
2023-01,전선·케이블,8544,네덜란드,503193,14362
2023-01,전선·케이블,8544,대만,3079970,265717
2023-01,전선·케이블,8544,독일,2716719,176655
2023-01,전선·케이블,8544,러시아,709627,47501
2023-01,전선·케이블,8544,말레이시아,1621371,110686
2023-01,전선·케이블,8544,멕시코,11298991,649873
2023-01,전선·케이블,8544,미국,67233726,7638823
2023-01,전선·케이블,8544,베트남,29896437,1721235
2023-01,전선·케이블,8544,사우디아라비아,538648,94135
2023-01,전선·케이블,8544,싱가포르,6681983,774078
2023-01,전선·케이블,8544,아랍에미리트,558430,39919
2023-01,전선·케이블,8544,영국,1136176,58587
2023-01,전선·케이블,8544,인도,7560531,307390
2023-01,전선·케이블,8544,인도네시아,4210696,353756
2023-01,전선·케이블,8544,일본,13166081,1491403
2023-01,전선·케이블,8544,전체,265845675,22937930
2023-01,전선·케이블,8544,중국,51176293,3750406
2023-01,전선·케이블,8544,카자흐스탄,78326,2600
2023-01,전선·케이블,8544,캐나다,711465,27720
2023-01,전선·케이블,8544,태국,3962902,364399
2023-01,전선·케이블,8544,튀르키예,2800683,145722
2023-01,전선·케이블,8544,폴란드,1758095,50885
2023-01,전선·케이블,8544,필리핀,12749649,1110796
2023-01,전선·케이블,8544,호주,3611439,336122
2023-01,전선·케이블,8544,홍콩,2156819,264863
2023-01,태양광 모듈,854143,네덜란드,32500,70
2023-01,태양광 모듈,854143,독일,0,0
2023-01,태양광 모듈,854143,멕시코,0,0
2023-01,태양광 모듈,854143,미국,145443573,21093376
2023-01,태양광 모듈,854143,베트남,45224,536
2023-01,태양광 모듈,854143,싱가포르,0,0
2023-01,태양광 모듈,854143,일본,105730,21586
2023-01,태양광 모듈,854143,전체,147105721,21340427
2023-01,태양광 모듈,854143,중국,302820,68162
2023-01,태양광 모듈,854143,캐나다,204,0
2023-01,태양광 모듈,854143,태국,54,1
2023-01,태양광 모듈,854143,필리핀,0,0
2023-01,태양광 모듈,854143,홍콩,341039,112450
2023-01,화장품,3304,네덜란드,2997691,107761
2023-01,화장품,3304,대만,10315552,441330
2023-01,화장품,3304,독일,2547475,112153
2023-01,화장품,3304,러시아,20047915,1028992
2023-01,화장품,3304,말레이시아,4768320,174603
2023-01,화장품,3304,멕시코,284766,4708
2023-01,화장품,3304,미국,55720921,1925627
2023-01,화장품,3304,베트남,24897593,560326
2023-01,화장품,3304,사우디아라비아,1992097,76908
2023-01,화장품,3304,싱가포르,6251644,204683
2023-01,화장품,3304,아랍에미리트,4496427,85651
2023-01,화장품,3304,영국,4799597,130082
2023-01,화장품,3304,인도,2439164,118840
2023-01,화장품,3304,인도네시아,3711116,101694
2023-01,화장품,3304,일본,45133961,1158599
2023-01,화장품,3304,전체,395308993,12982106
2023-01,화장품,3304,중국,114317479,3683666
2023-01,화장품,3304,카자흐스탄,3049229,116738
2023-01,화장품,3304,캐나다,4000290,151107
2023-01,화장품,3304,태국,11549215,328513
2023-01,화장품,3304,튀르키예,4353180,84651
2023-01,화장품,3304,폴란드,2614145,96483
2023-01,화장품,3304,필리핀,3315831,191619
2023-01,화장품,3304,호주,3571729,216583
2023-01,화장품,3304,홍콩,21558438,562709
2023-02,라면,190230,네덜란드,5271273,1362933
2023-02,라면,190230,대만,2387793,709647
2023-02,라면,190230,독일,1750135,555046
2023-02,라면,190230,러시아,782303,176292
2023-02,라면,190230,말레이시아,3665470,823876
2023-02,라면,190230,멕시코,520403,126247
2023-02,라면,190230,미국,12095857,3291742
2023-02,라면,190230,베트남,1048933,308326
2023-02,라면,190230,사우디아라비아,499955,91438
2023-02,라면,190230,싱가포르,656153,184914
2023-02,라면,190230,아랍에미리트,1232875,303432
2023-02,라면,190230,영국,2795163,689799
2023-02,라면,190230,인도,1032616,274157
2023-02,라면,190230,인도네시아,960995,270206
2023-02,라면,190230,일본,4536425,1392266
2023-02,라면,190230,전체,79494980,22464821
2023-02,라면,190230,중국,18505825,5424311
2023-02,라면,190230,카자흐스탄,1223829,312319
2023-02,라면,190230,캐나다,2144208,814777
2023-02,라면,190230,태국,2159299,582330
2023-02,라면,190230,튀르키예,12477,7194
2023-02,라면,190230,폴란드,138155,43301
2023-02,라면,190230,필리핀,2859833,823900
2023-02,라면,190230,호주,3572207,1111571
2023-02,라면,190230,홍콩,1685567,567784
2023-02,리튬이온 배터리,850760,네덜란드,5949963,113950
2023-02,리튬이온 배터리,850760,대만,26194936,678539
2023-02,리튬이온 배터리,850760,독일,71064049,1587132
2023-02,리튬이온 배터리,850760,러시아,1920760,36238
2023-02,리튬이온 배터리,850760,말레이시아,247501,3883
2023-02,리튬이온 배터리,850760,멕시코,4494817,111429
2023-02,리튬이온 배터리,850760,미국,347573575,10347361
2023-02,리튬이온 배터리,850760,베트남,24668572,286746
2023-02,리튬이온 배터리,850760,싱가포르,1931336,51842
2023-02,리튬이온 배터리,850760,아랍에미리트,1938859,88775
2023-02,리튬이온 배터리,850760,영국,73176,858
2023-02,리튬이온 배터리,850760,인도,21347123,550291
2023-02,리튬이온 배터리,850760,인도네시아,89312,1979
2023-02,리튬이온 배터리,850760,일본,10563016,209795
2023-02,리튬이온 배터리,850760,전체,659717668,17678153
2023-02,리튬이온 배터리,850760,중국,12664085,277828
2023-02,리튬이온 배터리,850760,카자흐스탄,74,1
2023-02,리튬이온 배터리,850760,캐나다,1454073,81695
2023-02,리튬이온 배터리,850760,태국,14751,190
2023-02,리튬이온 배터리,850760,튀르키예,1817795,40289
2023-02,리튬이온 배터리,850760,폴란드,2685,5
2023-02,리튬이온 배터리,850760,필리핀,199856,4932
2023-02,리튬이온 배터리,850760,호주,860426,18404
2023-02,리튬이온 배터리,850760,홍콩,974299,47303
2023-02,메모리 반도체,854232,네덜란드,4976464,273
2023-02,메모리 반도체,854232,대만,157601164,15862
2023-02,메모리 반도체,854232,독일,4108275,271
2023-02,메모리 반도체,854232,러시아,9121,29
2023-02,메모리 반도체,854232,말레이시아,20081417,1362
2023-02,메모리 반도체,854232,멕시코,3439500,1596
2023-02,메모리 반도체,854232,미국,16275652,1817
2023-02,메모리 반도체,854232,베트남,308032070,23762
2023-02,메모리 반도체,854232,싱가포르,1073149,346
2023-02,메모리 반도체,854232,아랍에미리트,0,0
2023-02,메모리 반도체,854232,영국,115039,9
2023-02,메모리 반도체,854232,인도,46584052,1591
2023-02,메모리 반도체,854232,인도네시아,18769473,2450
2023-02,메모리 반도체,854232,일본,24858721,1427
2023-02,메모리 반도체,854232,전체,2611222804,242519
2023-02,메모리 반도체,854232,중국,1498677533,103800
2023-02,메모리 반도체,854232,캐나다,28697,3
2023-02,메모리 반도체,854232,태국,7549429,3279
2023-02,메모리 반도체,854232,튀르키예,4170792,289
2023-02,메모리 반도체,854232,폴란드,7763662,2446
2023-02,메모리 반도체,854232,필리핀,64066196,23065
2023-02,메모리 반도체,854232,호주,6115,3
2023-02,메모리 반도체,854232,홍콩,386261203,55929
2023-02,바이오의약품·톡신,3002,네덜란드,890850,1162
2023-02,바이오의약품·톡신,3002,대만,3563551,48639
2023-02,바이오의약품·톡신,3002,독일,16290717,2116
2023-02,바이오의약품·톡신,3002,러시아,6314542,6022
2023-02,바이오의약품·톡신,3002,말레이시아,2024950,3766
2023-02,바이오의약품·톡신,3002,멕시코,718902,96218
2023-02,바이오의약품·톡신,3002,미국,28866452,5315
2023-02,바이오의약품·톡신,3002,베트남,3404784,20521
2023-02,바이오의약품·톡신,3002,사우디아라비아,3426616,3672
2023-02,바이오의약품·톡신,3002,싱가포르,1192627,430
2023-02,바이오의약품·톡신,3002,아랍에미리트,103954,481
2023-02,바이오의약품·톡신,3002,영국,272807,179
2023-02,바이오의약품·톡신,3002,인도,676871,3743
2023-02,바이오의약품·톡신,3002,인도네시아,316218,1707
2023-02,바이오의약품·톡신,3002,일본,59565423,7799
2023-02,바이오의약품·톡신,3002,전체,359924307,376453
2023-02,바이오의약품·톡신,3002,중국,6859722,30106
2023-02,바이오의약품·톡신,3002,카자흐스탄,170544,743
2023-02,바이오의약품·톡신,3002,캐나다,170,7
2023-02,바이오의약품·톡신,3002,태국,12807315,11614
2023-02,바이오의약품·톡신,3002,튀르키예,48663356,5454
2023-02,바이오의약품·톡신,3002,폴란드,46270,167
2023-02,바이오의약품·톡신,3002,필리핀,455559,1915
2023-02,바이오의약품·톡신,3002,호주,12977155,366
2023-02,바이오의약품·톡신,3002,홍콩,2185362,5661
2023-02,반도체 장비,8486,네덜란드,42945557,108490
2023-02,반도체 장비,8486,대만,55737356,285868
2023-02,반도체 장비,8486,독일,11550543,61305
2023-02,반도체 장비,8486,러시아,111610,1982
2023-02,반도체 장비,8486,말레이시아,2924326,24531
2023-02,반도체 장비,8486,멕시코,256561,12440
2023-02,반도체 장비,8486,미국,44077212,274203
2023-02,반도체 장비,8486,베트남,61552610,1199533
2023-02,반도체 장비,8486,싱가포르,39765347,223422
2023-02,반도체 장비,8486,아랍에미리트,29000,11
2023-02,반도체 장비,8486,영국,2295629,14328
2023-02,반도체 장비,8486,인도,2891906,33083
2023-02,반도체 장비,8486,인도네시아,81668,483
2023-02,반도체 장비,8486,일본,33775605,280713
2023-02,반도체 장비,8486,전체,487831760,4312813
2023-02,반도체 장비,8486,중국,173852123,1707002
2023-02,반도체 장비,8486,카자흐스탄,11600,4
2023-02,반도체 장비,8486,캐나다,16203,34
2023-02,반도체 장비,8486,태국,660062,5323
2023-02,반도체 장비,8486,튀르키예,159400,3977
2023-02,반도체 장비,8486,폴란드,91594,1793
2023-02,반도체 장비,8486,필리핀,969367,2167
2023-02,반도체 장비,8486,호주,0,0
2023-02,반도체 장비,8486,홍콩,958059,6870
2023-02,변압기·전력변환기,8504,네덜란드,4301968,79735
2023-02,변압기·전력변환기,8504,대만,5319813,576604
2023-02,변압기·전력변환기,8504,독일,1640158,20144
2023-02,변압기·전력변환기,8504,러시아,493688,13285
2023-02,변압기·전력변환기,8504,말레이시아,1658076,247272
2023-02,변압기·전력변환기,8504,멕시코,1561997,55511
2023-02,변압기·전력변환기,8504,미국,112909936,6427948
2023-02,변압기·전력변환기,8504,베트남,22782019,806738
2023-02,변압기·전력변환기,8504,사우디아라비아,10381172,986413
2023-02,변압기·전력변환기,8504,싱가포르,1295208,34277
2023-02,변압기·전력변환기,8504,아랍에미리트,563333,16619
2023-02,변압기·전력변환기,8504,영국,125250,6164
2023-02,변압기·전력변환기,8504,인도,4065554,133974
2023-02,변압기·전력변환기,8504,인도네시아,2489192,95219
2023-02,변압기·전력변환기,8504,일본,6430459,366023
2023-02,변압기·전력변환기,8504,전체,269520169,14316144
2023-02,변압기·전력변환기,8504,중국,27696244,953144
2023-02,변압기·전력변환기,8504,카자흐스탄,7277,64
2023-02,변압기·전력변환기,8504,캐나다,1807707,125538
2023-02,변압기·전력변환기,8504,태국,2785390,198389
2023-02,변압기·전력변환기,8504,튀르키예,1530508,31105
2023-02,변압기·전력변환기,8504,폴란드,6050553,124293
2023-02,변압기·전력변환기,8504,필리핀,3462907,540319
2023-02,변압기·전력변환기,8504,호주,14891412,1356723
2023-02,변압기·전력변환기,8504,홍콩,1992852,42630
2023-02,선박,8901,대만,0,0
2023-02,선박,8901,독일,0,0
2023-02,선박,8901,베트남,0,0
2023-02,선박,8901,싱가포르,250005755,172568300
2023-02,선박,8901,아랍에미리트,1880000,2666000
2023-02,선박,8901,인도네시아,0,0
2023-02,선박,8901,일본,9827,32
2023-02,선박,8901,전체,1442004561,954084532
2023-02,선박,8901,호주,23500000,59297000
2023-02,선박,8901,홍콩,2150000,1474000
2023-02,승용차,8703,네덜란드,72580414,4835767
2023-02,승용차,8703,대만,35153971,2772610
2023-02,승용차,8703,독일,232446098,13389987
2023-02,승용차,8703,러시아,75175833,5831952
2023-02,승용차,8703,말레이시아,963203,44669
2023-02,승용차,8703,멕시코,62261200,5471763
2023-02,승용차,8703,미국,2307073600,150333592
2023-02,승용차,8703,베트남,20860892,1514382
2023-02,승용차,8703,사우디아라비아,128836081,10639902
2023-02,승용차,8703,싱가포르,3613312,287511
2023-02,승용차,8703,아랍에미리트,29337894,3331016
2023-02,승용차,8703,영국,238187421,14760646
2023-02,승용차,8703,인도,5938184,330144
2023-02,승용차,8703,인도네시아,39177401,2109819
2023-02,승용차,8703,일본,4701922,352268
2023-02,승용차,8703,전체,5369418468,408729467
2023-02,승용차,8703,중국,11736045,454663
2023-02,승용차,8703,카자흐스탄,94449664,6933692
2023-02,승용차,8703,캐나다,431770038,32679868
2023-02,승용차,8703,튀르키예,24087772,3979256
2023-02,승용차,8703,폴란드,27659208,2166715
2023-02,승용차,8703,필리핀,14856177,879727
2023-02,승용차,8703,호주,238680934,18788741
2023-02,승용차,8703,홍콩,3283624,161155
2023-02,시스템반도체,854231,네덜란드,6959744,4500
2023-02,시스템반도체,854231,대만,212226725,62886
2023-02,시스템반도체,854231,독일,6859682,1207
2023-02,시스템반도체,854231,러시아,21052,28
2023-02,시스템반도체,854231,말레이시아,89877812,34679
2023-02,시스템반도체,854231,멕시코,13252315,4254
2023-02,시스템반도체,854231,미국,31685477,12113
2023-02,시스템반도체,854231,베트남,282790385,41068
2023-02,시스템반도체,854231,싱가포르,213511858,60458
2023-02,시스템반도체,854231,아랍에미리트,5669,1
2023-02,시스템반도체,854231,영국,63029,79
2023-02,시스템반도체,854231,인도,71455543,11563
2023-02,시스템반도체,854231,인도네시아,12239059,3585
2023-02,시스템반도체,854231,일본,53450398,15430
2023-02,시스템반도체,854231,전체,1927548358,477170
2023-02,시스템반도체,854231,중국,677251660,112982
2023-02,시스템반도체,854231,카자흐스탄,1599547,236
2023-02,시스템반도체,854231,캐나다,452236,108
2023-02,시스템반도체,854231,태국,16691586,7206
2023-02,시스템반도체,854231,튀르키예,2781040,164
2023-02,시스템반도체,854231,폴란드,17353304,3701
2023-02,시스템반도체,854231,필리핀,60321804,43025
2023-02,시스템반도체,854231,호주,542219,203
2023-02,시스템반도체,854231,홍콩,88230901,35794
2023-02,완제의약품,3004,네덜란드,1432191,3108
2023-02,완제의약품,3004,대만,1037555,13446
2023-02,완제의약품,3004,독일,612650,2455
2023-02,완제의약품,3004,러시아,332281,2207
2023-02,완제의약품,3004,말레이시아,480148,13004
2023-02,완제의약품,3004,멕시코,3026849,29472
2023-02,완제의약품,3004,미국,2686478,86322
2023-02,완제의약품,3004,베트남,6903231,318847
2023-02,완제의약품,3004,사우디아라비아,184773,11740
2023-02,완제의약품,3004,싱가포르,1013419,20910
2023-02,완제의약품,3004,아랍에미리트,3051940,41140
2023-02,완제의약품,3004,영국,840351,1147
2023-02,완제의약품,3004,인도,1779456,6529
2023-02,완제의약품,3004,인도네시아,1083526,21112
2023-02,완제의약품,3004,일본,10038781,101151
2023-02,완제의약품,3004,전체,62779403,1351953
2023-02,완제의약품,3004,중국,3238485,40518
2023-02,완제의약품,3004,카자흐스탄,168372,2724
2023-02,완제의약품,3004,캐나다,15273,1079
2023-02,완제의약품,3004,태국,2860141,35803
2023-02,완제의약품,3004,튀르키예,1318762,1671
2023-02,완제의약품,3004,폴란드,49187,87
2023-02,완제의약품,3004,필리핀,3673160,57923
2023-02,완제의약품,3004,호주,459349,9782
2023-02,완제의약품,3004,홍콩,995539,10695
2023-02,의료기기,9018,네덜란드,3160569,25703
2023-02,의료기기,9018,대만,3600833,37962
2023-02,의료기기,9018,독일,6466175,42021
2023-02,의료기기,9018,러시아,11790547,71913
2023-02,의료기기,9018,말레이시아,2242344,30887
2023-02,의료기기,9018,멕시코,1687167,16544
2023-02,의료기기,9018,미국,30289330,357759
2023-02,의료기기,9018,베트남,3368805,83662
2023-02,의료기기,9018,사우디아라비아,1360314,24423
2023-02,의료기기,9018,싱가포르,3027119,14561
2023-02,의료기기,9018,아랍에미리트,1822355,11556
2023-02,의료기기,9018,영국,7279978,45918
2023-02,의료기기,9018,인도,8407738,80701
2023-02,의료기기,9018,인도네시아,3517173,47430
2023-02,의료기기,9018,일본,14549571,74410
2023-02,의료기기,9018,전체,188904640,1818770
2023-02,의료기기,9018,중국,15758002,157151
2023-02,의료기기,9018,카자흐스탄,1184884,34093
2023-02,의료기기,9018,캐나다,2083535,13608
2023-02,의료기기,9018,태국,3769692,36731
2023-02,의료기기,9018,튀르키예,4230497,24548
2023-02,의료기기,9018,폴란드,2214290,19506
2023-02,의료기기,9018,필리핀,2689696,83171
2023-02,의료기기,9018,호주,2070197,16075
2023-02,의료기기,9018,홍콩,2124177,7627
2023-02,전선·케이블,8544,네덜란드,26311076,4668962
2023-02,전선·케이블,8544,대만,5616311,656577
2023-02,전선·케이블,8544,독일,2183002,112200
2023-02,전선·케이블,8544,러시아,355305,27570
2023-02,전선·케이블,8544,말레이시아,1845086,169917
2023-02,전선·케이블,8544,멕시코,16367181,1032321
2023-02,전선·케이블,8544,미국,73005886,7989271
2023-02,전선·케이블,8544,베트남,33427329,2037706
2023-02,전선·케이블,8544,사우디아라비아,1751054,228213
2023-02,전선·케이블,8544,싱가포르,11577468,1244614
2023-02,전선·케이블,8544,아랍에미리트,5671648,748792
2023-02,전선·케이블,8544,영국,3502010,245133
2023-02,전선·케이블,8544,인도,15755865,1008202
2023-02,전선·케이블,8544,인도네시아,5377977,484215
2023-02,전선·케이블,8544,일본,12379086,1278598
2023-02,전선·케이블,8544,전체,330298818,31288075
2023-02,전선·케이블,8544,중국,49863837,3778495
2023-02,전선·케이블,8544,카자흐스탄,4946,221
2023-02,전선·케이블,8544,캐나다,1199623,79063
2023-02,전선·케이블,8544,태국,3827812,496479
2023-02,전선·케이블,8544,튀르키예,3206053,188474
2023-02,전선·케이블,8544,폴란드,2643032,74056
2023-02,전선·케이블,8544,필리핀,14797907,1398468
2023-02,전선·케이블,8544,호주,4877360,406359
2023-02,전선·케이블,8544,홍콩,1074977,216539
2023-02,태양광 모듈,854143,네덜란드,32500,70
2023-02,태양광 모듈,854143,독일,42511,1450
2023-02,태양광 모듈,854143,미국,135699046,20059450
2023-02,태양광 모듈,854143,베트남,431956,5346
2023-02,태양광 모듈,854143,싱가포르,0,0
2023-02,태양광 모듈,854143,일본,18922,3108
2023-02,태양광 모듈,854143,전체,137389924,20389832
2023-02,태양광 모듈,854143,중국,8317,663
2023-02,태양광 모듈,854143,태국,0,0
2023-02,태양광 모듈,854143,필리핀,5,14
2023-02,태양광 모듈,854143,호주,6768,11
2023-02,태양광 모듈,854143,홍콩,0,0
2023-02,화장품,3304,네덜란드,2666490,79144
2023-02,화장품,3304,대만,12294445,550111
2023-02,화장품,3304,독일,2017936,49342
2023-02,화장품,3304,러시아,28007670,1502052
2023-02,화장품,3304,말레이시아,6235673,199243
2023-02,화장품,3304,멕시코,760627,22726
2023-02,화장품,3304,미국,65015653,2223168
2023-02,화장품,3304,베트남,38748570,1041820
2023-02,화장품,3304,사우디아라비아,1546725,49881
2023-02,화장품,3304,싱가포르,8208946,252435
2023-02,화장품,3304,아랍에미리트,5923288,59721
2023-02,화장품,3304,영국,4973771,106157
2023-02,화장품,3304,인도,2245362,92956
2023-02,화장품,3304,인도네시아,4975586,150693
2023-02,화장품,3304,일본,54919881,1377835
2023-02,화장품,3304,전체,555589898,18236103
2023-02,화장품,3304,중국,193780367,6535714
2023-02,화장품,3304,카자흐스탄,5889595,230098
2023-02,화장품,3304,캐나다,3895239,126438
2023-02,화장품,3304,태국,15754326,528618
2023-02,화장품,3304,튀르키예,2704008,91144
2023-02,화장품,3304,폴란드,3926168,183413
2023-02,화장품,3304,필리핀,4604322,228035
2023-02,화장품,3304,호주,3929303,249148
2023-02,화장품,3304,홍콩,36467149,707553
2023-03,라면,190230,네덜란드,4503984,1221665
2023-03,라면,190230,대만,2285552,695566
2023-03,라면,190230,독일,1661617,496261
2023-03,라면,190230,러시아,1370072,330306
2023-03,라면,190230,말레이시아,3056102,690737
2023-03,라면,190230,멕시코,643258,146303
2023-03,라면,190230,미국,13245422,3355143
2023-03,라면,190230,베트남,1637328,470624
2023-03,라면,190230,사우디아라비아,224217,40281
2023-03,라면,190230,싱가포르,997090,230317
2023-03,라면,190230,아랍에미리트,1371466,317184
2023-03,라면,190230,영국,3849952,825436
2023-03,라면,190230,인도,800427,202134
2023-03,라면,190230,인도네시아,1212287,335590
2023-03,라면,190230,일본,7172959,2154728
2023-03,라면,190230,전체,84943843,23339717
2023-03,라면,190230,중국,16785928,4874257
2023-03,라면,190230,카자흐스탄,507459,127067
2023-03,라면,190230,캐나다,2185948,802140
2023-03,라면,190230,태국,3289485,850266
2023-03,라면,190230,폴란드,173065,50405
2023-03,라면,190230,필리핀,4210423,1122886
2023-03,라면,190230,호주,3054172,841232
2023-03,라면,190230,홍콩,2533004,870066
2023-03,리튬이온 배터리,850760,네덜란드,2274387,43425
2023-03,리튬이온 배터리,850760,대만,35807845,925207
2023-03,리튬이온 배터리,850760,독일,65998392,1447250
2023-03,리튬이온 배터리,850760,러시아,870405,14775
2023-03,리튬이온 배터리,850760,말레이시아,1553,19
2023-03,리튬이온 배터리,850760,멕시코,3035742,86325
2023-03,리튬이온 배터리,850760,미국,359897872,9328567
2023-03,리튬이온 배터리,850760,베트남,28073059,334834
2023-03,리튬이온 배터리,850760,사우디아라비아,16863,35
2023-03,리튬이온 배터리,850760,싱가포르,663908,17794
2023-03,리튬이온 배터리,850760,아랍에미리트,353897,4403
2023-03,리튬이온 배터리,850760,영국,508613,6373
2023-03,리튬이온 배터리,850760,인도,27906625,742700
2023-03,리튬이온 배터리,850760,인도네시아,52142,474
2023-03,리튬이온 배터리,850760,일본,18771205,479695
2023-03,리튬이온 배터리,850760,전체,654371488,16460044
2023-03,리튬이온 배터리,850760,중국,20710575,459505
2023-03,리튬이온 배터리,850760,캐나다,588386,17190
2023-03,리튬이온 배터리,850760,태국,25350,276
2023-03,리튬이온 배터리,850760,튀르키예,1707815,37872
2023-03,리튬이온 배터리,850760,폴란드,794429,17236
2023-03,리튬이온 배터리,850760,필리핀,35672,824
2023-03,리튬이온 배터리,850760,호주,1807343,50301
2023-03,리튬이온 배터리,850760,홍콩,933426,23237
2023-03,메모리 반도체,854232,네덜란드,2218683,95
2023-03,메모리 반도체,854232,대만,214307778,26968
2023-03,메모리 반도체,854232,독일,14940930,843
2023-03,메모리 반도체,854232,러시아,21126,42
2023-03,메모리 반도체,854232,말레이시아,16348381,1225
2023-03,메모리 반도체,854232,멕시코,7423917,1868
2023-03,메모리 반도체,854232,미국,26012489,1750
2023-03,메모리 반도체,854232,베트남,537830743,36607
2023-03,메모리 반도체,854232,싱가포르,1446539,294
2023-03,메모리 반도체,854232,아랍에미리트,0,0
2023-03,메모리 반도체,854232,영국,1189317,67
2023-03,메모리 반도체,854232,인도,101725233,3472
2023-03,메모리 반도체,854232,인도네시아,33125017,3992
2023-03,메모리 반도체,854232,일본,24435242,1725
2023-03,메모리 반도체,854232,전체,3742664196,358565
2023-03,메모리 반도체,854232,중국,1556937142,121527
2023-03,메모리 반도체,854232,카자흐스탄,441,1
2023-03,메모리 반도체,854232,캐나다,18965,3
2023-03,메모리 반도체,854232,태국,7814846,2504
2023-03,메모리 반도체,854232,튀르키예,3140232,273
2023-03,메모리 반도체,854232,폴란드,6628695,2114
2023-03,메모리 반도체,854232,필리핀,84558250,10238
2023-03,메모리 반도체,854232,호주,2,0
2023-03,메모리 반도체,854232,홍콩,1031297418,137392
2023-03,바이오의약품·톡신,3002,네덜란드,1571389,296
2023-03,바이오의약품·톡신,3002,대만,4634584,52935
2023-03,바이오의약품·톡신,3002,독일,65544491,2300
2023-03,바이오의약품·톡신,3002,러시아,861603,3343
2023-03,바이오의약품·톡신,3002,말레이시아,2556168,7436
2023-03,바이오의약품·톡신,3002,멕시코,282908,1892
2023-03,바이오의약품·톡신,3002,미국,47844958,16025
2023-03,바이오의약품·톡신,3002,베트남,8002904,23024
2023-03,바이오의약품·톡신,3002,사우디아라비아,3566872,1373
2023-03,바이오의약품·톡신,3002,싱가포르,53529,369
2023-03,바이오의약품·톡신,3002,아랍에미리트,177334,179
2023-03,바이오의약품·톡신,3002,영국,210432,227
2023-03,바이오의약품·톡신,3002,인도,603685,4549
2023-03,바이오의약품·톡신,3002,인도네시아,419424,2540
2023-03,바이오의약품·톡신,3002,일본,59526813,14875
2023-03,바이오의약품·톡신,3002,전체,444013713,396151
2023-03,바이오의약품·톡신,3002,중국,7301820,26412
2023-03,바이오의약품·톡신,3002,카자흐스탄,571980,2520
2023-03,바이오의약품·톡신,3002,캐나다,3628485,2839
2023-03,바이오의약품·톡신,3002,태국,4829880,9436
2023-03,바이오의약품·톡신,3002,튀르키예,33143679,7666
2023-03,바이오의약품·톡신,3002,폴란드,465421,616
2023-03,바이오의약품·톡신,3002,필리핀,1549392,8110
2023-03,바이오의약품·톡신,3002,호주,447601,756
2023-03,바이오의약품·톡신,3002,홍콩,1430720,2326
2023-03,반도체 장비,8486,네덜란드,24292712,66099
2023-03,반도체 장비,8486,대만,64245807,418404
2023-03,반도체 장비,8486,독일,1958613,5583
2023-03,반도체 장비,8486,러시아,953048,3460
2023-03,반도체 장비,8486,말레이시아,8701000,65122
2023-03,반도체 장비,8486,멕시코,419939,1888
2023-03,반도체 장비,8486,미국,78802617,678591
2023-03,반도체 장비,8486,베트남,38496318,482618
2023-03,반도체 장비,8486,사우디아라비아,517,6
2023-03,반도체 장비,8486,싱가포르,60993287,214886
2023-03,반도체 장비,8486,아랍에미리트,0,0
2023-03,반도체 장비,8486,영국,730175,2852
2023-03,반도체 장비,8486,인도,2120268,26766
2023-03,반도체 장비,8486,인도네시아,61374,85
2023-03,반도체 장비,8486,일본,32762806,390540
2023-03,반도체 장비,8486,전체,609773774,5190332
2023-03,반도체 장비,8486,중국,279618625,2730454
2023-03,반도체 장비,8486,캐나다,25218,37
2023-03,반도체 장비,8486,태국,562644,2927
2023-03,반도체 장비,8486,폴란드,21000,72
2023-03,반도체 장비,8486,필리핀,2238599,25811
2023-03,반도체 장비,8486,호주,360,1
2023-03,반도체 장비,8486,홍콩,2663601,23475
2023-03,변압기·전력변환기,8504,네덜란드,3775796,71519
2023-03,변압기·전력변환기,8504,대만,2906197,114414
2023-03,변압기·전력변환기,8504,독일,4247682,114893
2023-03,변압기·전력변환기,8504,러시아,427911,26429
2023-03,변압기·전력변환기,8504,말레이시아,7485289,315882
2023-03,변압기·전력변환기,8504,멕시코,1963334,76287
2023-03,변압기·전력변환기,8504,미국,82121243,5411171
2023-03,변압기·전력변환기,8504,베트남,26990753,1010757
2023-03,변압기·전력변환기,8504,사우디아라비아,43228832,3761545
2023-03,변압기·전력변환기,8504,싱가포르,1163349,22591
2023-03,변압기·전력변환기,8504,아랍에미리트,7278502,571365
2023-03,변압기·전력변환기,8504,영국,1688584,152457
2023-03,변압기·전력변환기,8504,인도,10451270,812795
2023-03,변압기·전력변환기,8504,인도네시아,3576105,149191
2023-03,변압기·전력변환기,8504,일본,11751039,966203
2023-03,변압기·전력변환기,8504,전체,292835327,17145918
2023-03,변압기·전력변환기,8504,중국,25946177,1272389
2023-03,변압기·전력변환기,8504,카자흐스탄,122240,1942
2023-03,변압기·전력변환기,8504,캐나다,4414795,345057
2023-03,변압기·전력변환기,8504,태국,1960169,135563
2023-03,변압기·전력변환기,8504,튀르키예,1892963,45088
2023-03,변압기·전력변환기,8504,폴란드,5198724,62628
2023-03,변압기·전력변환기,8504,필리핀,3836023,584453
2023-03,변압기·전력변환기,8504,호주,1265375,113757
2023-03,변압기·전력변환기,8504,홍콩,3642898,129863
2023-03,선박,8901,말레이시아,1120000,1697000
2023-03,선박,8901,싱가포르,224101652,142710000
2023-03,선박,8901,인도네시아,8500000,4960000
2023-03,선박,8901,일본,0,0
2023-03,선박,8901,전체,936556115,390430800
2023-03,선박,8901,중국,1000000,1148000
2023-03,선박,8901,튀르키예,2300000,210000
2023-03,승용차,8703,네덜란드,83295832,5347768
2023-03,승용차,8703,대만,48230390,3525997
2023-03,승용차,8703,독일,260666417,14585099
2023-03,승용차,8703,러시아,91620209,7184666
2023-03,승용차,8703,말레이시아,3276708,151762
2023-03,승용차,8703,멕시코,57222937,5088762
2023-03,승용차,8703,미국,2701658164,180506089
2023-03,승용차,8703,베트남,30827986,2220233
2023-03,승용차,8703,사우디아라비아,172937350,13981068
2023-03,승용차,8703,싱가포르,5488013,415566
2023-03,승용차,8703,아랍에미리트,44120116,4774458
2023-03,승용차,8703,영국,259650942,15582916
2023-03,승용차,8703,인도,11704251,652342
2023-03,승용차,8703,인도네시아,47556316,2599483
2023-03,승용차,8703,일본,3078705,231420
2023-03,승용차,8703,전체,6251041746,484101259
2023-03,승용차,8703,중국,7992686,264860
2023-03,승용차,8703,카자흐스탄,102798399,7303481
2023-03,승용차,8703,캐나다,439483348,33179994
2023-03,승용차,8703,태국,11112,19085
2023-03,승용차,8703,튀르키예,36094921,8250477
2023-03,승용차,8703,폴란드,33329746,2432324
2023-03,승용차,8703,필리핀,7390847,529792
2023-03,승용차,8703,호주,273841691,22193883
2023-03,승용차,8703,홍콩,7573690,402051
2023-03,시스템반도체,854231,네덜란드,6953884,3642
2023-03,시스템반도체,854231,대만,222170577,65615
2023-03,시스템반도체,854231,독일,3597647,964
2023-03,시스템반도체,854231,러시아,78268,85
2023-03,시스템반도체,854231,말레이시아,88519955,36195
2023-03,시스템반도체,854231,멕시코,17885885,6125
2023-03,시스템반도체,854231,미국,39304528,16284
2023-03,시스템반도체,854231,베트남,505924885,65118
2023-03,시스템반도체,854231,사우디아라비아,3002,6
2023-03,시스템반도체,854231,싱가포르,269555048,61509
2023-03,시스템반도체,854231,아랍에미리트,0,0
2023-03,시스템반도체,854231,영국,187002,340
2023-03,시스템반도체,854231,인도,119811366,13535
2023-03,시스템반도체,854231,인도네시아,23655141,4365
2023-03,시스템반도체,854231,일본,111310066,12081
2023-03,시스템반도체,854231,전체,2606859394,553100
2023-03,시스템반도체,854231,중국,805158606,116179
2023-03,시스템반도체,854231,캐나다,94224,66
2023-03,시스템반도체,854231,태국,16204283,9772
2023-03,시스템반도체,854231,튀르키예,2071936,136
2023-03,시스템반도체,854231,폴란드,13445241,2993
2023-03,시스템반도체,854231,필리핀,69267291,43808
2023-03,시스템반도체,854231,호주,248009,97
2023-03,시스템반도체,854231,홍콩,174925950,62061
2023-03,완제의약품,3004,네덜란드,944392,1718
2023-03,완제의약품,3004,대만,1381235,39821
2023-03,완제의약품,3004,독일,1448704,5878
2023-03,완제의약품,3004,러시아,210628,9107
2023-03,완제의약품,3004,말레이시아,682847,10979
2023-03,완제의약품,3004,멕시코,1942229,6417
2023-03,완제의약품,3004,미국,3267908,58674
2023-03,완제의약품,3004,베트남,10424744,624223
2023-03,완제의약품,3004,사우디아라비아,202629,14177
2023-03,완제의약품,3004,싱가포르,812047,17473
2023-03,완제의약품,3004,아랍에미리트,2348522,45579
2023-03,완제의약품,3004,영국,1036753,1030
2023-03,완제의약품,3004,인도,1161041,5505
2023-03,완제의약품,3004,인도네시아,916768,8151
2023-03,완제의약품,3004,일본,15232390,120645
2023-03,완제의약품,3004,전체,89712475,1915446
2023-03,완제의약품,3004,중국,5431981,58344
2023-03,완제의약품,3004,카자흐스탄,250942,1136
2023-03,완제의약품,3004,캐나다,8647,26
2023-03,완제의약품,3004,태국,2863949,56776
2023-03,완제의약품,3004,튀르키예,81918,2576
2023-03,완제의약품,3004,폴란드,678849,779
2023-03,완제의약품,3004,필리핀,3366839,79289
2023-03,완제의약품,3004,호주,4935961,3371
2023-03,완제의약품,3004,홍콩,1828338,12343
2023-03,의료기기,9018,네덜란드,3703171,23804
2023-03,의료기기,9018,대만,4258402,51395
2023-03,의료기기,9018,독일,10126910,94562
2023-03,의료기기,9018,러시아,12322281,111120
2023-03,의료기기,9018,말레이시아,2057456,9888
2023-03,의료기기,9018,멕시코,1789437,28258
2023-03,의료기기,9018,미국,38059035,342794
2023-03,의료기기,9018,베트남,4915102,90289
2023-03,의료기기,9018,사우디아라비아,3040951,25738
2023-03,의료기기,9018,싱가포르,3851220,18980
2023-03,의료기기,9018,아랍에미리트,4094820,26829
2023-03,의료기기,9018,영국,6327917,68339
2023-03,의료기기,9018,인도,12660097,173329
2023-03,의료기기,9018,인도네시아,5177440,70418
2023-03,의료기기,9018,일본,15825699,79751
2023-03,의료기기,9018,전체,227951037,2314463
2023-03,의료기기,9018,중국,15397353,92592
2023-03,의료기기,9018,카자흐스탄,1626282,32976
2023-03,의료기기,9018,캐나다,2667864,17927
2023-03,의료기기,9018,태국,5643352,39699
2023-03,의료기기,9018,튀르키예,2620407,216963
2023-03,의료기기,9018,폴란드,2951676,12747
2023-03,의료기기,9018,필리핀,2303658,48132
2023-03,의료기기,9018,호주,3820128,33948
2023-03,의료기기,9018,홍콩,2420963,14172
2023-03,전선·케이블,8544,네덜란드,576771,51380
2023-03,전선·케이블,8544,대만,4452542,430548
2023-03,전선·케이블,8544,독일,1279040,48988
2023-03,전선·케이블,8544,러시아,820210,60465
2023-03,전선·케이블,8544,말레이시아,751964,29034
2023-03,전선·케이블,8544,멕시코,19334953,1196808
2023-03,전선·케이블,8544,미국,79669436,9271098
2023-03,전선·케이블,8544,베트남,44891840,2559243
2023-03,전선·케이블,8544,사우디아라비아,1636642,195031
2023-03,전선·케이블,8544,싱가포르,10407149,1141600
2023-03,전선·케이블,8544,아랍에미리트,755136,75720
2023-03,전선·케이블,8544,영국,1937920,94554
2023-03,전선·케이블,8544,인도,14055853,841855
2023-03,전선·케이블,8544,인도네시아,4462151,346809
2023-03,전선·케이블,8544,일본,12085830,1173904
2023-03,전선·케이블,8544,전체,335195456,28852572
2023-03,전선·케이블,8544,중국,59289142,4712595
2023-03,전선·케이블,8544,카자흐스탄,736,6
2023-03,전선·케이블,8544,캐나다,1120310,70661
2023-03,전선·케이블,8544,태국,5023607,571414
2023-03,전선·케이블,8544,튀르키예,3502862,220670
2023-03,전선·케이블,8544,폴란드,2505577,53071
2023-03,전선·케이블,8544,필리핀,17082114,1395120
2023-03,전선·케이블,8544,호주,6890832,674022
2023-03,전선·케이블,8544,홍콩,2303398,384898
2023-03,태양광 모듈,854143,독일,16585,1338
2023-03,태양광 모듈,854143,러시아,217,8
2023-03,태양광 모듈,854143,멕시코,24144,1160
2023-03,태양광 모듈,854143,미국,118687882,17662273
2023-03,태양광 모듈,854143,베트남,299316,4092
2023-03,태양광 모듈,854143,싱가포르,38780,78
2023-03,태양광 모듈,854143,일본,18381,3275
2023-03,태양광 모듈,854143,전체,121990690,18053420
2023-03,태양광 모듈,854143,중국,894028,16341
2023-03,태양광 모듈,854143,튀르키예,52903,12600
2023-03,태양광 모듈,854143,필리핀,1873,350
2023-03,화장품,3304,네덜란드,2480793,77203
2023-03,화장품,3304,대만,13983950,695104
2023-03,화장품,3304,독일,3531032,81572
2023-03,화장품,3304,러시아,28100360,1532520
2023-03,화장품,3304,말레이시아,8300555,326036
2023-03,화장품,3304,멕시코,2338172,22880
2023-03,화장품,3304,미국,79696805,2627668
2023-03,화장품,3304,베트남,39384736,1074230
2023-03,화장품,3304,사우디아라비아,2836455,91722
2023-03,화장품,3304,싱가포르,7636131,244586
2023-03,화장품,3304,아랍에미리트,8994138,96465
2023-03,화장품,3304,영국,6644937,172021
2023-03,화장품,3304,인도,2288630,101042
2023-03,화장품,3304,인도네시아,5688577,156777
2023-03,화장품,3304,일본,67162044,1582815
2023-03,화장품,3304,전체,654495153,21042046
2023-03,화장품,3304,중국,238664198,7865077
2023-03,화장품,3304,카자흐스탄,6378309,162814
2023-03,화장품,3304,캐나다,5262724,163690
2023-03,화장품,3304,태국,14906363,448183
2023-03,화장품,3304,튀르키예,5535099,94919
2023-03,화장품,3304,폴란드,3923850,141939
2023-03,화장품,3304,필리핀,4638682,245449
2023-03,화장품,3304,호주,5221569,257108
2023-03,화장품,3304,홍콩,36286695,833153
2023-04,라면,190230,네덜란드,5589762,1388641
2023-04,라면,190230,대만,2937412,848946
2023-04,라면,190230,독일,1387624,450037
2023-04,라면,190230,러시아,1156706,247824
2023-04,라면,190230,말레이시아,5710566,1270772
2023-04,라면,190230,멕시코,482239,101292
2023-04,라면,190230,미국,18075626,4635999
2023-04,라면,190230,베트남,2141985,580832
2023-04,라면,190230,사우디아라비아,839169,177299
2023-04,라면,190230,싱가포르,1008984,247952
2023-04,라면,190230,아랍에미리트,1070008,266693
2023-04,라면,190230,영국,2634463,567897
2023-04,라면,190230,인도,651088,154059
2023-04,라면,190230,인도네시아,539740,150014
2023-04,라면,190230,일본,5690552,1728823
2023-04,라면,190230,전체,84088151,22377276
2023-04,라면,190230,중국,10370896,2984489
2023-04,라면,190230,카자흐스탄,708994,159966
2023-04,라면,190230,캐나다,2429220,818339
2023-04,라면,190230,태국,3507360,855113
2023-04,라면,190230,튀르키예,0,0
2023-04,라면,190230,폴란드,176359,59191
2023-04,라면,190230,필리핀,2839930,789865
2023-04,라면,190230,호주,3451369,949914
2023-04,라면,190230,홍콩,1492310,476659
2023-04,리튬이온 배터리,850760,네덜란드,77875,463
2023-04,리튬이온 배터리,850760,대만,13966125,343770
2023-04,리튬이온 배터리,850760,독일,55916490,1318847
2023-04,리튬이온 배터리,850760,러시아,4246536,72746
2023-04,리튬이온 배터리,850760,말레이시아,18877,107
2023-04,리튬이온 배터리,850760,멕시코,10186,78
2023-04,리튬이온 배터리,850760,미국,346852117,8613436
2023-04,리튬이온 배터리,850760,베트남,21703200,263312
2023-04,리튬이온 배터리,850760,싱가포르,4658544,138810
2023-04,리튬이온 배터리,850760,아랍에미리트,51209,859
2023-04,리튬이온 배터리,850760,영국,448088,11310
2023-04,리튬이온 배터리,850760,인도,30406913,807369
2023-04,리튬이온 배터리,850760,인도네시아,124474,2622
2023-04,리튬이온 배터리,850760,일본,21390888,544672
2023-04,리튬이온 배터리,850760,전체,568821177,13799161
2023-04,리튬이온 배터리,850760,중국,11486029,328064
2023-04,리튬이온 배터리,850760,캐나다,234946,6002
2023-04,리튬이온 배터리,850760,태국,132231,3465
2023-04,리튬이온 배터리,850760,튀르키예,1594776,34331
2023-04,리튬이온 배터리,850760,폴란드,994716,20715
2023-04,리튬이온 배터리,850760,필리핀,3254611,86957
2023-04,리튬이온 배터리,850760,호주,833963,27919
2023-04,리튬이온 배터리,850760,홍콩,2541305,69461
2023-04,메모리 반도체,854232,네덜란드,3339937,257
2023-04,메모리 반도체,854232,대만,192234428,31721
2023-04,메모리 반도체,854232,독일,2508974,315
2023-04,메모리 반도체,854232,말레이시아,8095169,819
2023-04,메모리 반도체,854232,멕시코,3819655,1003
2023-04,메모리 반도체,854232,미국,10935198,1631
2023-04,메모리 반도체,854232,베트남,285013798,31010
2023-04,메모리 반도체,854232,싱가포르,1998782,369
2023-04,메모리 반도체,854232,아랍에미리트,0,0
2023-04,메모리 반도체,854232,영국,1898846,81
2023-04,메모리 반도체,854232,인도,6533914,762
2023-04,메모리 반도체,854232,인도네시아,5390917,1583
2023-04,메모리 반도체,854232,일본,22100098,1414
2023-04,메모리 반도체,854232,전체,2620417180,276218
2023-04,메모리 반도체,854232,중국,1445414782,116484
2023-04,메모리 반도체,854232,캐나다,13921,1
2023-04,메모리 반도체,854232,태국,6348108,3449
2023-04,메모리 반도체,854232,튀르키예,2901604,239
2023-04,메모리 반도체,854232,폴란드,7416871,2118
2023-04,메모리 반도체,854232,필리핀,84617946,11646
2023-04,메모리 반도체,854232,호주,5,0
2023-04,메모리 반도체,854232,홍콩,505131299,68464
2023-04,바이오의약품·톡신,3002,네덜란드,19345877,1496
2023-04,바이오의약품·톡신,3002,대만,1347147,1153
2023-04,바이오의약품·톡신,3002,독일,36160912,5364
2023-04,바이오의약품·톡신,3002,러시아,2936998,7718
2023-04,바이오의약품·톡신,3002,말레이시아,2854973,19899
2023-04,바이오의약품·톡신,3002,멕시코,911907,32726
2023-04,바이오의약품·톡신,3002,미국,46232206,12724
2023-04,바이오의약품·톡신,3002,베트남,3302432,18541
2023-04,바이오의약품·톡신,3002,사우디아라비아,622162,385
2023-04,바이오의약품·톡신,3002,싱가포르,737176,544
2023-04,바이오의약품·톡신,3002,아랍에미리트,112349,552
2023-04,바이오의약품·톡신,3002,영국,178587,179
2023-04,바이오의약품·톡신,3002,인도,1009143,7086
2023-04,바이오의약품·톡신,3002,인도네시아,274015,1245
2023-04,바이오의약품·톡신,3002,일본,35341364,5854
2023-04,바이오의약품·톡신,3002,전체,402203305,321364
2023-04,바이오의약품·톡신,3002,중국,7387635,18108
2023-04,바이오의약품·톡신,3002,카자흐스탄,129760,422
2023-04,바이오의약품·톡신,3002,캐나다,132262,71
2023-04,바이오의약품·톡신,3002,태국,3795975,8661
2023-04,바이오의약품·톡신,3002,튀르키예,26533882,6857
2023-04,바이오의약품·톡신,3002,폴란드,34435,317
2023-04,바이오의약품·톡신,3002,필리핀,1959404,9403
2023-04,바이오의약품·톡신,3002,호주,2120249,1604
2023-04,바이오의약품·톡신,3002,홍콩,1145220,2642
2023-04,반도체 장비,8486,네덜란드,23394406,30099
2023-04,반도체 장비,8486,대만,51192903,334651
2023-04,반도체 장비,8486,독일,1790501,5351
2023-04,반도체 장비,8486,러시아,390526,1092
2023-04,반도체 장비,8486,말레이시아,6184350,44603
2023-04,반도체 장비,8486,멕시코,1280513,2979
2023-04,반도체 장비,8486,미국,59818185,596635
2023-04,반도체 장비,8486,베트남,26729690,372072
2023-04,반도체 장비,8486,싱가포르,46489274,199685
2023-04,반도체 장비,8486,아랍에미리트,1415,16
2023-04,반도체 장비,8486,영국,349130,1510
2023-04,반도체 장비,8486,인도,300388,4338
2023-04,반도체 장비,8486,인도네시아,53493,885
2023-04,반도체 장비,8486,일본,25871891,182710
2023-04,반도체 장비,8486,전체,423019548,3771007
2023-04,반도체 장비,8486,중국,150035887,1899995
2023-04,반도체 장비,8486,카자흐스탄,55000,7
2023-04,반도체 장비,8486,캐나다,6720,1
2023-04,반도체 장비,8486,태국,1116065,15205
2023-04,반도체 장비,8486,튀르키예,218,2
2023-04,반도체 장비,8486,폴란드,94508,969
2023-04,반도체 장비,8486,필리핀,2626938,18293
2023-04,반도체 장비,8486,호주,15670,215
2023-04,반도체 장비,8486,홍콩,564410,2820
2023-04,변압기·전력변환기,8504,네덜란드,7198014,341315
2023-04,변압기·전력변환기,8504,대만,1747567,42857
2023-04,변압기·전력변환기,8504,독일,1373228,18414
2023-04,변압기·전력변환기,8504,러시아,276500,6537
2023-04,변압기·전력변환기,8504,말레이시아,1306551,90202
2023-04,변압기·전력변환기,8504,멕시코,1467847,50496
2023-04,변압기·전력변환기,8504,미국,88880630,5201203
2023-04,변압기·전력변환기,8504,베트남,19512002,581686
2023-04,변압기·전력변환기,8504,사우디아라비아,28720683,1896384
2023-04,변압기·전력변환기,8504,싱가포르,2743903,178428
2023-04,변압기·전력변환기,8504,아랍에미리트,3333983,302094
2023-04,변압기·전력변환기,8504,영국,8764509,669123
2023-04,변압기·전력변환기,8504,인도,7922599,733356
2023-04,변압기·전력변환기,8504,인도네시아,10607646,573747
2023-04,변압기·전력변환기,8504,일본,6793384,520426
2023-04,변압기·전력변환기,8504,전체,259469518,14210457
2023-04,변압기·전력변환기,8504,중국,22601418,1102420
2023-04,변압기·전력변환기,8504,카자흐스탄,11267,182
2023-04,변압기·전력변환기,8504,캐나다,398664,42758
2023-04,변압기·전력변환기,8504,태국,1345889,77602
2023-04,변압기·전력변환기,8504,튀르키예,2159442,47034
2023-04,변압기·전력변환기,8504,폴란드,1646288,25616
2023-04,변압기·전력변환기,8504,필리핀,5589580,639900
2023-04,변압기·전력변환기,8504,호주,659467,21855
2023-04,변압기·전력변환기,8504,홍콩,2677859,33262
2023-04,선박,8901,싱가포르,317876265,215951200
2023-04,선박,8901,아랍에미리트,360000,454000
2023-04,선박,8901,일본,746,3
2023-04,선박,8901,전체,1422070562,999351298
2023-04,선박,8901,중국,693120,1470095
2023-04,선박,8901,필리핀,1410000,445000
2023-04,선박,8901,홍콩,24700000,8287000
2023-04,승용차,8703,네덜란드,74564582,4769098
2023-04,승용차,8703,대만,45653839,3269785
2023-04,승용차,8703,독일,270311320,15217775
2023-04,승용차,8703,러시아,81529855,6196559
2023-04,승용차,8703,말레이시아,3800084,223774
2023-04,승용차,8703,멕시코,58430606,5517405
2023-04,승용차,8703,미국,2574537740,174752892
2023-04,승용차,8703,베트남,19446942,1504448
2023-04,승용차,8703,사우디아라비아,95139984,7274885
2023-04,승용차,8703,싱가포르,6585629,346310
2023-04,승용차,8703,아랍에미리트,42604900,4433056
2023-04,승용차,8703,영국,228629257,12678902
2023-04,승용차,8703,인도,7842646,436910
2023-04,승용차,8703,인도네시아,46686088,2550499
2023-04,승용차,8703,일본,5302315,381911
2023-04,승용차,8703,전체,5906031000,453839839
2023-04,승용차,8703,중국,33741636,763871
2023-04,승용차,8703,카자흐스탄,112184390,7992516
2023-04,승용차,8703,캐나다,405098047,28905760
2023-04,승용차,8703,태국,10180,14050
2023-04,승용차,8703,튀르키예,40226232,11824378
2023-04,승용차,8703,폴란드,39998080,2747879
2023-04,승용차,8703,필리핀,6087782,442799
2023-04,승용차,8703,호주,302562645,24100404
2023-04,승용차,8703,홍콩,4867413,321054
2023-04,시스템반도체,854231,네덜란드,5966547,5043
2023-04,시스템반도체,854231,대만,227581885,68188
2023-04,시스템반도체,854231,독일,3769274,1091
2023-04,시스템반도체,854231,말레이시아,73770070,26645
2023-04,시스템반도체,854231,멕시코,9139182,3737
2023-04,시스템반도체,854231,미국,34639809,12433
2023-04,시스템반도체,854231,베트남,329852500,49950
2023-04,시스템반도체,854231,사우디아라비아,18185,0
2023-04,시스템반도체,854231,싱가포르,268637589,57203
2023-04,시스템반도체,854231,영국,118154,64
2023-04,시스템반도체,854231,인도,55865040,9024
2023-04,시스템반도체,854231,인도네시아,14195191,4213
2023-04,시스템반도체,854231,일본,30592729,11541
2023-04,시스템반도체,854231,전체,2239386197,497542
2023-04,시스템반도체,854231,중국,870960692,124461
2023-04,시스템반도체,854231,카자흐스탄,524509,77
2023-04,시스템반도체,854231,캐나다,132258,67
2023-04,시스템반도체,854231,태국,19586671,6812
2023-04,시스템반도체,854231,튀르키예,1072658,142
2023-04,시스템반도체,854231,폴란드,24634639,6686
2023-04,시스템반도체,854231,필리핀,61617054,38204
2023-04,시스템반도체,854231,호주,63047,41
2023-04,시스템반도체,854231,홍콩,135215049,51509
2023-04,완제의약품,3004,네덜란드,1305411,1427
2023-04,완제의약품,3004,대만,492511,18365
2023-04,완제의약품,3004,독일,2368293,7750
2023-04,완제의약품,3004,러시아,128542,1446
2023-04,완제의약품,3004,말레이시아,721118,17979
2023-04,완제의약품,3004,멕시코,1230668,10580
2023-04,완제의약품,3004,미국,2430708,55702
2023-04,완제의약품,3004,베트남,7237468,334096
2023-04,완제의약품,3004,사우디아라비아,443663,14234
2023-04,완제의약품,3004,싱가포르,394762,7974
2023-04,완제의약품,3004,아랍에미리트,784564,11928
2023-04,완제의약품,3004,영국,800863,1584
2023-04,완제의약품,3004,인도,1254982,38991
2023-04,완제의약품,3004,인도네시아,1083830,7539
2023-04,완제의약품,3004,일본,10243591,117615
2023-04,완제의약품,3004,전체,59528046,1304809
2023-04,완제의약품,3004,중국,3135810,51990
2023-04,완제의약품,3004,카자흐스탄,285180,1076
2023-04,완제의약품,3004,캐나다,8868,30
2023-04,완제의약품,3004,태국,3499352,46364
2023-04,완제의약품,3004,튀르키예,822570,2874
2023-04,완제의약품,3004,폴란드,132910,775
2023-04,완제의약품,3004,필리핀,3397198,53723
2023-04,완제의약품,3004,호주,5439,359
2023-04,완제의약품,3004,홍콩,1979478,26642
2023-04,의료기기,9018,네덜란드,4065072,23691
2023-04,의료기기,9018,대만,4272515,59026
2023-04,의료기기,9018,독일,7995090,61764
2023-04,의료기기,9018,러시아,9382993,107054
2023-04,의료기기,9018,말레이시아,3043286,18167
2023-04,의료기기,9018,멕시코,1852044,22913
2023-04,의료기기,9018,미국,36745615,368185
2023-04,의료기기,9018,베트남,4111059,95878
2023-04,의료기기,9018,사우디아라비아,2466990,60259
2023-04,의료기기,9018,싱가포르,2648330,17828
2023-04,의료기기,9018,아랍에미리트,3729185,21661
2023-04,의료기기,9018,영국,3807795,54002
2023-04,의료기기,9018,인도,12257144,140741
2023-04,의료기기,9018,인도네시아,2552493,22162
2023-04,의료기기,9018,일본,13888799,89336
2023-04,의료기기,9018,전체,199827749,1915960
2023-04,의료기기,9018,중국,13799730,103193
2023-04,의료기기,9018,카자흐스탄,757019,22325
2023-04,의료기기,9018,캐나다,1757857,8998
2023-04,의료기기,9018,태국,3844299,30056
2023-04,의료기기,9018,튀르키예,4291524,20076
2023-04,의료기기,9018,폴란드,2344159,14238
2023-04,의료기기,9018,필리핀,1709345,34621
2023-04,의료기기,9018,호주,1899959,22799
2023-04,의료기기,9018,홍콩,1999126,8443
2023-04,전선·케이블,8544,네덜란드,687797,59361
2023-04,전선·케이블,8544,대만,10817567,1163050
2023-04,전선·케이블,8544,독일,2026904,100048
2023-04,전선·케이블,8544,러시아,851506,104100
2023-04,전선·케이블,8544,말레이시아,5546193,536707
2023-04,전선·케이블,8544,멕시코,18236642,1084168
2023-04,전선·케이블,8544,미국,57127110,6283367
2023-04,전선·케이블,8544,베트남,35987314,1983278
2023-04,전선·케이블,8544,사우디아라비아,1571562,191932
2023-04,전선·케이블,8544,싱가포르,9346466,1082512
2023-04,전선·케이블,8544,아랍에미리트,1234865,76231
2023-04,전선·케이블,8544,영국,1742023,95161
2023-04,전선·케이블,8544,인도,7250607,305059
2023-04,전선·케이블,8544,인도네시아,4154884,365375
2023-04,전선·케이블,8544,일본,9394188,965496
2023-04,전선·케이블,8544,전체,282484734,23493224
2023-04,전선·케이블,8544,중국,56580558,4038130
2023-04,전선·케이블,8544,카자흐스탄,390512,15551
2023-04,전선·케이블,8544,캐나다,624968,52414
2023-04,전선·케이블,8544,태국,2823557,241574
2023-04,전선·케이블,8544,튀르키예,2637582,167990
2023-04,전선·케이블,8544,폴란드,1622532,38047
2023-04,전선·케이블,8544,필리핀,11470341,1088212
2023-04,전선·케이블,8544,호주,4658670,426639
2023-04,전선·케이블,8544,홍콩,2140112,374683
2023-04,태양광 모듈,854143,네덜란드,0,0
2023-04,태양광 모듈,854143,독일,22506,378
2023-04,태양광 모듈,854143,멕시코,24144,1160
2023-04,태양광 모듈,854143,미국,87737018,13874930
2023-04,태양광 모듈,854143,베트남,100608,9031
2023-04,태양광 모듈,854143,일본,73747,12808
2023-04,태양광 모듈,854143,전체,90785982,14351993
2023-04,태양광 모듈,854143,중국,266165,15177
2023-04,태양광 모듈,854143,태국,0,0
2023-04,태양광 모듈,854143,필리핀,0,0
2023-04,태양광 모듈,854143,호주,30,50
2023-04,태양광 모듈,854143,홍콩,0,0
2023-04,화장품,3304,네덜란드,3523731,110188
2023-04,화장품,3304,대만,11311678,620851
2023-04,화장품,3304,독일,3265168,113678
2023-04,화장품,3304,러시아,31592120,1391274
2023-04,화장품,3304,말레이시아,6554345,207202
2023-04,화장품,3304,멕시코,746874,8975
2023-04,화장품,3304,미국,76343148,2931612
2023-04,화장품,3304,베트남,29211548,771528
2023-04,화장품,3304,사우디아라비아,1756009,73523
2023-04,화장품,3304,싱가포르,7058911,228479
2023-04,화장품,3304,아랍에미리트,6861512,79249
2023-04,화장품,3304,영국,5119593,131915
2023-04,화장품,3304,인도,2104104,124956
2023-04,화장품,3304,인도네시아,3346543,101512
2023-04,화장품,3304,일본,47839334,1273731
2023-04,화장품,3304,전체,578231224,18910297
2023-04,화장품,3304,중국,220425225,6901146
2023-04,화장품,3304,카자흐스탄,4873506,155369
2023-04,화장품,3304,캐나다,4128740,120970
2023-04,화장품,3304,태국,15584670,401683
2023-04,화장품,3304,튀르키예,3250756,68660
2023-04,화장품,3304,폴란드,4399457,157933
2023-04,화장품,3304,필리핀,3986312,241606
2023-04,화장품,3304,호주,3340414,138735
2023-04,화장품,3304,홍콩,28533056,652715
2023-05,라면,190230,네덜란드,4180157,1060363
2023-05,라면,190230,대만,3862973,1044566
2023-05,라면,190230,독일,1207763,417475
2023-05,라면,190230,러시아,1336534,297996
2023-05,라면,190230,말레이시아,5726668,1217621
2023-05,라면,190230,멕시코,509480,118493
2023-05,라면,190230,미국,16939290,4489532
2023-05,라면,190230,베트남,1089405,324706
2023-05,라면,190230,사우디아라비아,1280212,269683
2023-05,라면,190230,싱가포르,967414,226859
2023-05,라면,190230,아랍에미리트,1162461,270978
2023-05,라면,190230,영국,2889126,591286
2023-05,라면,190230,인도,499249,124132
2023-05,라면,190230,인도네시아,833109,225423
2023-05,라면,190230,일본,6071677,1829748
2023-05,라면,190230,전체,84092889,22538646
2023-05,라면,190230,중국,11243712,3309928
2023-05,라면,190230,카자흐스탄,812694,190563
2023-05,라면,190230,캐나다,2835717,997187
2023-05,라면,190230,태국,3641397,956198
2023-05,라면,190230,튀르키예,7731,1223
2023-05,라면,190230,폴란드,136565,39423
2023-05,라면,190230,필리핀,2138448,590235
2023-05,라면,190230,호주,3829162,1055979
2023-05,라면,190230,홍콩,1713285,549264
2023-05,리튬이온 배터리,850760,네덜란드,56392,294
2023-05,리튬이온 배터리,850760,대만,18027873,464565
2023-05,리튬이온 배터리,850760,독일,71322972,1705766
2023-05,리튬이온 배터리,850760,러시아,62393,229
2023-05,리튬이온 배터리,850760,말레이시아,302784,7699
2023-05,리튬이온 배터리,850760,멕시코,438,12
2023-05,리튬이온 배터리,850760,미국,325354581,7958249
2023-05,리튬이온 배터리,850760,베트남,20740952,245295
2023-05,리튬이온 배터리,850760,사우디아라비아,29411,234
2023-05,리튬이온 배터리,850760,싱가포르,914466,30551
2023-05,리튬이온 배터리,850760,아랍에미리트,29671,454
2023-05,리튬이온 배터리,850760,영국,1395471,22250
2023-05,리튬이온 배터리,850760,인도,32378884,841826
2023-05,리튬이온 배터리,850760,인도네시아,56355,2265
2023-05,리튬이온 배터리,850760,일본,23485920,543117
2023-05,리튬이온 배터리,850760,전체,586085253,14072641
2023-05,리튬이온 배터리,850760,중국,23965796,493255
2023-05,리튬이온 배터리,850760,카자흐스탄,797,29
2023-05,리튬이온 배터리,850760,캐나다,1457181,31718
2023-05,리튬이온 배터리,850760,태국,24404,304
2023-05,리튬이온 배터리,850760,튀르키예,7756,87
2023-05,리튬이온 배터리,850760,폴란드,5499295,86681
2023-05,리튬이온 배터리,850760,필리핀,206955,5027
2023-05,리튬이온 배터리,850760,호주,3310153,50199
2023-05,리튬이온 배터리,850760,홍콩,1595856,12097
2023-05,메모리 반도체,854232,네덜란드,2532537,123
2023-05,메모리 반도체,854232,대만,173002908,20272
2023-05,메모리 반도체,854232,독일,3811713,339
2023-05,메모리 반도체,854232,말레이시아,15191057,1530
2023-05,메모리 반도체,854232,멕시코,4813050,1571
2023-05,메모리 반도체,854232,미국,20947502,1676
2023-05,메모리 반도체,854232,베트남,276852027,34125
2023-05,메모리 반도체,854232,사우디아라비아,3393,2
2023-05,메모리 반도체,854232,싱가포르,893409,133
2023-05,메모리 반도체,854232,아랍에미리트,0,0
2023-05,메모리 반도체,854232,영국,826480,45
2023-05,메모리 반도체,854232,인도,21354730,1346
2023-05,메모리 반도체,854232,인도네시아,8243538,3172
2023-05,메모리 반도체,854232,일본,27030783,1595
2023-05,메모리 반도체,854232,전체,3024480517,300405
2023-05,메모리 반도체,854232,중국,1419714169,110423
2023-05,메모리 반도체,854232,캐나다,12864,5
2023-05,메모리 반도체,854232,태국,9018153,2929
2023-05,메모리 반도체,854232,튀르키예,3341249,292
2023-05,메모리 반도체,854232,폴란드,6754125,1961
2023-05,메모리 반도체,854232,필리핀,87221229,23394
2023-05,메모리 반도체,854232,호주,10,0
2023-05,메모리 반도체,854232,홍콩,911981105,91349
2023-05,바이오의약품·톡신,3002,네덜란드,8972547,1635
2023-05,바이오의약품·톡신,3002,대만,2842591,2558
2023-05,바이오의약품·톡신,3002,독일,30357137,3880
2023-05,바이오의약품·톡신,3002,러시아,676779,2224
2023-05,바이오의약품·톡신,3002,말레이시아,2467509,4144
2023-05,바이오의약품·톡신,3002,멕시코,1010798,613
2023-05,바이오의약품·톡신,3002,미국,74054664,9145
2023-05,바이오의약품·톡신,3002,베트남,4713056,32123
2023-05,바이오의약품·톡신,3002,사우디아라비아,1887556,4377
2023-05,바이오의약품·톡신,3002,싱가포르,667373,230
2023-05,바이오의약품·톡신,3002,아랍에미리트,439907,394
2023-05,바이오의약품·톡신,3002,영국,22130984,714
2023-05,바이오의약품·톡신,3002,인도,938442,7954
2023-05,바이오의약품·톡신,3002,인도네시아,434766,2105
2023-05,바이오의약품·톡신,3002,일본,9833266,6809
2023-05,바이오의약품·톡신,3002,전체,370214530,238755
2023-05,바이오의약품·톡신,3002,중국,6418488,19877
2023-05,바이오의약품·톡신,3002,카자흐스탄,725549,2735
2023-05,바이오의약품·톡신,3002,캐나다,672398,486
2023-05,바이오의약품·톡신,3002,태국,2907652,6361
2023-05,바이오의약품·톡신,3002,튀르키예,15355518,2170
2023-05,바이오의약품·톡신,3002,폴란드,899145,1223
2023-05,바이오의약품·톡신,3002,필리핀,1114792,5065
2023-05,바이오의약품·톡신,3002,호주,203246,372
2023-05,바이오의약품·톡신,3002,홍콩,1875846,4118
2023-05,반도체 장비,8486,네덜란드,15308436,28883
2023-05,반도체 장비,8486,대만,50245910,371203
2023-05,반도체 장비,8486,독일,3223878,15774
2023-05,반도체 장비,8486,러시아,36256,223
2023-05,반도체 장비,8486,말레이시아,3085338,14168
2023-05,반도체 장비,8486,멕시코,32456,584
2023-05,반도체 장비,8486,미국,56807614,270771
2023-05,반도체 장비,8486,베트남,23187012,278640
2023-05,반도체 장비,8486,싱가포르,40367972,282638
2023-05,반도체 장비,8486,영국,1163466,6199
2023-05,반도체 장비,8486,인도,545479,3933
2023-05,반도체 장비,8486,인도네시아,304805,5526
2023-05,반도체 장비,8486,일본,22509649,173402
2023-05,반도체 장비,8486,전체,474115768,3490213
2023-05,반도체 장비,8486,중국,236051373,1967194
2023-05,반도체 장비,8486,캐나다,27710,47
2023-05,반도체 장비,8486,태국,621032,3743
2023-05,반도체 장비,8486,튀르키예,423300,9122
2023-05,반도체 장비,8486,폴란드,1087398,4639
2023-05,반도체 장비,8486,필리핀,1118025,2625
2023-05,반도체 장비,8486,호주,3858,18
2023-05,반도체 장비,8486,홍콩,1079139,5811
2023-05,변압기·전력변환기,8504,네덜란드,2648849,52315
2023-05,변압기·전력변환기,8504,대만,2616148,63226
2023-05,변압기·전력변환기,8504,독일,1260258,21476
2023-05,변압기·전력변환기,8504,러시아,159379,3754
2023-05,변압기·전력변환기,8504,말레이시아,946737,94820
2023-05,변압기·전력변환기,8504,멕시코,2331247,65333
2023-05,변압기·전력변환기,8504,미국,95085078,6673791
2023-05,변압기·전력변환기,8504,베트남,34193234,919973
2023-05,변압기·전력변환기,8504,사우디아라비아,18695919,1606216
2023-05,변압기·전력변환기,8504,싱가포르,2337613,93721
2023-05,변압기·전력변환기,8504,아랍에미리트,1762567,186682
2023-05,변압기·전력변환기,8504,영국,7637338,535364
2023-05,변압기·전력변환기,8504,인도,9975567,898154
2023-05,변압기·전력변환기,8504,인도네시아,3928341,248045
2023-05,변압기·전력변환기,8504,일본,7583736,649943
2023-05,변압기·전력변환기,8504,전체,292718442,17428503
2023-05,변압기·전력변환기,8504,중국,23963468,805449
2023-05,변압기·전력변환기,8504,카자흐스탄,60224,866
2023-05,변압기·전력변환기,8504,캐나다,6029190,585794
2023-05,변압기·전력변환기,8504,태국,1568785,78965
2023-05,변압기·전력변환기,8504,튀르키예,1225848,26724
2023-05,변압기·전력변환기,8504,폴란드,11480254,154512
2023-05,변압기·전력변환기,8504,필리핀,3113604,426721
2023-05,변압기·전력변환기,8504,호주,776616,96318
2023-05,변압기·전력변환기,8504,홍콩,4302277,261519
2023-05,선박,8901,독일,0,0
2023-05,선박,8901,베트남,0,0
2023-05,선박,8901,사우디아라비아,0,0
2023-05,선박,8901,싱가포르,9191424,48687000
2023-05,선박,8901,일본,403794,933015
2023-05,선박,8901,전체,887069801,481596715
2023-05,선박,8901,중국,0,0
2023-05,선박,8901,필리핀,155386,6400
2023-05,승용차,8703,네덜란드,102727823,6230604
2023-05,승용차,8703,대만,47440746,3332776
2023-05,승용차,8703,독일,231760486,12386416
2023-05,승용차,8703,러시아,60777301,5959447
2023-05,승용차,8703,말레이시아,56826,2245
2023-05,승용차,8703,멕시코,44000562,3786488
2023-05,승용차,8703,미국,2485079542,166904899
2023-05,승용차,8703,베트남,15673359,1193192
2023-05,승용차,8703,사우디아라비아,128626518,10323279
2023-05,승용차,8703,싱가포르,5288195,357519
2023-05,승용차,8703,아랍에미리트,39028848,4778226
2023-05,승용차,8703,영국,231329069,12980102
2023-05,승용차,8703,인도,12223356,610244
2023-05,승용차,8703,인도네시아,63368954,3501953
2023-05,승용차,8703,일본,7312010,566871
2023-05,승용차,8703,전체,5974135861,465408522
2023-05,승용차,8703,중국,40406408,932142
2023-05,승용차,8703,카자흐스탄,106070414,7372114
2023-05,승용차,8703,캐나다,419488189,30961462
2023-05,승용차,8703,태국,112612,9930
2023-05,승용차,8703,튀르키예,55134605,14686374
2023-05,승용차,8703,폴란드,52300655,3947823
2023-05,승용차,8703,필리핀,15689556,961084
2023-05,승용차,8703,호주,270954134,21705464
2023-05,승용차,8703,홍콩,14442096,730359
2023-05,시스템반도체,854231,네덜란드,7447959,5102
2023-05,시스템반도체,854231,대만,338776462,79645
2023-05,시스템반도체,854231,독일,3018904,1084
2023-05,시스템반도체,854231,말레이시아,102639209,40974
2023-05,시스템반도체,854231,멕시코,21636950,8347
2023-05,시스템반도체,854231,미국,57569750,17655
2023-05,시스템반도체,854231,베트남,324979914,48054
2023-05,시스템반도체,854231,싱가포르,325009037,66526
2023-05,시스템반도체,854231,아랍에미리트,4945,1
2023-05,시스템반도체,854231,영국,273740,333
2023-05,시스템반도체,854231,인도,66129350,8907
2023-05,시스템반도체,854231,인도네시아,19522374,5545
2023-05,시스템반도체,854231,일본,109813121,15254
2023-05,시스템반도체,854231,전체,2781024195,552132
2023-05,시스템반도체,854231,중국,1090303034,125490
2023-05,시스템반도체,854231,카자흐스탄,791900,116
2023-05,시스템반도체,854231,캐나다,215066,55
2023-05,시스템반도체,854231,태국,16199284,7106
2023-05,시스템반도체,854231,튀르키예,1778131,139
2023-05,시스템반도체,854231,폴란드,21371804,5162
2023-05,시스템반도체,854231,필리핀,58417679,38052
2023-05,시스템반도체,854231,호주,36599,76
2023-05,시스템반도체,854231,홍콩,116938688,54825
2023-05,완제의약품,3004,네덜란드,1377775,1416
2023-05,완제의약품,3004,대만,867652,14059
2023-05,완제의약품,3004,독일,146625,2492
2023-05,완제의약품,3004,러시아,100387,1187
2023-05,완제의약품,3004,말레이시아,497641,15047
2023-05,완제의약품,3004,멕시코,2809039,15478
2023-05,완제의약품,3004,미국,4760598,76055
2023-05,완제의약품,3004,베트남,8295760,511572
2023-05,완제의약품,3004,사우디아라비아,181951,13675
2023-05,완제의약품,3004,싱가포르,900635,14750
2023-05,완제의약품,3004,아랍에미리트,1659097,9824
2023-05,완제의약품,3004,영국,705897,1325
2023-05,완제의약품,3004,인도,1058378,3488
2023-05,완제의약품,3004,인도네시아,1159698,12031
2023-05,완제의약품,3004,일본,11925568,125299
2023-05,완제의약품,3004,전체,71151004,1523736
2023-05,완제의약품,3004,중국,5671397,64695
2023-05,완제의약품,3004,카자흐스탄,332316,1390
2023-05,완제의약품,3004,캐나다,12567,2433
2023-05,완제의약품,3004,태국,4136660,40561
2023-05,완제의약품,3004,튀르키예,193291,2410
2023-05,완제의약품,3004,폴란드,101689,238
2023-05,완제의약품,3004,필리핀,4296220,76850
2023-05,완제의약품,3004,호주,339797,8356
2023-05,완제의약품,3004,홍콩,1510032,9668
2023-05,의료기기,9018,네덜란드,4767433,26658
2023-05,의료기기,9018,대만,3120379,39603
2023-05,의료기기,9018,독일,5980633,42132
2023-05,의료기기,9018,러시아,14369559,49133
2023-05,의료기기,9018,말레이시아,2453998,28973
2023-05,의료기기,9018,멕시코,1576766,20190
2023-05,의료기기,9018,미국,40568995,392521
2023-05,의료기기,9018,베트남,4825378,101821
2023-05,의료기기,9018,사우디아라비아,1997196,18943
2023-05,의료기기,9018,싱가포르,2722595,14539
2023-05,의료기기,9018,아랍에미리트,3987432,46259
2023-05,의료기기,9018,영국,4260841,50584
2023-05,의료기기,9018,인도,9894911,100099
2023-05,의료기기,9018,인도네시아,3025979,38772
2023-05,의료기기,9018,일본,14729806,91758
2023-05,의료기기,9018,전체,209800698,1857378
2023-05,의료기기,9018,중국,14985891,123693
2023-05,의료기기,9018,카자흐스탄,1079454,8194
2023-05,의료기기,9018,캐나다,2015693,12324
2023-05,의료기기,9018,태국,3704699,31380
2023-05,의료기기,9018,튀르키예,2735580,19641
2023-05,의료기기,9018,폴란드,2586678,12409
2023-05,의료기기,9018,필리핀,2068761,38303
2023-05,의료기기,9018,호주,3062557,17604
2023-05,의료기기,9018,홍콩,2857980,13407
2023-05,전선·케이블,8544,네덜란드,1200551,103375
2023-05,전선·케이블,8544,대만,32885416,5622418
2023-05,전선·케이블,8544,독일,2057281,124225
2023-05,전선·케이블,8544,러시아,461610,48257
2023-05,전선·케이블,8544,말레이시아,1812258,124585
2023-05,전선·케이블,8544,멕시코,17673309,953217
2023-05,전선·케이블,8544,미국,76646926,8759546
2023-05,전선·케이블,8544,베트남,33351845,1962668
2023-05,전선·케이블,8544,사우디아라비아,3919458,460391
2023-05,전선·케이블,8544,싱가포르,8024415,802749
2023-05,전선·케이블,8544,아랍에미리트,1337983,92993
2023-05,전선·케이블,8544,영국,9942455,1166420
2023-05,전선·케이블,8544,인도,10264536,520254
2023-05,전선·케이블,8544,인도네시아,3034417,248595
2023-05,전선·케이블,8544,일본,15544364,1875133
2023-05,전선·케이블,8544,전체,341675032,33108029
2023-05,전선·케이블,8544,중국,54878134,4215876
2023-05,전선·케이블,8544,카자흐스탄,137671,5235
2023-05,전선·케이블,8544,캐나다,472758,8830
2023-05,전선·케이블,8544,태국,2686548,231916
2023-05,전선·케이블,8544,튀르키예,3089602,184635
2023-05,전선·케이블,8544,폴란드,1656638,44375
2023-05,전선·케이블,8544,필리핀,13715857,1299733
2023-05,전선·케이블,8544,호주,5263277,524450
2023-05,전선·케이블,8544,홍콩,2744111,444399
2023-05,태양광 모듈,854143,네덜란드,1220,2
2023-05,태양광 모듈,854143,독일,8970,878
2023-05,태양광 모듈,854143,말레이시아,384081,123822
2023-05,태양광 모듈,854143,멕시코,48288,2320
2023-05,태양광 모듈,854143,미국,94929349,15150057
2023-05,태양광 모듈,854143,베트남,16311,396
2023-05,태양광 모듈,854143,싱가포르,0,0
2023-05,태양광 모듈,854143,일본,85274,15676
2023-05,태양광 모듈,854143,전체,97457800,15751181
2023-05,태양광 모듈,854143,중국,672997,40791
2023-05,태양광 모듈,854143,태국,0,0
2023-05,태양광 모듈,854143,필리핀,0,0
2023-05,화장품,3304,네덜란드,3398492,93088
2023-05,화장품,3304,대만,11858489,613530
2023-05,화장품,3304,독일,2947331,61927
2023-05,화장품,3304,러시아,26275969,1307463
2023-05,화장품,3304,말레이시아,7963337,275805
2023-05,화장품,3304,멕시코,588983,14814
2023-05,화장품,3304,미국,81078437,3059857
2023-05,화장품,3304,베트남,34000654,855522
2023-05,화장품,3304,사우디아라비아,1733402,42465
2023-05,화장품,3304,싱가포르,7543320,299970
2023-05,화장품,3304,아랍에미리트,4951103,105215
2023-05,화장품,3304,영국,7012185,167824
2023-05,화장품,3304,인도,2936288,133663
2023-05,화장품,3304,인도네시아,5241843,164081
2023-05,화장품,3304,일본,54747149,1571908
2023-05,화장품,3304,전체,667215718,19403765
2023-05,화장품,3304,중국,264513874,6325012
2023-05,화장품,3304,카자흐스탄,4515653,141967
2023-05,화장품,3304,캐나다,5885601,228256
2023-05,화장품,3304,태국,13769134,380413
2023-05,화장품,3304,튀르키예,4902358,119780
2023-05,화장품,3304,폴란드,3507497,94424
2023-05,화장품,3304,필리핀,4233294,308867
2023-05,화장품,3304,호주,4511939,263857
2023-05,화장품,3304,홍콩,52559870,962697
2023-06,라면,190230,네덜란드,6074461,1439266
2023-06,라면,190230,대만,4040675,1149274
2023-06,라면,190230,독일,2481798,754481
2023-06,라면,190230,러시아,1299551,295610
2023-06,라면,190230,말레이시아,5694231,1349255
2023-06,라면,190230,멕시코,498181,112533
2023-06,라면,190230,미국,19872326,5021790
2023-06,라면,190230,베트남,1701820,485918
2023-06,라면,190230,사우디아라비아,1111235,233899
2023-06,라면,190230,싱가포르,1107492,258538
2023-06,라면,190230,아랍에미리트,1560718,370686
2023-06,라면,190230,영국,2616741,625924
2023-06,라면,190230,인도,853622,204747
2023-06,라면,190230,인도네시아,1407854,398399
2023-06,라면,190230,일본,5622318,1694275
2023-06,라면,190230,전체,98283003,26281763
2023-06,라면,190230,중국,16638371,4784807
2023-06,라면,190230,카자흐스탄,638749,156416
2023-06,라면,190230,캐나다,2259420,744479
2023-06,라면,190230,태국,3421974,830594
2023-06,라면,190230,튀르키예,0,0
2023-06,라면,190230,폴란드,220651,66052
2023-06,라면,190230,필리핀,3604704,1084078
2023-06,라면,190230,호주,4227535,1168102
2023-06,라면,190230,홍콩,1771367,637702
2023-06,리튬이온 배터리,850760,네덜란드,61769,304
2023-06,리튬이온 배터리,850760,대만,40468528,1019764
2023-06,리튬이온 배터리,850760,독일,62867653,1463777
2023-06,리튬이온 배터리,850760,러시아,996003,16492
2023-06,리튬이온 배터리,850760,말레이시아,591648,15383
2023-06,리튬이온 배터리,850760,멕시코,750164,21479
2023-06,리튬이온 배터리,850760,미국,428582505,11062287
2023-06,리튬이온 배터리,850760,베트남,19284129,244296
2023-06,리튬이온 배터리,850760,사우디아라비아,1411,3
2023-06,리튬이온 배터리,850760,싱가포르,1223711,21838
2023-06,리튬이온 배터리,850760,아랍에미리트,899270,22985
2023-06,리튬이온 배터리,850760,영국,2803988,20178
2023-06,리튬이온 배터리,850760,인도,30350511,790455
2023-06,리튬이온 배터리,850760,인도네시아,12441,175
2023-06,리튬이온 배터리,850760,일본,25180902,626155
2023-06,리튬이온 배터리,850760,전체,719294518,17844053
2023-06,리튬이온 배터리,850760,중국,31716418,688657
2023-06,리튬이온 배터리,850760,카자흐스탄,130,2
2023-06,리튬이온 배터리,850760,캐나다,855945,19508
2023-06,리튬이온 배터리,850760,태국,393173,9260
2023-06,리튬이온 배터리,850760,튀르키예,509289,10941
2023-06,리튬이온 배터리,850760,폴란드,6264659,93583
2023-06,리튬이온 배터리,850760,필리핀,162171,6687
2023-06,리튬이온 배터리,850760,호주,5956356,146924
2023-06,리튬이온 배터리,850760,홍콩,1132080,19729
2023-06,메모리 반도체,854232,네덜란드,1428325,85
2023-06,메모리 반도체,854232,대만,259521475,31435
2023-06,메모리 반도체,854232,독일,17340522,959
2023-06,메모리 반도체,854232,말레이시아,14029121,1432
2023-06,메모리 반도체,854232,멕시코,5494458,757
2023-06,메모리 반도체,854232,미국,17672117,2076
2023-06,메모리 반도체,854232,베트남,453207514,44567
2023-06,메모리 반도체,854232,싱가포르,7034302,2630
2023-06,메모리 반도체,854232,영국,3868097,222
2023-06,메모리 반도체,854232,인도,59216514,2334
2023-06,메모리 반도체,854232,인도네시아,9631210,1753
2023-06,메모리 반도체,854232,일본,31154856,1562
2023-06,메모리 반도체,854232,전체,4033803890,383411
2023-06,메모리 반도체,854232,중국,1758969197,171802
2023-06,메모리 반도체,854232,캐나다,14086,1
2023-06,메모리 반도체,854232,태국,25216304,4747
2023-06,메모리 반도체,854232,튀르키예,2167402,216
2023-06,메모리 반도체,854232,폴란드,5211590,1200
2023-06,메모리 반도체,854232,필리핀,35054958,9454
2023-06,메모리 반도체,854232,호주,0,0
2023-06,메모리 반도체,854232,홍콩,1300076583,102501
2023-06,바이오의약품·톡신,3002,네덜란드,30535990,6243
2023-06,바이오의약품·톡신,3002,대만,19578183,4669
2023-06,바이오의약품·톡신,3002,독일,74939615,4036
2023-06,바이오의약품·톡신,3002,러시아,745461,4196
2023-06,바이오의약품·톡신,3002,말레이시아,1988767,9164
2023-06,바이오의약품·톡신,3002,멕시코,1825381,3671
2023-06,바이오의약품·톡신,3002,미국,97651198,18148
2023-06,바이오의약품·톡신,3002,베트남,2730983,35324
2023-06,바이오의약품·톡신,3002,사우디아라비아,4493665,4152
2023-06,바이오의약품·톡신,3002,싱가포르,620735,497
2023-06,바이오의약품·톡신,3002,아랍에미리트,199070,559
2023-06,바이오의약품·톡신,3002,영국,347828,320
2023-06,바이오의약품·톡신,3002,인도,733863,4369
2023-06,바이오의약품·톡신,3002,인도네시아,930024,5422
2023-06,바이오의약품·톡신,3002,일본,12323850,8987
2023-06,바이오의약품·톡신,3002,전체,489158672,344653
2023-06,바이오의약품·톡신,3002,중국,8619653,24507
2023-06,바이오의약품·톡신,3002,카자흐스탄,563796,990
2023-06,바이오의약품·톡신,3002,캐나다,2595490,2231
2023-06,바이오의약품·톡신,3002,태국,3831131,7660
2023-06,바이오의약품·톡신,3002,튀르키예,2413250,6631
2023-06,바이오의약품·톡신,3002,폴란드,4766799,2915
2023-06,바이오의약품·톡신,3002,필리핀,1444035,6813
2023-06,바이오의약품·톡신,3002,호주,2894924,2367
2023-06,바이오의약품·톡신,3002,홍콩,4159397,7456
2023-06,반도체 장비,8486,네덜란드,41197607,37271
2023-06,반도체 장비,8486,대만,52360126,328191
2023-06,반도체 장비,8486,독일,2669611,6990
2023-06,반도체 장비,8486,러시아,142458,3220
2023-06,반도체 장비,8486,말레이시아,11299663,90913
2023-06,반도체 장비,8486,멕시코,1347825,2324
2023-06,반도체 장비,8486,미국,65111252,284951
2023-06,반도체 장비,8486,베트남,20474305,321842
2023-06,반도체 장비,8486,싱가포르,57606734,469589
2023-06,반도체 장비,8486,아랍에미리트,0,0
2023-06,반도체 장비,8486,영국,731887,3490
2023-06,반도체 장비,8486,인도,158630,1845
2023-06,반도체 장비,8486,인도네시아,30466,64
2023-06,반도체 장비,8486,일본,29579521,152097
2023-06,반도체 장비,8486,전체,576206476,5592225
2023-06,반도체 장비,8486,중국,264268163,3627016
2023-06,반도체 장비,8486,카자흐스탄,19000,43
2023-06,반도체 장비,8486,캐나다,5587,13
2023-06,반도체 장비,8486,태국,772753,4805
2023-06,반도체 장비,8486,튀르키예,222870,4935
2023-06,반도체 장비,8486,폴란드,79899,1284
2023-06,반도체 장비,8486,필리핀,3541621,25370
2023-06,반도체 장비,8486,호주,81662,650
2023-06,반도체 장비,8486,홍콩,317763,1300
2023-06,변압기·전력변환기,8504,네덜란드,2853075,53927
2023-06,변압기·전력변환기,8504,대만,2732904,117157
2023-06,변압기·전력변환기,8504,독일,1120372,10135
2023-06,변압기·전력변환기,8504,러시아,257265,5936
2023-06,변압기·전력변환기,8504,말레이시아,3923938,70523
2023-06,변압기·전력변환기,8504,멕시코,2188679,90444
2023-06,변압기·전력변환기,8504,미국,116366420,7254068
2023-06,변압기·전력변환기,8504,베트남,22853729,867291
2023-06,변압기·전력변환기,8504,사우디아라비아,18453929,1465151
2023-06,변압기·전력변환기,8504,싱가포르,1422188,49590
2023-06,변압기·전력변환기,8504,아랍에미리트,1336689,57466
2023-06,변압기·전력변환기,8504,영국,6812049,497767
2023-06,변압기·전력변환기,8504,인도,7230791,462663
2023-06,변압기·전력변환기,8504,인도네시아,11955242,801490
2023-06,변압기·전력변환기,8504,일본,6498517,488477
2023-06,변압기·전력변환기,8504,전체,288507982,15618044
2023-06,변압기·전력변환기,8504,중국,28912118,1285952
2023-06,변압기·전력변환기,8504,카자흐스탄,66101,1354
2023-06,변압기·전력변환기,8504,캐나다,4049392,299373
2023-06,변압기·전력변환기,8504,태국,1741637,108927
2023-06,변압기·전력변환기,8504,튀르키예,1678313,42901
2023-06,변압기·전력변환기,8504,폴란드,6962515,234573
2023-06,변압기·전력변환기,8504,필리핀,2079333,271896
2023-06,변압기·전력변환기,8504,호주,313878,15511
2023-06,변압기·전력변환기,8504,홍콩,2337467,41475
2023-06,선박,8901,독일,166307456,66844000
2023-06,선박,8901,말레이시아,300000,532000
2023-06,선박,8901,싱가포르,124050000,156363400
2023-06,선박,8901,아랍에미리트,396995,1789000
2023-06,선박,8901,일본,5200,43
2023-06,선박,8901,전체,1980477947,1058805446
2023-06,선박,8901,중국,0,0
2023-06,선박,8901,필리핀,6470000,3400000
2023-06,선박,8901,호주,0,0
2023-06,선박,8901,홍콩,45200000,64517000
2023-06,승용차,8703,네덜란드,66958203,4022737
2023-06,승용차,8703,대만,23639236,1732722
2023-06,승용차,8703,독일,354767864,18484342
2023-06,승용차,8703,러시아,66609383,6239647
2023-06,승용차,8703,말레이시아,2976808,143516
2023-06,승용차,8703,멕시코,39065770,3325023
2023-06,승용차,8703,미국,2627128724,175647084
2023-06,승용차,8703,베트남,9449309,697925
2023-06,승용차,8703,사우디아라비아,119748565,9865020
2023-06,승용차,8703,싱가포르,4125807,257743
2023-06,승용차,8703,아랍에미리트,30543887,3833028
2023-06,승용차,8703,영국,214548027,11780169
2023-06,승용차,8703,인도,4892039,263565
2023-06,승용차,8703,인도네시아,68144714,3662946
2023-06,승용차,8703,일본,1247326,93959
2023-06,승용차,8703,전체,5988306957,460161163
2023-06,승용차,8703,중국,36506252,1073292
2023-06,승용차,8703,카자흐스탄,131750589,8781666
2023-06,승용차,8703,캐나다,465677665,34363064
2023-06,승용차,8703,태국,52224,4119
2023-06,승용차,8703,튀르키예,50017427,13609461
2023-06,승용차,8703,폴란드,53351177,3381137
2023-06,승용차,8703,필리핀,13451602,868935
2023-06,승용차,8703,호주,296926071,23152895
2023-06,승용차,8703,홍콩,4954242,233061
2023-06,시스템반도체,854231,네덜란드,3202575,2075
2023-06,시스템반도체,854231,대만,195876207,64391
2023-06,시스템반도체,854231,독일,3711242,1101
2023-06,시스템반도체,854231,러시아,0,0
2023-06,시스템반도체,854231,말레이시아,111221174,41505
2023-06,시스템반도체,854231,멕시코,17406013,7485
2023-06,시스템반도체,854231,미국,41162849,13506
2023-06,시스템반도체,854231,베트남,317600394,49190
2023-06,시스템반도체,854231,싱가포르,405788949,69007
2023-06,시스템반도체,854231,아랍에미리트,32759,2
2023-06,시스템반도체,854231,영국,49490,29
2023-06,시스템반도체,854231,인도,92244670,12460
2023-06,시스템반도체,854231,인도네시아,10392707,3675
2023-06,시스템반도체,854231,일본,74532639,20253
2023-06,시스템반도체,854231,전체,2646244910,553147
2023-06,시스템반도체,854231,중국,956628353,125496
2023-06,시스템반도체,854231,카자흐스탄,2587679,474
2023-06,시스템반도체,854231,캐나다,11764,12
2023-06,시스템반도체,854231,태국,11529489,5342
2023-06,시스템반도체,854231,튀르키예,1220947,124
2023-06,시스템반도체,854231,폴란드,15506951,6128
2023-06,시스템반도체,854231,필리핀,55208505,33689
2023-06,시스템반도체,854231,호주,18455,22
2023-06,시스템반도체,854231,홍콩,231413677,67684
2023-06,완제의약품,3004,네덜란드,881633,900
2023-06,완제의약품,3004,대만,1747638,36179
2023-06,완제의약품,3004,독일,1177511,6297
2023-06,완제의약품,3004,러시아,151119,1318
2023-06,완제의약품,3004,말레이시아,780150,11305
2023-06,완제의약품,3004,멕시코,2381016,14642
2023-06,완제의약품,3004,미국,3292832,92057
2023-06,완제의약품,3004,베트남,11754818,678519
2023-06,완제의약품,3004,사우디아라비아,347762,12171
2023-06,완제의약품,3004,싱가포르,1461915,19257
2023-06,완제의약품,3004,아랍에미리트,3741623,18139
2023-06,완제의약품,3004,영국,822440,1221
2023-06,완제의약품,3004,인도,722021,3456
2023-06,완제의약품,3004,인도네시아,2177090,16396
2023-06,완제의약품,3004,일본,14385756,122971
2023-06,완제의약품,3004,전체,89365446,1930964
2023-06,완제의약품,3004,중국,7132034,75668
2023-06,완제의약품,3004,카자흐스탄,253822,1405
2023-06,완제의약품,3004,캐나다,11092,25
2023-06,완제의약품,3004,태국,2901249,48260
2023-06,완제의약품,3004,튀르키예,497268,1441
2023-06,완제의약품,3004,폴란드,489311,4121
2023-06,완제의약품,3004,필리핀,3411650,51905
2023-06,완제의약품,3004,호주,206556,15222
2023-06,완제의약품,3004,홍콩,1486314,11478
2023-06,의료기기,9018,네덜란드,5608454,26330
2023-06,의료기기,9018,대만,4564291,45347
2023-06,의료기기,9018,독일,7287613,60332
2023-06,의료기기,9018,러시아,12950017,78314
2023-06,의료기기,9018,말레이시아,2276035,23378
2023-06,의료기기,9018,멕시코,1967267,18871
2023-06,의료기기,9018,미국,42061215,421061
2023-06,의료기기,9018,베트남,6566538,162656
2023-06,의료기기,9018,사우디아라비아,1977782,30172
2023-06,의료기기,9018,싱가포르,3973959,20497
2023-06,의료기기,9018,아랍에미리트,4465279,31427
2023-06,의료기기,9018,영국,6441955,99275
2023-06,의료기기,9018,인도,9547000,73334
2023-06,의료기기,9018,인도네시아,4143836,42612
2023-06,의료기기,9018,일본,18450403,99493
2023-06,의료기기,9018,전체,224953917,2049649
2023-06,의료기기,9018,중국,13838087,99695
2023-06,의료기기,9018,카자흐스탄,461048,4590
2023-06,의료기기,9018,캐나다,3157734,18113
2023-06,의료기기,9018,태국,2892963,27994
2023-06,의료기기,9018,튀르키예,3426588,22123
2023-06,의료기기,9018,폴란드,3102981,14738
2023-06,의료기기,9018,필리핀,2876887,52272
2023-06,의료기기,9018,호주,3872911,46842
2023-06,의료기기,9018,홍콩,2634112,14874
2023-06,전선·케이블,8544,네덜란드,1245002,74079
2023-06,전선·케이블,8544,대만,15077753,2134964
2023-06,전선·케이블,8544,독일,2151663,94447
2023-06,전선·케이블,8544,러시아,483688,45919
2023-06,전선·케이블,8544,말레이시아,5977848,489802
2023-06,전선·케이블,8544,멕시코,21037862,1174566
2023-06,전선·케이블,8544,미국,68008293,7513046
2023-06,전선·케이블,8544,베트남,35727224,2112007
2023-06,전선·케이블,8544,사우디아라비아,629190,87256
2023-06,전선·케이블,8544,싱가포르,6761394,665669
2023-06,전선·케이블,8544,아랍에미리트,3113990,52907
2023-06,전선·케이블,8544,영국,5601517,546441
2023-06,전선·케이블,8544,인도,13231698,802777
2023-06,전선·케이블,8544,인도네시아,3843137,267400
2023-06,전선·케이블,8544,일본,9826731,1024671
2023-06,전선·케이블,8544,전체,342778200,31026105
2023-06,전선·케이블,8544,중국,54198155,4165987
2023-06,전선·케이블,8544,카자흐스탄,339601,13312
2023-06,전선·케이블,8544,캐나다,205639,6136
2023-06,전선·케이블,8544,태국,3175536,281658
2023-06,전선·케이블,8544,튀르키예,3458752,217552
2023-06,전선·케이블,8544,폴란드,2498644,117465
2023-06,전선·케이블,8544,필리핀,13735762,1265957
2023-06,전선·케이블,8544,호주,4976948,438154
2023-06,전선·케이블,8544,홍콩,2216102,419917
2023-06,태양광 모듈,854143,네덜란드,104520,211
2023-06,태양광 모듈,854143,독일,878,221
2023-06,태양광 모듈,854143,미국,86922869,16214761
2023-06,태양광 모듈,854143,베트남,200832,2611
2023-06,태양광 모듈,854143,사우디아라비아,35699,1100
2023-06,태양광 모듈,854143,싱가포르,1600,1
2023-06,태양광 모듈,854143,영국,81605,26301
2023-06,태양광 모듈,854143,일본,11863,2142
2023-06,태양광 모듈,854143,전체,89288579,16493472
2023-06,태양광 모듈,854143,중국,577773,78518
2023-06,태양광 모듈,854143,캐나다,0,0
2023-06,태양광 모듈,854143,튀르키예,209934,57000
2023-06,태양광 모듈,854143,필리핀,0,0
2023-06,태양광 모듈,854143,호주,170,0
2023-06,화장품,3304,네덜란드,4725601,133144
2023-06,화장품,3304,대만,12920255,649068
2023-06,화장품,3304,독일,4173104,82817
2023-06,화장품,3304,러시아,31432744,1367337
2023-06,화장품,3304,말레이시아,6294664,313810
2023-06,화장품,3304,멕시코,1754301,18458
2023-06,화장품,3304,미국,94961701,3664439
2023-06,화장품,3304,베트남,34960941,823923
2023-06,화장품,3304,사우디아라비아,2792528,66924
2023-06,화장품,3304,싱가포르,8401532,345643
2023-06,화장품,3304,아랍에미리트,7276473,94751
2023-06,화장품,3304,영국,8434818,225342
2023-06,화장품,3304,인도,3944148,151407
2023-06,화장품,3304,인도네시아,5078524,130083
2023-06,화장품,3304,일본,62312980,1448714
2023-06,화장품,3304,전체,640961751,19597539
2023-06,화장품,3304,중국,197722859,5729554
2023-06,화장품,3304,카자흐스탄,6264025,180330
2023-06,화장품,3304,캐나다,5058214,153394
2023-06,화장품,3304,태국,14948208,396388
2023-06,화장품,3304,튀르키예,5763177,130271
2023-06,화장품,3304,폴란드,5141391,157011
2023-06,화장품,3304,필리핀,5227330,396858
2023-06,화장품,3304,호주,4424654,159941
2023-06,화장품,3304,홍콩,47541725,853860
2023-07,라면,190230,네덜란드,5733134,1450882
2023-07,라면,190230,대만,4324235,1170007
2023-07,라면,190230,독일,1771473,511987
2023-07,라면,190230,러시아,1273531,292806
2023-07,라면,190230,말레이시아,4423396,1032336
2023-07,라면,190230,멕시코,430618,99277
2023-07,라면,190230,미국,10266507,2648561
2023-07,라면,190230,베트남,1945990,543001
2023-07,라면,190230,사우디아라비아,849249,155259
2023-07,라면,190230,싱가포르,734374,190000
2023-07,라면,190230,아랍에미리트,859376,191642
2023-07,라면,190230,영국,3058656,627086
2023-07,라면,190230,인도,936904,234422
2023-07,라면,190230,인도네시아,859937,233254
2023-07,라면,190230,일본,3715777,1222898
2023-07,라면,190230,전체,83741517,22505388
2023-07,라면,190230,중국,19749606,5685661
2023-07,라면,190230,카자흐스탄,452461,111858
2023-07,라면,190230,캐나다,2391396,750888
2023-07,라면,190230,태국,3234765,824436
2023-07,라면,190230,튀르키예,0,0
2023-07,라면,190230,폴란드,362948,115308
2023-07,라면,190230,필리핀,2690069,751748
2023-07,라면,190230,호주,3932084,1083984
2023-07,라면,190230,홍콩,1368126,461240
2023-07,리튬이온 배터리,850760,네덜란드,82434,540
2023-07,리튬이온 배터리,850760,대만,8012669,236203
2023-07,리튬이온 배터리,850760,독일,51454633,1296522
2023-07,리튬이온 배터리,850760,러시아,1988566,33644
2023-07,리튬이온 배터리,850760,말레이시아,11121,119
2023-07,리튬이온 배터리,850760,멕시코,15971168,387766
2023-07,리튬이온 배터리,850760,미국,276355571,7376370
2023-07,리튬이온 배터리,850760,베트남,17344934,242616
2023-07,리튬이온 배터리,850760,사우디아라비아,126874,1346
2023-07,리튬이온 배터리,850760,싱가포르,649763,10422
2023-07,리튬이온 배터리,850760,아랍에미리트,41809,1039
2023-07,리튬이온 배터리,850760,영국,75515,2488
2023-07,리튬이온 배터리,850760,인도,21111364,574075
2023-07,리튬이온 배터리,850760,인도네시아,119197,1608
2023-07,리튬이온 배터리,850760,일본,28088437,697750
2023-07,리튬이온 배터리,850760,전체,520163605,13290062
2023-07,리튬이온 배터리,850760,중국,18449685,375717
2023-07,리튬이온 배터리,850760,카자흐스탄,636,10
2023-07,리튬이온 배터리,850760,캐나다,4120119,94620
2023-07,리튬이온 배터리,850760,태국,69483,1099
2023-07,리튬이온 배터리,850760,튀르키예,2057000,44586
2023-07,리튬이온 배터리,850760,폴란드,136057,1946
2023-07,리튬이온 배터리,850760,필리핀,419792,52378
2023-07,리튬이온 배터리,850760,호주,7219320,172451
2023-07,리튬이온 배터리,850760,홍콩,526322,11147
2023-07,메모리 반도체,854232,네덜란드,2896579,168
2023-07,메모리 반도체,854232,대만,203472276,25176
2023-07,메모리 반도체,854232,독일,6739864,663
2023-07,메모리 반도체,854232,말레이시아,16591490,1497
2023-07,메모리 반도체,854232,멕시코,4782589,1809
2023-07,메모리 반도체,854232,미국,23367321,1636
2023-07,메모리 반도체,854232,베트남,237503015,24566
2023-07,메모리 반도체,854232,싱가포르,5964836,1420
2023-07,메모리 반도체,854232,영국,153570,13
2023-07,메모리 반도체,854232,인도,29199672,2495
2023-07,메모리 반도체,854232,인도네시아,9397524,2299
2023-07,메모리 반도체,854232,일본,25235825,1675
2023-07,메모리 반도체,854232,전체,3052040144,266969
2023-07,메모리 반도체,854232,중국,1567080925,118004
2023-07,메모리 반도체,854232,캐나다,108049,7
2023-07,메모리 반도체,854232,태국,10249628,3261
2023-07,메모리 반도체,854232,튀르키예,1818183,276
2023-07,메모리 반도체,854232,폴란드,6407346,2063
2023-07,메모리 반도체,854232,필리핀,48641514,5495
2023-07,메모리 반도체,854232,홍콩,830215011,71201
2023-07,바이오의약품·톡신,3002,네덜란드,3061266,230
2023-07,바이오의약품·톡신,3002,대만,1525420,1108
2023-07,바이오의약품·톡신,3002,독일,34363137,7769
2023-07,바이오의약품·톡신,3002,러시아,5138303,2848
2023-07,바이오의약품·톡신,3002,말레이시아,2403020,18265
2023-07,바이오의약품·톡신,3002,멕시코,2642206,1656
2023-07,바이오의약품·톡신,3002,미국,86466615,22052
2023-07,바이오의약품·톡신,3002,베트남,2629910,18891
2023-07,바이오의약품·톡신,3002,사우디아라비아,3285713,2080
2023-07,바이오의약품·톡신,3002,싱가포르,44461742,762
2023-07,바이오의약품·톡신,3002,아랍에미리트,101151,171
2023-07,바이오의약품·톡신,3002,영국,278241,248
2023-07,바이오의약품·톡신,3002,인도,1335132,11391
2023-07,바이오의약품·톡신,3002,인도네시아,372977,1948
2023-07,바이오의약품·톡신,3002,일본,7015280,4888
2023-07,바이오의약품·톡신,3002,전체,344036538,254839
2023-07,바이오의약품·톡신,3002,중국,3813536,22071
2023-07,바이오의약품·톡신,3002,카자흐스탄,606227,2542
2023-07,바이오의약품·톡신,3002,캐나다,1868900,1714
2023-07,바이오의약품·톡신,3002,태국,5080714,8434
2023-07,바이오의약품·톡신,3002,튀르키예,27318545,8581
2023-07,바이오의약품·톡신,3002,폴란드,1236452,826
2023-07,바이오의약품·톡신,3002,필리핀,1287142,7443
2023-07,바이오의약품·톡신,3002,호주,1314621,1353
2023-07,바이오의약품·톡신,3002,홍콩,726226,968
2023-07,반도체 장비,8486,네덜란드,25324955,38064
2023-07,반도체 장비,8486,대만,58208583,401049
2023-07,반도체 장비,8486,독일,2060407,6553
2023-07,반도체 장비,8486,러시아,55508,470
2023-07,반도체 장비,8486,말레이시아,4142546,30923
2023-07,반도체 장비,8486,멕시코,98780,2733
2023-07,반도체 장비,8486,미국,56047721,321147
2023-07,반도체 장비,8486,베트남,19350223,442472
2023-07,반도체 장비,8486,싱가포르,36223509,339429
2023-07,반도체 장비,8486,아랍에미리트,55000,17
2023-07,반도체 장비,8486,영국,1131209,5202
2023-07,반도체 장비,8486,인도,198369,617
2023-07,반도체 장비,8486,인도네시아,57490,229
2023-07,반도체 장비,8486,일본,40198398,180032
2023-07,반도체 장비,8486,전체,496697241,4943632
2023-07,반도체 장비,8486,중국,219996488,2933347
2023-07,반도체 장비,8486,캐나다,93292,14
2023-07,반도체 장비,8486,태국,506924,1575
2023-07,반도체 장비,8486,튀르키예,163678,2500
2023-07,반도체 장비,8486,폴란드,0,0
2023-07,반도체 장비,8486,필리핀,906583,5553
2023-07,반도체 장비,8486,호주,11088,0
2023-07,반도체 장비,8486,홍콩,702034,6426
2023-07,변압기·전력변환기,8504,네덜란드,1769694,32310
2023-07,변압기·전력변환기,8504,대만,2424852,107813
2023-07,변압기·전력변환기,8504,독일,1135341,10027
2023-07,변압기·전력변환기,8504,러시아,193775,3219
2023-07,변압기·전력변환기,8504,말레이시아,2031970,361498
2023-07,변압기·전력변환기,8504,멕시코,1887227,46586
2023-07,변압기·전력변환기,8504,미국,113778598,6316064
2023-07,변압기·전력변환기,8504,베트남,24713466,954965
2023-07,변압기·전력변환기,8504,사우디아라비아,58505459,4381676
2023-07,변압기·전력변환기,8504,싱가포르,1341904,46710
2023-07,변압기·전력변환기,8504,아랍에미리트,5458529,482807
2023-07,변압기·전력변환기,8504,영국,3646525,249299
2023-07,변압기·전력변환기,8504,인도,14512829,1534426
2023-07,변압기·전력변환기,8504,인도네시아,6018243,371412
2023-07,변압기·전력변환기,8504,일본,5763865,417761
2023-07,변압기·전력변환기,8504,전체,309777233,17992681
2023-07,변압기·전력변환기,8504,중국,26390038,967177
2023-07,변압기·전력변환기,8504,카자흐스탄,204864,4035
2023-07,변압기·전력변환기,8504,캐나다,1151586,86581
2023-07,변압기·전력변환기,8504,태국,1771905,107304
2023-07,변압기·전력변환기,8504,튀르키예,1566569,27615
2023-07,변압기·전력변환기,8504,폴란드,2319425,51612
2023-07,변압기·전력변환기,8504,필리핀,3894674,540193
2023-07,변압기·전력변환기,8504,호주,454248,22646
2023-07,변압기·전력변환기,8504,홍콩,1813149,27911
2023-07,선박,8901,네덜란드,2323,4
2023-07,선박,8901,독일,166287221,66844000
2023-07,선박,8901,말레이시아,165000,496000
2023-07,선박,8901,미국,0,0
2023-07,선박,8901,싱가포르,280841915,345207200
2023-07,선박,8901,아랍에미리트,650000,864000
2023-07,선박,8901,인도네시아,3900000,5199000
2023-07,선박,8901,일본,7595,26
2023-07,선박,8901,전체,1391982308,788456030
2023-07,선박,8901,중국,0,0
2023-07,승용차,8703,네덜란드,59716716,3335492
2023-07,승용차,8703,대만,34308179,2473133
2023-07,승용차,8703,독일,258083369,13325275
2023-07,승용차,8703,러시아,46337941,4308812
2023-07,승용차,8703,말레이시아,544694,23820
2023-07,승용차,8703,멕시코,37800246,3079887
2023-07,승용차,8703,미국,2587146359,173863663
2023-07,승용차,8703,베트남,4538370,297522
2023-07,승용차,8703,사우디아라비아,118939732,10668079
2023-07,승용차,8703,싱가포르,3449733,233172
2023-07,승용차,8703,아랍에미리트,28158537,3623837
2023-07,승용차,8703,영국,251235818,13590680
2023-07,승용차,8703,인도,11643661,556741
2023-07,승용차,8703,인도네시아,57263760,3162568
2023-07,승용차,8703,일본,2640351,209071
2023-07,승용차,8703,전체,5678889490,434059206
2023-07,승용차,8703,중국,28326798,887162
2023-07,승용차,8703,카자흐스탄,83476580,5611334
2023-07,승용차,8703,캐나다,393323769,27774579
2023-07,승용차,8703,태국,409757,17637
2023-07,승용차,8703,튀르키예,64148786,11497728
2023-07,승용차,8703,폴란드,42601811,2905944
2023-07,승용차,8703,필리핀,18387712,1256985
2023-07,승용차,8703,호주,334954986,25605283
2023-07,승용차,8703,홍콩,7623632,478516
2023-07,시스템반도체,854231,네덜란드,8670603,6418
2023-07,시스템반도체,854231,대만,237839858,75375
2023-07,시스템반도체,854231,독일,2067079,665
2023-07,시스템반도체,854231,러시아,0,0
2023-07,시스템반도체,854231,말레이시아,94168026,46563
2023-07,시스템반도체,854231,멕시코,6237605,4276
2023-07,시스템반도체,854231,미국,39597426,16315
2023-07,시스템반도체,854231,베트남,260959217,43597
2023-07,시스템반도체,854231,싱가포르,378437344,52973
2023-07,시스템반도체,854231,아랍에미리트,1305261,608
2023-07,시스템반도체,854231,영국,60180,28
2023-07,시스템반도체,854231,인도,85700915,10934
2023-07,시스템반도체,854231,인도네시아,7562194,2759
2023-07,시스템반도체,854231,일본,151301220,20291
2023-07,시스템반도체,854231,전체,2627151666,543205
2023-07,시스템반도체,854231,중국,962356677,134490
2023-07,시스템반도체,854231,캐나다,105591,55
2023-07,시스템반도체,854231,태국,20320941,7366
2023-07,시스템반도체,854231,튀르키예,653134,61
2023-07,시스템반도체,854231,폴란드,17294169,5109
2023-07,시스템반도체,854231,필리핀,47769820,32142
2023-07,시스템반도체,854231,호주,9268,15
2023-07,시스템반도체,854231,홍콩,215332030,57786
2023-07,완제의약품,3004,네덜란드,459660,400
2023-07,완제의약품,3004,대만,1493483,32797
2023-07,완제의약품,3004,독일,770301,2801
2023-07,완제의약품,3004,러시아,236075,809
2023-07,완제의약품,3004,말레이시아,688906,13679
2023-07,완제의약품,3004,멕시코,412836,2378
2023-07,완제의약품,3004,미국,1844818,44612
2023-07,완제의약품,3004,베트남,9498379,558767
2023-07,완제의약품,3004,사우디아라비아,538856,10319
2023-07,완제의약품,3004,싱가포르,573770,14209
2023-07,완제의약품,3004,아랍에미리트,456503,8112
2023-07,완제의약품,3004,영국,696568,955
2023-07,완제의약품,3004,인도,101665,183
2023-07,완제의약품,3004,인도네시아,507717,3598
2023-07,완제의약품,3004,일본,10071937,112901
2023-07,완제의약품,3004,전체,62099129,1455618
2023-07,완제의약품,3004,중국,2958429,32668
2023-07,완제의약품,3004,카자흐스탄,152816,1406
2023-07,완제의약품,3004,캐나다,17742,144
2023-07,완제의약품,3004,태국,5058729,62491
2023-07,완제의약품,3004,튀르키예,405195,1872
2023-07,완제의약품,3004,폴란드,83644,219
2023-07,완제의약품,3004,필리핀,3880891,56659
2023-07,완제의약품,3004,호주,610407,14363
2023-07,완제의약품,3004,홍콩,804168,7650
2023-07,의료기기,9018,네덜란드,2416157,12060
2023-07,의료기기,9018,대만,2856377,46353
2023-07,의료기기,9018,독일,5504499,57904
2023-07,의료기기,9018,러시아,8086471,61318
2023-07,의료기기,9018,말레이시아,1796139,27227
2023-07,의료기기,9018,멕시코,2270616,33146
2023-07,의료기기,9018,미국,31581156,318597
2023-07,의료기기,9018,베트남,3819660,94721
2023-07,의료기기,9018,사우디아라비아,1472195,23679
2023-07,의료기기,9018,싱가포르,4824385,16313
2023-07,의료기기,9018,아랍에미리트,3088888,32665
2023-07,의료기기,9018,영국,3945523,52474
2023-07,의료기기,9018,인도,14412050,285061
2023-07,의료기기,9018,인도네시아,3914336,63137
2023-07,의료기기,9018,일본,18800723,104651
2023-07,의료기기,9018,전체,190969507,2064502
2023-07,의료기기,9018,중국,14262144,163019
2023-07,의료기기,9018,카자흐스탄,1621512,35404
2023-07,의료기기,9018,캐나다,1810566,8708
2023-07,의료기기,9018,태국,2814974,33281
2023-07,의료기기,9018,튀르키예,1163119,5293
2023-07,의료기기,9018,폴란드,2388297,11263
2023-07,의료기기,9018,필리핀,1693440,41707
2023-07,의료기기,9018,호주,3200004,19810
2023-07,의료기기,9018,홍콩,2044178,10007
2023-07,전선·케이블,8544,네덜란드,968990,52953
2023-07,전선·케이블,8544,대만,15719604,2108875
2023-07,전선·케이블,8544,독일,1744102,105319
2023-07,전선·케이블,8544,러시아,786515,26858
2023-07,전선·케이블,8544,말레이시아,3328071,230031
2023-07,전선·케이블,8544,멕시코,25162262,1331066
2023-07,전선·케이블,8544,미국,154106661,17354416
2023-07,전선·케이블,8544,베트남,34132273,2064792
2023-07,전선·케이블,8544,사우디아라비아,1298829,222319
2023-07,전선·케이블,8544,싱가포르,16897442,1567905
2023-07,전선·케이블,8544,아랍에미리트,723201,124764
2023-07,전선·케이블,8544,영국,3147087,193113
2023-07,전선·케이블,8544,인도,12389868,566978
2023-07,전선·케이블,8544,인도네시아,5069036,387054
2023-07,전선·케이블,8544,일본,10695544,1207556
2023-07,전선·케이블,8544,전체,415837818,37992675
2023-07,전선·케이블,8544,중국,54773395,3926498
2023-07,전선·케이블,8544,카자흐스탄,364423,14084
2023-07,전선·케이블,8544,캐나다,919577,72891
2023-07,전선·케이블,8544,태국,4557311,396477
2023-07,전선·케이블,8544,튀르키예,3807159,212673
2023-07,전선·케이블,8544,폴란드,4929471,423629
2023-07,전선·케이블,8544,필리핀,12329949,1061825
2023-07,전선·케이블,8544,호주,7181970,744291
2023-07,전선·케이블,8544,홍콩,2384569,429663
2023-07,태양광 모듈,854143,네덜란드,11800,9
2023-07,태양광 모듈,854143,독일,14602,2461
2023-07,태양광 모듈,854143,말레이시아,0,0
2023-07,태양광 모듈,854143,멕시코,24144,1160
2023-07,태양광 모듈,854143,미국,87513055,17920851
2023-07,태양광 모듈,854143,베트남,68680,887
2023-07,태양광 모듈,854143,싱가포르,0,0
2023-07,태양광 모듈,854143,일본,14000,2743
2023-07,태양광 모듈,854143,전체,90872573,18354895
2023-07,태양광 모듈,854143,중국,889271,29180
2023-07,태양광 모듈,854143,캐나다,19,1
2023-07,태양광 모듈,854143,필리핀,0,0
2023-07,태양광 모듈,854143,홍콩,0,0
2023-07,화장품,3304,네덜란드,5942950,154218
2023-07,화장품,3304,대만,13161000,710785
2023-07,화장품,3304,독일,3187043,70131
2023-07,화장품,3304,러시아,23080876,1007583
2023-07,화장품,3304,말레이시아,8500591,370114
2023-07,화장품,3304,멕시코,509347,10820
2023-07,화장품,3304,미국,79891162,3174899
2023-07,화장품,3304,베트남,33126905,846487
2023-07,화장품,3304,사우디아라비아,1204808,46515
2023-07,화장품,3304,싱가포르,9243229,327349
2023-07,화장품,3304,아랍에미리트,6181288,92703
2023-07,화장품,3304,영국,8343547,233035
2023-07,화장품,3304,인도,4105832,159205
2023-07,화장품,3304,인도네시아,6764508,203463
2023-07,화장품,3304,일본,47839443,1189326
2023-07,화장품,3304,전체,539739219,17734397
2023-07,화장품,3304,중국,162661925,5036313
2023-07,화장품,3304,카자흐스탄,5219134,122344
2023-07,화장품,3304,캐나다,5632317,158411
2023-07,화장품,3304,태국,13251898,402585
2023-07,화장품,3304,튀르키예,6634664,147459
2023-07,화장품,3304,폴란드,3702204,131893
2023-07,화장품,3304,필리핀,6031944,409158
2023-07,화장품,3304,호주,6818736,320446
2023-07,화장품,3304,홍콩,28218612,769733
2023-08,라면,190230,네덜란드,5795512,1405664
2023-08,라면,190230,대만,2410775,636316
2023-08,라면,190230,독일,1423622,450643
2023-08,라면,190230,러시아,1610066,352829
2023-08,라면,190230,말레이시아,3557319,835284
2023-08,라면,190230,멕시코,751861,179126
2023-08,라면,190230,미국,19541304,4345239
2023-08,라면,190230,베트남,1894361,558308
2023-08,라면,190230,사우디아라비아,1399479,293715
2023-08,라면,190230,싱가포르,965626,233671
2023-08,라면,190230,아랍에미리트,1514510,370072
2023-08,라면,190230,영국,2971724,586347
2023-08,라면,190230,인도,846896,208666
2023-08,라면,190230,인도네시아,873362,222628
2023-08,라면,190230,일본,3854386,1322066
2023-08,라면,190230,전체,94458062,24667596
2023-08,라면,190230,중국,19639295,5737583
2023-08,라면,190230,카자흐스탄,636221,135056
2023-08,라면,190230,캐나다,2804054,861821
2023-08,라면,190230,태국,3565932,911758
2023-08,라면,190230,튀르키예,0,0
2023-08,라면,190230,폴란드,171932,43551
2023-08,라면,190230,필리핀,3412955,942371
2023-08,라면,190230,호주,3946672,1129630
2023-08,라면,190230,홍콩,1667867,551276
2023-08,리튬이온 배터리,850760,네덜란드,143805,1224
2023-08,리튬이온 배터리,850760,대만,26358182,787955
2023-08,리튬이온 배터리,850760,독일,45772988,1194306
2023-08,리튬이온 배터리,850760,러시아,1210941,19171
2023-08,리튬이온 배터리,850760,말레이시아,31559,340
2023-08,리튬이온 배터리,850760,멕시코,9707273,235488
2023-08,리튬이온 배터리,850760,미국,288484068,7481590
2023-08,리튬이온 배터리,850760,베트남,16669573,177653
2023-08,리튬이온 배터리,850760,사우디아라비아,1269,10
2023-08,리튬이온 배터리,850760,싱가포르,1162918,35170
2023-08,리튬이온 배터리,850760,아랍에미리트,12382,52
2023-08,리튬이온 배터리,850760,영국,1522370,53208
2023-08,리튬이온 배터리,850760,인도,23467737,684567
2023-08,리튬이온 배터리,850760,인도네시아,34362,235
2023-08,리튬이온 배터리,850760,일본,22054108,560258
2023-08,리튬이온 배터리,850760,전체,531939822,13766825
2023-08,리튬이온 배터리,850760,중국,26686348,641048
2023-08,리튬이온 배터리,850760,카자흐스탄,976,9
2023-08,리튬이온 배터리,850760,캐나다,3949281,97099
2023-08,리튬이온 배터리,850760,태국,9148,132
2023-08,리튬이온 배터리,850760,튀르키예,560834,12098
2023-08,리튬이온 배터리,850760,폴란드,4752745,77943
2023-08,리튬이온 배터리,850760,필리핀,118459,62527
2023-08,리튬이온 배터리,850760,호주,3956832,111656
2023-08,리튬이온 배터리,850760,홍콩,707558,12546
2023-08,메모리 반도체,854232,네덜란드,4811310,344
2023-08,메모리 반도체,854232,대만,320575801,25590
2023-08,메모리 반도체,854232,독일,10404930,789
2023-08,메모리 반도체,854232,말레이시아,22068208,2532
2023-08,메모리 반도체,854232,멕시코,9004891,2224
2023-08,메모리 반도체,854232,미국,31235934,2246
2023-08,메모리 반도체,854232,베트남,366021853,39463
2023-08,메모리 반도체,854232,싱가포르,11118474,2548
2023-08,메모리 반도체,854232,아랍에미리트,0,0
2023-08,메모리 반도체,854232,영국,3268398,148
2023-08,메모리 반도체,854232,인도,56103271,4033
2023-08,메모리 반도체,854232,인도네시아,9787893,1925
2023-08,메모리 반도체,854232,일본,27781420,1696
2023-08,메모리 반도체,854232,전체,3727057608,314905
2023-08,메모리 반도체,854232,중국,1670098118,122877
2023-08,메모리 반도체,854232,캐나다,75008,3
2023-08,메모리 반도체,854232,태국,9487212,4360
2023-08,메모리 반도체,854232,튀르키예,2288795,364
2023-08,메모리 반도체,854232,폴란드,9050815,2985
2023-08,메모리 반도체,854232,필리핀,93793843,12504
2023-08,메모리 반도체,854232,호주,5,0
2023-08,메모리 반도체,854232,홍콩,1036047244,82518
2023-08,바이오의약품·톡신,3002,네덜란드,4334673,1758
2023-08,바이오의약품·톡신,3002,대만,251537,4529
2023-08,바이오의약품·톡신,3002,독일,5355307,722
2023-08,바이오의약품·톡신,3002,러시아,236114,1914
2023-08,바이오의약품·톡신,3002,말레이시아,2283542,2265
2023-08,바이오의약품·톡신,3002,멕시코,103000,52
2023-08,바이오의약품·톡신,3002,미국,77836349,16007
2023-08,바이오의약품·톡신,3002,베트남,5911621,22833
2023-08,바이오의약품·톡신,3002,사우디아라비아,3220465,1500
2023-08,바이오의약품·톡신,3002,싱가포르,127095,111
2023-08,바이오의약품·톡신,3002,아랍에미리트,201200,863
2023-08,바이오의약품·톡신,3002,영국,169686,226
2023-08,바이오의약품·톡신,3002,인도,812051,6083
2023-08,바이오의약품·톡신,3002,인도네시아,301468,969
2023-08,바이오의약품·톡신,3002,일본,6031662,7132
2023-08,바이오의약품·톡신,3002,전체,278508996,289250
2023-08,바이오의약품·톡신,3002,중국,10529817,31355
2023-08,바이오의약품·톡신,3002,카자흐스탄,30541,87
2023-08,바이오의약품·톡신,3002,캐나다,2219,2
2023-08,바이오의약품·톡신,3002,태국,4728196,11577
2023-08,바이오의약품·톡신,3002,튀르키예,24112220,4343
2023-08,바이오의약품·톡신,3002,폴란드,1354176,20220
2023-08,바이오의약품·톡신,3002,필리핀,2246085,11994
2023-08,바이오의약품·톡신,3002,호주,2605124,2224
2023-08,바이오의약품·톡신,3002,홍콩,1242265,1942
2023-08,반도체 장비,8486,네덜란드,41621129,112892
2023-08,반도체 장비,8486,대만,46090936,260648
2023-08,반도체 장비,8486,독일,4459798,35357
2023-08,반도체 장비,8486,러시아,480449,2380
2023-08,반도체 장비,8486,말레이시아,6050762,48024
2023-08,반도체 장비,8486,멕시코,3227498,34174
2023-08,반도체 장비,8486,미국,54900390,407044
2023-08,반도체 장비,8486,베트남,64337588,1508455
2023-08,반도체 장비,8486,사우디아라비아,3200,28
2023-08,반도체 장비,8486,싱가포르,71804663,588186
2023-08,반도체 장비,8486,아랍에미리트,2070,4
2023-08,반도체 장비,8486,영국,1070233,5246
2023-08,반도체 장비,8486,인도,954860,8458
2023-08,반도체 장비,8486,인도네시아,112386,136
2023-08,반도체 장비,8486,일본,53764587,240176
2023-08,반도체 장비,8486,전체,658644646,6009386
2023-08,반도체 장비,8486,중국,288056134,2687365
2023-08,반도체 장비,8486,캐나다,5200,2
2023-08,반도체 장비,8486,태국,1323381,6733
2023-08,반도체 장비,8486,튀르키예,297700,5060
2023-08,반도체 장비,8486,폴란드,50538,1222
2023-08,반도체 장비,8486,필리핀,1344523,12598
2023-08,반도체 장비,8486,호주,0,0
2023-08,반도체 장비,8486,홍콩,1223606,8735
2023-08,변압기·전력변환기,8504,네덜란드,1649571,33287
2023-08,변압기·전력변환기,8504,대만,2573576,72734
2023-08,변압기·전력변환기,8504,독일,1375313,16861
2023-08,변압기·전력변환기,8504,러시아,165323,3168
2023-08,변압기·전력변환기,8504,말레이시아,5373831,487858
2023-08,변압기·전력변환기,8504,멕시코,2170380,44724
2023-08,변압기·전력변환기,8504,미국,107685516,5583373
2023-08,변압기·전력변환기,8504,베트남,26306620,986192
2023-08,변압기·전력변환기,8504,사우디아라비아,5573875,434645
2023-08,변압기·전력변환기,8504,싱가포르,3007973,86791
2023-08,변압기·전력변환기,8504,아랍에미리트,1566396,261999
2023-08,변압기·전력변환기,8504,영국,123351,2045
2023-08,변압기·전력변환기,8504,인도,7974582,748798
2023-08,변압기·전력변환기,8504,인도네시아,2671155,150052
2023-08,변압기·전력변환기,8504,일본,7778903,603177
2023-08,변압기·전력변환기,8504,전체,270698967,13316415
2023-08,변압기·전력변환기,8504,중국,27407292,922082
2023-08,변압기·전력변환기,8504,카자흐스탄,10024,242
2023-08,변압기·전력변환기,8504,캐나다,1720626,98099
2023-08,변압기·전력변환기,8504,태국,1610928,114663
2023-08,변압기·전력변환기,8504,튀르키예,1265552,27210
2023-08,변압기·전력변환기,8504,폴란드,3694030,51556
2023-08,변압기·전력변환기,8504,필리핀,1777242,317154
2023-08,변압기·전력변환기,8504,호주,3223691,342409
2023-08,변압기·전력변환기,8504,홍콩,2265263,58702
2023-08,선박,8901,러시아,0,0
2023-08,선박,8901,말레이시아,96490000,45283000
2023-08,선박,8901,사우디아라비아,0,0
2023-08,선박,8901,싱가포르,175725000,182883400
2023-08,선박,8901,일본,1643,31
2023-08,선박,8901,전체,1451263419,877869632
2023-08,선박,8901,중국,0,0
2023-08,선박,8901,태국,8950000,1029000
2023-08,선박,8901,필리핀,670000,216000
2023-08,선박,8901,홍콩,156138371,166197000
2023-08,승용차,8703,네덜란드,51684314,2678796
2023-08,승용차,8703,대만,25305423,1829089
2023-08,승용차,8703,독일,234803690,11575597
2023-08,승용차,8703,러시아,23109780,2110998
2023-08,승용차,8703,말레이시아,287066,15248
2023-08,승용차,8703,멕시코,25029417,1894694
2023-08,승용차,8703,미국,2306556986,148107537
2023-08,승용차,8703,베트남,1593267,112638
2023-08,승용차,8703,사우디아라비아,97215223,8847472
2023-08,승용차,8703,싱가포르,794404,55299
2023-08,승용차,8703,아랍에미리트,41938761,4172955
2023-08,승용차,8703,영국,159455966,9017231
2023-08,승용차,8703,인도,7326621,271283
2023-08,승용차,8703,인도네시아,27111910,1512970
2023-08,승용차,8703,일본,2476493,201915
2023-08,승용차,8703,전체,5066248166,391551250
2023-08,승용차,8703,중국,21394931,633655
2023-08,승용차,8703,카자흐스탄,96776487,6851866
2023-08,승용차,8703,캐나다,279451593,20794069
2023-08,승용차,8703,태국,227286,18105
2023-08,승용차,8703,튀르키예,44000826,10685158
2023-08,승용차,8703,폴란드,49208075,3603164
2023-08,승용차,8703,필리핀,12222547,862118
2023-08,승용차,8703,호주,320022910,24829465
2023-08,승용차,8703,홍콩,7067085,348169
2023-08,시스템반도체,854231,네덜란드,6045166,5056
2023-08,시스템반도체,854231,대만,285742024,85769
2023-08,시스템반도체,854231,독일,1252122,421
2023-08,시스템반도체,854231,말레이시아,104426156,39016
2023-08,시스템반도체,854231,멕시코,13526600,5481
2023-08,시스템반도체,854231,미국,47382624,19200
2023-08,시스템반도체,854231,베트남,448312932,62863
2023-08,시스템반도체,854231,싱가포르,487620650,65215
2023-08,시스템반도체,854231,아랍에미리트,5541,1
2023-08,시스템반도체,854231,영국,86572,72
2023-08,시스템반도체,854231,인도,128437797,16292
2023-08,시스템반도체,854231,인도네시아,14269444,3274
2023-08,시스템반도체,854231,일본,69340026,16004
2023-08,시스템반도체,854231,전체,3089726557,603427
2023-08,시스템반도체,854231,중국,1018799629,138177
2023-08,시스템반도체,854231,캐나다,5133,7
2023-08,시스템반도체,854231,태국,15429933,6159
2023-08,시스템반도체,854231,튀르키예,2466096,403
2023-08,시스템반도체,854231,폴란드,15979798,4948
2023-08,시스템반도체,854231,필리핀,65638005,39552
2023-08,시스템반도체,854231,호주,50932,57
2023-08,시스템반도체,854231,홍콩,257268557,67866
2023-08,완제의약품,3004,네덜란드,925093,1084
2023-08,완제의약품,3004,대만,503819,6229
2023-08,완제의약품,3004,독일,921766,6141
2023-08,완제의약품,3004,러시아,133007,679
2023-08,완제의약품,3004,말레이시아,692745,15320
2023-08,완제의약품,3004,멕시코,3000091,13951
2023-08,완제의약품,3004,미국,3670006,88496
2023-08,완제의약품,3004,베트남,8411138,432272
2023-08,완제의약품,3004,사우디아라비아,156287,29774
2023-08,완제의약품,3004,싱가포르,486935,9005
2023-08,완제의약품,3004,아랍에미리트,461040,7220
2023-08,완제의약품,3004,영국,938986,1096
2023-08,완제의약품,3004,인도,1071782,457
2023-08,완제의약품,3004,인도네시아,819058,15908
2023-08,완제의약품,3004,일본,8061342,69881
2023-08,완제의약품,3004,전체,59017831,1254713
2023-08,완제의약품,3004,중국,3969217,50060
2023-08,완제의약품,3004,카자흐스탄,188410,1206
2023-08,완제의약품,3004,캐나다,764,22
2023-08,완제의약품,3004,태국,2504444,15907
2023-08,완제의약품,3004,튀르키예,277202,495
2023-08,완제의약품,3004,폴란드,141334,822
2023-08,완제의약품,3004,필리핀,2808518,74615
2023-08,완제의약품,3004,호주,187331,6160
2023-08,완제의약품,3004,홍콩,2107786,6763
2023-08,의료기기,9018,네덜란드,3640843,23168
2023-08,의료기기,9018,대만,4529804,47101
2023-08,의료기기,9018,독일,5408355,48541
2023-08,의료기기,9018,러시아,9151057,38221
2023-08,의료기기,9018,말레이시아,3495328,25203
2023-08,의료기기,9018,멕시코,2112171,24350
2023-08,의료기기,9018,미국,37342887,356927
2023-08,의료기기,9018,베트남,4322164,98592
2023-08,의료기기,9018,사우디아라비아,2150793,25979
2023-08,의료기기,9018,싱가포르,3683492,17055
2023-08,의료기기,9018,아랍에미리트,3654416,21508
2023-08,의료기기,9018,영국,2729407,50159
2023-08,의료기기,9018,인도,14603468,228681
2023-08,의료기기,9018,인도네시아,2821708,24039
2023-08,의료기기,9018,일본,13501326,78097
2023-08,의료기기,9018,전체,202915556,1916876
2023-08,의료기기,9018,중국,13644068,106323
2023-08,의료기기,9018,카자흐스탄,960944,9609
2023-08,의료기기,9018,캐나다,895528,5587
2023-08,의료기기,9018,태국,3530679,47280
2023-08,의료기기,9018,튀르키예,4895070,22759
2023-08,의료기기,9018,폴란드,2389909,10618
2023-08,의료기기,9018,필리핀,1588657,46818
2023-08,의료기기,9018,호주,2842441,21186
2023-08,의료기기,9018,홍콩,3829029,12138
2023-08,전선·케이블,8544,네덜란드,935400,14728
2023-08,전선·케이블,8544,대만,4750601,458486
2023-08,전선·케이블,8544,독일,1320879,79013
2023-08,전선·케이블,8544,러시아,569639,52980
2023-08,전선·케이블,8544,말레이시아,1578198,100163
2023-08,전선·케이블,8544,멕시코,20932939,1164973
2023-08,전선·케이블,8544,미국,58780968,6564005
2023-08,전선·케이블,8544,베트남,33138172,2072558
2023-08,전선·케이블,8544,사우디아라비아,456514,89519
2023-08,전선·케이블,8544,싱가포르,6777505,687574
2023-08,전선·케이블,8544,아랍에미리트,1054180,91697
2023-08,전선·케이블,8544,영국,9260232,869969
2023-08,전선·케이블,8544,인도,12325357,714342
2023-08,전선·케이블,8544,인도네시아,5780924,470530
2023-08,전선·케이블,8544,일본,10523455,1202128
2023-08,전선·케이블,8544,전체,280627660,23655650
2023-08,전선·케이블,8544,중국,51396632,3712359
2023-08,전선·케이블,8544,카자흐스탄,579313,24883
2023-08,전선·케이블,8544,캐나다,2024045,115157
2023-08,전선·케이블,8544,태국,3331481,302606
2023-08,전선·케이블,8544,튀르키예,3044681,190091
2023-08,전선·케이블,8544,폴란드,7361672,629525
2023-08,전선·케이블,8544,필리핀,12233007,1154150
2023-08,전선·케이블,8544,호주,4244765,471071
2023-08,전선·케이블,8544,홍콩,3208830,640842
2023-08,태양광 모듈,854143,네덜란드,47820,80
2023-08,태양광 모듈,854143,대만,0,0
2023-08,태양광 모듈,854143,독일,15911,1898
2023-08,태양광 모듈,854143,말레이시아,0,0
2023-08,태양광 모듈,854143,멕시코,24144,1160
2023-08,태양광 모듈,854143,미국,70956380,14353338
2023-08,태양광 모듈,854143,베트남,264488,9649
2023-08,태양광 모듈,854143,일본,179517,37678
2023-08,태양광 모듈,854143,전체,78324465,15629324
2023-08,태양광 모듈,854143,중국,519625,11446
2023-08,태양광 모듈,854143,태국,0,0
2023-08,태양광 모듈,854143,필리핀,0,0
2023-08,태양광 모듈,854143,호주,0,0
2023-08,태양광 모듈,854143,홍콩,6762,11
2023-08,화장품,3304,네덜란드,9887881,255041
2023-08,화장품,3304,대만,12317232,664962
2023-08,화장품,3304,독일,2856221,81532
2023-08,화장품,3304,러시아,28793728,1274732
2023-08,화장품,3304,말레이시아,7247993,295683
2023-08,화장품,3304,멕시코,485322,13301
2023-08,화장품,3304,미국,93121311,3776229
2023-08,화장품,3304,베트남,36694222,814421
2023-08,화장품,3304,사우디아라비아,1616589,68054
2023-08,화장품,3304,싱가포르,9185063,339383
2023-08,화장품,3304,아랍에미리트,5980188,108169
2023-08,화장품,3304,영국,8496715,234003
2023-08,화장품,3304,인도,3914785,161145
2023-08,화장품,3304,인도네시아,7183376,271371
2023-08,화장품,3304,일본,61384017,1422984
2023-08,화장품,3304,전체,591612769,19114012
2023-08,화장품,3304,중국,175614473,5381256
2023-08,화장품,3304,카자흐스탄,5310197,177978
2023-08,화장품,3304,캐나다,6379521,187604
2023-08,화장품,3304,태국,12218537,327014
2023-08,화장품,3304,튀르키예,3347376,74072
2023-08,화장품,3304,폴란드,3268461,76172
2023-08,화장품,3304,필리핀,5224380,264537
2023-08,화장품,3304,호주,7178818,306610
2023-08,화장품,3304,홍콩,34552248,829728
2023-09,라면,190230,네덜란드,3885067,923993
2023-09,라면,190230,대만,3555584,1043329
2023-09,라면,190230,독일,2142123,595521
2023-09,라면,190230,러시아,1206869,255665
2023-09,라면,190230,말레이시아,3962422,961201
2023-09,라면,190230,멕시코,1093360,242264
2023-09,라면,190230,미국,15711040,3352626
2023-09,라면,190230,베트남,2162823,595761
2023-09,라면,190230,사우디아라비아,1359199,255071
2023-09,라면,190230,싱가포르,850126,193295
2023-09,라면,190230,아랍에미리트,1312635,289790
2023-09,라면,190230,영국,4189334,814854
2023-09,라면,190230,인도,1592756,383774
2023-09,라면,190230,인도네시아,304334,93483
2023-09,라면,190230,일본,4602087,1635528
2023-09,라면,190230,전체,98195268,25832630
2023-09,라면,190230,중국,25326357,7396061
2023-09,라면,190230,카자흐스탄,468962,104635
2023-09,라면,190230,캐나다,2731493,849304
2023-09,라면,190230,태국,3266287,821852
2023-09,라면,190230,튀르키예,0,0
2023-09,라면,190230,폴란드,156786,45191
2023-09,라면,190230,필리핀,4046066,1114091
2023-09,라면,190230,호주,3283608,904556
2023-09,라면,190230,홍콩,1619847,499566
2023-09,리튬이온 배터리,850760,네덜란드,124497,2913
2023-09,리튬이온 배터리,850760,대만,19957651,669537
2023-09,리튬이온 배터리,850760,독일,37455115,964178
2023-09,리튬이온 배터리,850760,러시아,1586571,29210
2023-09,리튬이온 배터리,850760,말레이시아,27145,89
2023-09,리튬이온 배터리,850760,멕시코,3940018,98017
2023-09,리튬이온 배터리,850760,미국,302292567,8214441
2023-09,리튬이온 배터리,850760,베트남,18687428,226497
2023-09,리튬이온 배터리,850760,사우디아라비아,58525,198
2023-09,리튬이온 배터리,850760,싱가포르,3144609,98309
2023-09,리튬이온 배터리,850760,아랍에미리트,193980,3277
2023-09,리튬이온 배터리,850760,영국,81090,550
2023-09,리튬이온 배터리,850760,인도,21005423,628283
2023-09,리튬이온 배터리,850760,인도네시아,54218,385
2023-09,리튬이온 배터리,850760,일본,31127423,811449
2023-09,리튬이온 배터리,850760,전체,550409869,14601828
2023-09,리튬이온 배터리,850760,중국,28892286,699295
2023-09,리튬이온 배터리,850760,카자흐스탄,5,9
2023-09,리튬이온 배터리,850760,캐나다,616422,21185
2023-09,리튬이온 배터리,850760,태국,15803,230
2023-09,리튬이온 배터리,850760,튀르키예,48545,949
2023-09,리튬이온 배터리,850760,폴란드,5184034,86388
2023-09,리튬이온 배터리,850760,필리핀,52843,961
2023-09,리튬이온 배터리,850760,호주,4123486,99323
2023-09,리튬이온 배터리,850760,홍콩,82196,457
2023-09,메모리 반도체,854232,네덜란드,4588197,311
2023-09,메모리 반도체,854232,대만,384670812,38194
2023-09,메모리 반도체,854232,독일,21334739,1027
2023-09,메모리 반도체,854232,말레이시아,17209834,2305
2023-09,메모리 반도체,854232,멕시코,10171735,2567
2023-09,메모리 반도체,854232,미국,13152678,1859
2023-09,메모리 반도체,854232,베트남,366570056,33578
2023-09,메모리 반도체,854232,싱가포르,38128119,7972
2023-09,메모리 반도체,854232,영국,10306913,464
2023-09,메모리 반도체,854232,인도,64441077,2486
2023-09,메모리 반도체,854232,인도네시아,13645052,2089
2023-09,메모리 반도체,854232,일본,34188657,2543
2023-09,메모리 반도체,854232,전체,4265429548,366613
2023-09,메모리 반도체,854232,중국,1883180019,136960
2023-09,메모리 반도체,854232,캐나다,117250,7
2023-09,메모리 반도체,854232,태국,10260897,3874
2023-09,메모리 반도체,854232,튀르키예,2952559,301
2023-09,메모리 반도체,854232,폴란드,7796043,2502
2023-09,메모리 반도체,854232,필리핀,44186378,6267
2023-09,메모리 반도체,854232,호주,31,0
2023-09,메모리 반도체,854232,홍콩,1303272635,115244
2023-09,바이오의약품·톡신,3002,네덜란드,9833452,682
2023-09,바이오의약품·톡신,3002,대만,1073156,1328
2023-09,바이오의약품·톡신,3002,독일,31073839,2756
2023-09,바이오의약품·톡신,3002,러시아,196000,1383
2023-09,바이오의약품·톡신,3002,말레이시아,1533168,900
2023-09,바이오의약품·톡신,3002,멕시코,3656798,4753
2023-09,바이오의약품·톡신,3002,미국,107300909,32129
2023-09,바이오의약품·톡신,3002,베트남,4102502,24967
2023-09,바이오의약품·톡신,3002,사우디아라비아,1474377,492
2023-09,바이오의약품·톡신,3002,싱가포르,1015461,532
2023-09,바이오의약품·톡신,3002,아랍에미리트,101505,10073
2023-09,바이오의약품·톡신,3002,영국,204230,203
2023-09,바이오의약품·톡신,3002,인도,2052659,6261
2023-09,바이오의약품·톡신,3002,인도네시아,371199,1040
2023-09,바이오의약품·톡신,3002,일본,44346967,16198
2023-09,바이오의약품·톡신,3002,전체,427491420,308542
2023-09,바이오의약품·톡신,3002,중국,10914925,33011
2023-09,바이오의약품·톡신,3002,카자흐스탄,360001,668
2023-09,바이오의약품·톡신,3002,캐나다,2473714,2044
2023-09,바이오의약품·톡신,3002,태국,4707882,6279
2023-09,바이오의약품·톡신,3002,튀르키예,51133263,12401
2023-09,바이오의약품·톡신,3002,폴란드,9645936,10271
2023-09,바이오의약품·톡신,3002,필리핀,2065106,5571
2023-09,바이오의약품·톡신,3002,호주,1035262,1304
2023-09,바이오의약품·톡신,3002,홍콩,1967079,3218
2023-09,반도체 장비,8486,네덜란드,31698245,35993
2023-09,반도체 장비,8486,대만,38785133,240989
2023-09,반도체 장비,8486,독일,3344491,8917
2023-09,반도체 장비,8486,말레이시아,6277477,49509
2023-09,반도체 장비,8486,멕시코,114509,4158
2023-09,반도체 장비,8486,미국,50442721,363253
2023-09,반도체 장비,8486,베트남,34721909,796842
2023-09,반도체 장비,8486,사우디아라비아,2040,56
2023-09,반도체 장비,8486,싱가포르,66703751,380656
2023-09,반도체 장비,8486,아랍에미리트,55000,17
2023-09,반도체 장비,8486,영국,1100441,4546
2023-09,반도체 장비,8486,인도,98294,1370
2023-09,반도체 장비,8486,인도네시아,57198,140
2023-09,반도체 장비,8486,일본,72098184,347783
2023-09,반도체 장비,8486,전체,527526411,4812593
2023-09,반도체 장비,8486,중국,202583774,2511128
2023-09,반도체 장비,8486,카자흐스탄,0,0
2023-09,반도체 장비,8486,캐나다,10521,13
2023-09,반도체 장비,8486,태국,3801254,27262
2023-09,반도체 장비,8486,폴란드,397967,2930
2023-09,반도체 장비,8486,필리핀,1218070,3905
2023-09,반도체 장비,8486,호주,2605,2
2023-09,반도체 장비,8486,홍콩,1215457,3577
2023-09,변압기·전력변환기,8504,네덜란드,2063432,37843
2023-09,변압기·전력변환기,8504,대만,4959649,60393
2023-09,변압기·전력변환기,8504,독일,1282143,14648
2023-09,변압기·전력변환기,8504,러시아,174240,2975
2023-09,변압기·전력변환기,8504,말레이시아,5186551,380350
2023-09,변압기·전력변환기,8504,멕시코,1139198,59214
2023-09,변압기·전력변환기,8504,미국,149823573,9181831
2023-09,변압기·전력변환기,8504,베트남,34552936,815396
2023-09,변압기·전력변환기,8504,사우디아라비아,34781367,2994522
2023-09,변압기·전력변환기,8504,싱가포르,1195235,13407
2023-09,변압기·전력변환기,8504,아랍에미리트,802134,73805
2023-09,변압기·전력변환기,8504,영국,2192843,143007
2023-09,변압기·전력변환기,8504,인도,12528944,1436014
2023-09,변압기·전력변환기,8504,인도네시아,3512448,183514
2023-09,변압기·전력변환기,8504,일본,7393300,544071
2023-09,변압기·전력변환기,8504,전체,359487377,19977663
2023-09,변압기·전력변환기,8504,중국,23197585,845472
2023-09,변압기·전력변환기,8504,카자흐스탄,68401,981
2023-09,변압기·전력변환기,8504,캐나다,6483506,369020
2023-09,변압기·전력변환기,8504,태국,1718110,144392
2023-09,변압기·전력변환기,8504,튀르키예,1666815,42685
2023-09,변압기·전력변환기,8504,폴란드,6609499,155580
2023-09,변압기·전력변환기,8504,필리핀,2612948,376437
2023-09,변압기·전력변환기,8504,호주,2900119,281625
2023-09,변압기·전력변환기,8504,홍콩,2028331,32702
2023-09,선박,8901,독일,166307886,66844000
2023-09,선박,8901,싱가포르,113312710,36731300
2023-09,선박,8901,아랍에미리트,0,0
2023-09,선박,8901,일본,0,0
2023-09,선박,8901,전체,1037413240,327613300
2023-09,선박,8901,중국,0,0
2023-09,승용차,8703,네덜란드,55272215,2976125
2023-09,승용차,8703,대만,35706929,2377746
2023-09,승용차,8703,독일,203801656,10307285
2023-09,승용차,8703,러시아,22045747,2073004
2023-09,승용차,8703,말레이시아,2812502,130852
2023-09,승용차,8703,멕시코,31135670,2541360
2023-09,승용차,8703,미국,2492519291,158248856
2023-09,승용차,8703,베트남,4168694,310245
2023-09,승용차,8703,사우디아라비아,80569033,7361174
2023-09,승용차,8703,싱가포르,945312,59834
2023-09,승용차,8703,아랍에미리트,28317563,3530972
2023-09,승용차,8703,영국,154489592,8448941
2023-09,승용차,8703,인도,3882759,218875
2023-09,승용차,8703,인도네시아,22759973,1115254
2023-09,승용차,8703,일본,118045,13140
2023-09,승용차,8703,전체,4986770076,379477842
2023-09,승용차,8703,중국,23134783,719285
2023-09,승용차,8703,카자흐스탄,63147409,4565671
2023-09,승용차,8703,캐나다,282978076,21004825
2023-09,승용차,8703,태국,270049,9148
2023-09,승용차,8703,튀르키예,54477654,11436832
2023-09,승용차,8703,폴란드,37483842,2053114
2023-09,승용차,8703,필리핀,7287753,555374
2023-09,승용차,8703,호주,194779714,16021004
2023-09,승용차,8703,홍콩,17927304,741401
2023-09,시스템반도체,854231,네덜란드,2579201,2006
2023-09,시스템반도체,854231,대만,233182014,87170
2023-09,시스템반도체,854231,독일,2458302,664
2023-09,시스템반도체,854231,말레이시아,78661274,30101
2023-09,시스템반도체,854231,멕시코,9901316,3928
2023-09,시스템반도체,854231,미국,30929962,11887
2023-09,시스템반도체,854231,베트남,572697645,65798
2023-09,시스템반도체,854231,싱가포르,463136401,63093
2023-09,시스템반도체,854231,아랍에미리트,117630,10
2023-09,시스템반도체,854231,영국,86267,99
2023-09,시스템반도체,854231,인도,111390723,12927
2023-09,시스템반도체,854231,인도네시아,12368693,2573
2023-09,시스템반도체,854231,일본,30604079,12158
2023-09,시스템반도체,854231,전체,2927815173,567372
2023-09,시스템반도체,854231,중국,928512134,129197
2023-09,시스템반도체,854231,캐나다,46988,70
2023-09,시스템반도체,854231,태국,18350918,4959
2023-09,시스템반도체,854231,튀르키예,2070946,365
2023-09,시스템반도체,854231,폴란드,19921598,8446
2023-09,시스템반도체,854231,필리핀,59423735,33763
2023-09,시스템반도체,854231,호주,2618,6
2023-09,시스템반도체,854231,홍콩,238308519,65270
2023-09,완제의약품,3004,네덜란드,1691211,2060
2023-09,완제의약품,3004,대만,896093,33235
2023-09,완제의약품,3004,독일,507771,1617
2023-09,완제의약품,3004,러시아,261081,633
2023-09,완제의약품,3004,말레이시아,842845,12420
2023-09,완제의약품,3004,멕시코,2374010,8201
2023-09,완제의약품,3004,미국,2978957,56187
2023-09,완제의약품,3004,베트남,10267591,530802
2023-09,완제의약품,3004,사우디아라비아,254226,10109
2023-09,완제의약품,3004,싱가포르,3621337,16140
2023-09,완제의약품,3004,아랍에미리트,1935583,6898
2023-09,완제의약품,3004,영국,329118,718
2023-09,완제의약품,3004,인도,560607,757
2023-09,완제의약품,3004,인도네시아,907367,5344
2023-09,완제의약품,3004,일본,10488605,108292
2023-09,완제의약품,3004,전체,71276982,1427480
2023-09,완제의약품,3004,중국,3938178,46401
2023-09,완제의약품,3004,카자흐스탄,106077,470
2023-09,완제의약품,3004,캐나다,3018,18
2023-09,완제의약품,3004,태국,3464765,37591
2023-09,완제의약품,3004,튀르키예,512382,2975
2023-09,완제의약품,3004,폴란드,324237,1191
2023-09,완제의약품,3004,필리핀,3724883,53240
2023-09,완제의약품,3004,호주,220840,4749
2023-09,완제의약품,3004,홍콩,1142848,16195
2023-09,의료기기,9018,네덜란드,4395109,28754
2023-09,의료기기,9018,대만,4287231,49283
2023-09,의료기기,9018,독일,6053098,60425
2023-09,의료기기,9018,러시아,10572423,72694
2023-09,의료기기,9018,말레이시아,2181594,27190
2023-09,의료기기,9018,멕시코,1991495,35825
2023-09,의료기기,9018,미국,42035480,472920
2023-09,의료기기,9018,베트남,3982633,91382
2023-09,의료기기,9018,사우디아라비아,1075621,10741
2023-09,의료기기,9018,싱가포르,2936598,14867
2023-09,의료기기,9018,아랍에미리트,5348980,63656
2023-09,의료기기,9018,영국,3114994,66934
2023-09,의료기기,9018,인도,12573294,114573
2023-09,의료기기,9018,인도네시아,3806023,67226
2023-09,의료기기,9018,일본,16580804,109387
2023-09,의료기기,9018,전체,214032842,2034873
2023-09,의료기기,9018,중국,16286257,115777
2023-09,의료기기,9018,카자흐스탄,1523366,14698
2023-09,의료기기,9018,캐나다,2001997,17904
2023-09,의료기기,9018,태국,3853255,45257
2023-09,의료기기,9018,튀르키예,5437815,22608
2023-09,의료기기,9018,폴란드,3306343,15822
2023-09,의료기기,9018,필리핀,1502811,29354
2023-09,의료기기,9018,호주,2726753,25899
2023-09,의료기기,9018,홍콩,1869072,7205
2023-09,전선·케이블,8544,네덜란드,1236394,37408
2023-09,전선·케이블,8544,대만,4584025,351040
2023-09,전선·케이블,8544,독일,1231857,59211
2023-09,전선·케이블,8544,러시아,404793,30037
2023-09,전선·케이블,8544,말레이시아,2352806,137901
2023-09,전선·케이블,8544,멕시코,20809698,1092199
2023-09,전선·케이블,8544,미국,108398802,11603806
2023-09,전선·케이블,8544,베트남,35471052,2205486
2023-09,전선·케이블,8544,사우디아라비아,428365,70187
2023-09,전선·케이블,8544,싱가포르,12437330,1365436
2023-09,전선·케이블,8544,아랍에미리트,1412156,148720
2023-09,전선·케이블,8544,영국,810652,23159
2023-09,전선·케이블,8544,인도,13933231,800145
2023-09,전선·케이블,8544,인도네시아,5995275,568477
2023-09,전선·케이블,8544,일본,11569741,1218167
2023-09,전선·케이블,8544,전체,350781421,30377843
2023-09,전선·케이블,8544,중국,51882083,3861314
2023-09,전선·케이블,8544,카자흐스탄,592374,23791
2023-09,전선·케이블,8544,캐나다,2352217,138034
2023-09,전선·케이블,8544,태국,2355221,200751
2023-09,전선·케이블,8544,튀르키예,2760325,175421
2023-09,전선·케이블,8544,폴란드,7801144,719835
2023-09,전선·케이블,8544,필리핀,15037184,1317412
2023-09,전선·케이블,8544,호주,10443754,1021255
2023-09,전선·케이블,8544,홍콩,1575926,165594
2023-09,태양광 모듈,854143,네덜란드,34840,70
2023-09,태양광 모듈,854143,독일,6157,1082
2023-09,태양광 모듈,854143,말레이시아,0,0
2023-09,태양광 모듈,854143,멕시코,178214,40463
2023-09,태양광 모듈,854143,미국,46543625,12804902
2023-09,태양광 모듈,854143,베트남,69294,1362
2023-09,태양광 모듈,854143,영국,78759,50688
2023-09,태양광 모듈,854143,일본,589194,118401
2023-09,태양광 모듈,854143,전체,48430030,13143619
2023-09,태양광 모듈,854143,중국,64504,2600
2023-09,태양광 모듈,854143,태국,9,0
2023-09,태양광 모듈,854143,필리핀,0,0
2023-09,태양광 모듈,854143,호주,0,0
2023-09,태양광 모듈,854143,홍콩,15729,27
2023-09,화장품,3304,네덜란드,4505500,157015
2023-09,화장품,3304,대만,14465321,880473
2023-09,화장품,3304,독일,4554542,88351
2023-09,화장품,3304,러시아,26226972,1202834
2023-09,화장품,3304,말레이시아,8052334,446749
2023-09,화장품,3304,멕시코,2503530,28704
2023-09,화장품,3304,미국,112728316,5445366
2023-09,화장품,3304,베트남,33472676,856036
2023-09,화장품,3304,사우디아라비아,2162601,43463
2023-09,화장품,3304,싱가포르,9586661,382841
2023-09,화장품,3304,아랍에미리트,9154842,120561
2023-09,화장품,3304,영국,10365175,333120
2023-09,화장품,3304,인도,3255048,120399
2023-09,화장품,3304,인도네시아,7193766,241083
2023-09,화장품,3304,일본,59241098,1800154
2023-09,화장품,3304,전체,694878367,24233275
2023-09,화장품,3304,중국,249637349,7775551
2023-09,화장품,3304,카자흐스탄,4450259,132278
2023-09,화장품,3304,캐나다,7085979,209748
2023-09,화장품,3304,태국,12365146,398564
2023-09,화장품,3304,튀르키예,6123097,121802
2023-09,화장품,3304,폴란드,3280016,126983
2023-09,화장품,3304,필리핀,5181686,279021
2023-09,화장품,3304,호주,3786210,242599
2023-09,화장품,3304,홍콩,41281420,886470
2023-10,라면,190230,네덜란드,6168112,1430130
2023-10,라면,190230,대만,2252815,652921
2023-10,라면,190230,독일,1224416,463282
2023-10,라면,190230,러시아,1378513,316769
2023-10,라면,190230,말레이시아,3514290,761136
2023-10,라면,190230,멕시코,1169357,263921
2023-10,라면,190230,미국,13686201,2962023
2023-10,라면,190230,베트남,1331586,387086
2023-10,라면,190230,사우디아라비아,1401475,318377
2023-10,라면,190230,싱가포르,905610,228614
2023-10,라면,190230,아랍에미리트,1353933,315989
2023-10,라면,190230,영국,3400000,717995
2023-10,라면,190230,인도,1209115,299003
2023-10,라면,190230,인도네시아,339450,115290
2023-10,라면,190230,일본,6690310,2385951
2023-10,라면,190230,전체,96455092,25773353
2023-10,라면,190230,중국,23697808,6884141
2023-10,라면,190230,카자흐스탄,756100,167769
2023-10,라면,190230,캐나다,3414787,1016826
2023-10,라면,190230,태국,3936083,938310
2023-10,라면,190230,튀르키예,8119,4236
2023-10,라면,190230,폴란드,213195,69002
2023-10,라면,190230,필리핀,3386798,974773
2023-10,라면,190230,호주,2428572,651567
2023-10,라면,190230,홍콩,1910999,599608
2023-10,리튬이온 배터리,850760,네덜란드,123599,1019
2023-10,리튬이온 배터리,850760,대만,4967905,97018
2023-10,리튬이온 배터리,850760,독일,37417327,1002010
2023-10,리튬이온 배터리,850760,러시아,1465491,25942
2023-10,리튬이온 배터리,850760,말레이시아,11897,147
2023-10,리튬이온 배터리,850760,멕시코,4080558,102657
2023-10,리튬이온 배터리,850760,미국,202457253,5648047
2023-10,리튬이온 배터리,850760,베트남,19637607,278878
2023-10,리튬이온 배터리,850760,사우디아라비아,253,2
2023-10,리튬이온 배터리,850760,싱가포르,653081,17666
2023-10,리튬이온 배터리,850760,아랍에미리트,89687,3942
2023-10,리튬이온 배터리,850760,영국,347038,7360
2023-10,리튬이온 배터리,850760,인도,13256137,398303
2023-10,리튬이온 배터리,850760,인도네시아,43622,338
2023-10,리튬이온 배터리,850760,일본,58667765,1615314
2023-10,리튬이온 배터리,850760,전체,454231053,11972258
2023-10,리튬이온 배터리,850760,중국,18074261,365402
2023-10,리튬이온 배터리,850760,카자흐스탄,1501,25
2023-10,리튬이온 배터리,850760,캐나다,245305,6868
2023-10,리튬이온 배터리,850760,태국,8472,112
2023-10,리튬이온 배터리,850760,튀르키예,13299,231
2023-10,리튬이온 배터리,850760,폴란드,3740945,58817
2023-10,리튬이온 배터리,850760,필리핀,2557721,77624
2023-10,리튬이온 배터리,850760,호주,8090909,201497
2023-10,리튬이온 배터리,850760,홍콩,643097,23046
2023-10,메모리 반도체,854232,네덜란드,3075880,240
2023-10,메모리 반도체,854232,대만,308606996,30930
2023-10,메모리 반도체,854232,독일,10358265,666
2023-10,메모리 반도체,854232,말레이시아,95341846,2239
2023-10,메모리 반도체,854232,멕시코,8215157,1604
2023-10,메모리 반도체,854232,미국,7930098,1290
2023-10,메모리 반도체,854232,베트남,265379723,24478
2023-10,메모리 반도체,854232,싱가포르,19622061,4916
2023-10,메모리 반도체,854232,아랍에미리트,1873,0
2023-10,메모리 반도체,854232,영국,592393,53
2023-10,메모리 반도체,854232,인도,49140574,1821
2023-10,메모리 반도체,854232,인도네시아,9677184,1704
2023-10,메모리 반도체,854232,일본,31576028,1931
2023-10,메모리 반도체,854232,전체,3750564910,277326
2023-10,메모리 반도체,854232,중국,1639859154,108948
2023-10,메모리 반도체,854232,캐나다,58230,3
2023-10,메모리 반도체,854232,태국,13950405,4709
2023-10,메모리 반도체,854232,튀르키예,3759335,271
2023-10,메모리 반도체,854232,폴란드,6889249,2278
2023-10,메모리 반도체,854232,필리핀,51475773,5358
2023-10,메모리 반도체,854232,호주,0,0
2023-10,메모리 반도체,854232,홍콩,1189247064,80042
2023-10,바이오의약품·톡신,3002,네덜란드,912886,183
2023-10,바이오의약품·톡신,3002,대만,282592,445
2023-10,바이오의약품·톡신,3002,독일,63329149,5141
2023-10,바이오의약품·톡신,3002,러시아,400241,8958
2023-10,바이오의약품·톡신,3002,말레이시아,1604253,9359
2023-10,바이오의약품·톡신,3002,멕시코,1947194,2446
2023-10,바이오의약품·톡신,3002,미국,41255839,16441
2023-10,바이오의약품·톡신,3002,베트남,5314598,29707
2023-10,바이오의약품·톡신,3002,사우디아라비아,564652,26
2023-10,바이오의약품·톡신,3002,싱가포르,316489,209
2023-10,바이오의약품·톡신,3002,아랍에미리트,175288,10261
2023-10,바이오의약품·톡신,3002,영국,15048727,364
2023-10,바이오의약품·톡신,3002,인도,1118207,6910
2023-10,바이오의약품·톡신,3002,인도네시아,204194,1159
2023-10,바이오의약품·톡신,3002,일본,33523274,9348
2023-10,바이오의약품·톡신,3002,전체,394360243,304805
2023-10,바이오의약품·톡신,3002,중국,13270108,34759
2023-10,바이오의약품·톡신,3002,카자흐스탄,872188,2699
2023-10,바이오의약품·톡신,3002,캐나다,1957855,1534
2023-10,바이오의약품·톡신,3002,태국,2435613,9294
2023-10,바이오의약품·톡신,3002,튀르키예,45258047,8069
2023-10,바이오의약품·톡신,3002,폴란드,8041119,6406
2023-10,바이오의약품·톡신,3002,필리핀,1609756,9551
2023-10,바이오의약품·톡신,3002,호주,2182692,1826
2023-10,바이오의약품·톡신,3002,홍콩,516053,970
2023-10,반도체 장비,8486,네덜란드,25922964,21681
2023-10,반도체 장비,8486,대만,43596135,279450
2023-10,반도체 장비,8486,독일,1306996,5618
2023-10,반도체 장비,8486,러시아,742,24
2023-10,반도체 장비,8486,말레이시아,13258848,78204
2023-10,반도체 장비,8486,멕시코,636003,8818
2023-10,반도체 장비,8486,미국,80460797,784619
2023-10,반도체 장비,8486,베트남,17218095,283858
2023-10,반도체 장비,8486,싱가포르,38904949,403027
2023-10,반도체 장비,8486,아랍에미리트,254992,680
2023-10,반도체 장비,8486,영국,430732,1085
2023-10,반도체 장비,8486,인도,13435,81
2023-10,반도체 장비,8486,인도네시아,722264,8086
2023-10,반도체 장비,8486,일본,56652680,378398
2023-10,반도체 장비,8486,전체,572749636,6337841
2023-10,반도체 장비,8486,중국,271146279,3938300
2023-10,반도체 장비,8486,캐나다,7353,31
2023-10,반도체 장비,8486,태국,475716,1373
2023-10,반도체 장비,8486,튀르키예,90020,2441
2023-10,반도체 장비,8486,폴란드,235335,2734
2023-10,반도체 장비,8486,필리핀,1798195,8821
2023-10,반도체 장비,8486,호주,23166,191
2023-10,반도체 장비,8486,홍콩,432608,830
2023-10,변압기·전력변환기,8504,네덜란드,1704515,31966
2023-10,변압기·전력변환기,8504,대만,3260640,105525
2023-10,변압기·전력변환기,8504,독일,900587,7906
2023-10,변압기·전력변환기,8504,러시아,130193,6603
2023-10,변압기·전력변환기,8504,말레이시아,6061964,412153
2023-10,변압기·전력변환기,8504,멕시코,1381225,37399
2023-10,변압기·전력변환기,8504,미국,121517109,6578847
2023-10,변압기·전력변환기,8504,베트남,22062436,791649
2023-10,변압기·전력변환기,8504,사우디아라비아,16429413,1423950
2023-10,변압기·전력변환기,8504,싱가포르,1251588,57615
2023-10,변압기·전력변환기,8504,아랍에미리트,5851564,27470
2023-10,변압기·전력변환기,8504,영국,138506,3612
2023-10,변압기·전력변환기,8504,인도,10155458,865884
2023-10,변압기·전력변환기,8504,인도네시아,4677813,257447
2023-10,변압기·전력변환기,8504,일본,7238592,580226
2023-10,변압기·전력변환기,8504,전체,280615694,14541827
2023-10,변압기·전력변환기,8504,중국,23803655,876621
2023-10,변압기·전력변환기,8504,카자흐스탄,7012,113
2023-10,변압기·전력변환기,8504,캐나다,344527,8972
2023-10,변압기·전력변환기,8504,태국,1796925,129018
2023-10,변압기·전력변환기,8504,튀르키예,2117169,44358
2023-10,변압기·전력변환기,8504,폴란드,1448785,30625
2023-10,변압기·전력변환기,8504,필리핀,2393317,324422
2023-10,변압기·전력변환기,8504,호주,217423,12194
2023-10,변압기·전력변환기,8504,홍콩,2808313,103657
2023-10,선박,8901,미국,0,0
2023-10,선박,8901,베트남,0,0
2023-10,선박,8901,싱가포르,418626253,277861900
2023-10,선박,8901,일본,280000,1110000
2023-10,선박,8901,전체,1984657513,955788200
2023-10,선박,8901,중국,0,0
2023-10,선박,8901,태국,12170000,9461000
2023-10,선박,8901,필리핀,33000000,29649000
2023-10,선박,8901,홍콩,137597604,161576500
2023-10,승용차,8703,네덜란드,50650715,3073334
2023-10,승용차,8703,대만,28661330,2162695
2023-10,승용차,8703,독일,163173756,9044004
2023-10,승용차,8703,러시아,36551813,3379178
2023-10,승용차,8703,말레이시아,114156,5876
2023-10,승용차,8703,멕시코,30794649,2289522
2023-10,승용차,8703,미국,3118422361,193783644
2023-10,승용차,8703,베트남,7027364,503632
2023-10,승용차,8703,사우디아라비아,132134191,10900799
2023-10,승용차,8703,싱가포르,5687047,415120
2023-10,승용차,8703,아랍에미리트,38843169,5179581
2023-10,승용차,8703,영국,127570235,7465768
2023-10,승용차,8703,인도,193510,65899
2023-10,승용차,8703,인도네시아,9075991,498571
2023-10,승용차,8703,일본,2500307,208649
2023-10,승용차,8703,전체,5705540051,433653465
2023-10,승용차,8703,중국,35716800,1523423
2023-10,승용차,8703,카자흐스탄,77436349,5720312
2023-10,승용차,8703,캐나다,378181531,28145123
2023-10,승용차,8703,태국,3731362,204797
2023-10,승용차,8703,튀르키예,53076130,9609821
2023-10,승용차,8703,폴란드,21940946,1563353
2023-10,승용차,8703,필리핀,10182290,842763
2023-10,승용차,8703,호주,249547777,20150206
2023-10,승용차,8703,홍콩,6431294,303570
2023-10,시스템반도체,854231,네덜란드,8046239,3416
2023-10,시스템반도체,854231,대만,206250797,76180
2023-10,시스템반도체,854231,독일,1233728,739
2023-10,시스템반도체,854231,말레이시아,78519577,26407
2023-10,시스템반도체,854231,멕시코,9419547,4044
2023-10,시스템반도체,854231,미국,29062931,10030
2023-10,시스템반도체,854231,베트남,573926386,69560
2023-10,시스템반도체,854231,싱가포르,357719702,63520
2023-10,시스템반도체,854231,아랍에미리트,121019,37
2023-10,시스템반도체,854231,영국,117247,92
2023-10,시스템반도체,854231,인도,97461071,16082
2023-10,시스템반도체,854231,인도네시아,16132985,2913
2023-10,시스템반도체,854231,일본,33901870,16897
2023-10,시스템반도체,854231,전체,3069812848,592892
2023-10,시스템반도체,854231,중국,1179033643,150407
2023-10,시스템반도체,854231,캐나다,95689,33
2023-10,시스템반도체,854231,태국,23415803,9293
2023-10,시스템반도체,854231,튀르키예,1250155,179
2023-10,시스템반도체,854231,폴란드,16508465,4846
2023-10,시스템반도체,854231,필리핀,60798837,36146
2023-10,시스템반도체,854231,호주,266097,91
2023-10,시스템반도체,854231,홍콩,287219142,74882
2023-10,완제의약품,3004,네덜란드,0,0
2023-10,완제의약품,3004,대만,449383,8027
2023-10,완제의약품,3004,독일,2528034,13454
2023-10,완제의약품,3004,러시아,2061125,5993
2023-10,완제의약품,3004,말레이시아,934984,27027
2023-10,완제의약품,3004,멕시코,674441,4105
2023-10,완제의약품,3004,미국,3034274,95116
2023-10,완제의약품,3004,베트남,10883221,516307
2023-10,완제의약품,3004,사우디아라비아,458127,8460
2023-10,완제의약품,3004,싱가포르,453390,10289
2023-10,완제의약품,3004,아랍에미리트,2039592,34461
2023-10,완제의약품,3004,영국,546426,833
2023-10,완제의약품,3004,인도,1003914,2622
2023-10,완제의약품,3004,인도네시아,594076,5709
2023-10,완제의약품,3004,일본,11106654,96020
2023-10,완제의약품,3004,전체,65639136,1332811
2023-10,완제의약품,3004,중국,3033851,34770
2023-10,완제의약품,3004,카자흐스탄,245165,1107
2023-10,완제의약품,3004,캐나다,22061,2034
2023-10,완제의약품,3004,태국,4602622,58718
2023-10,완제의약품,3004,튀르키예,608636,4208
2023-10,완제의약품,3004,폴란드,288094,876
2023-10,완제의약품,3004,필리핀,4122717,46353
2023-10,완제의약품,3004,호주,86826,3863
2023-10,완제의약품,3004,홍콩,1214293,8757
2023-10,의료기기,9018,네덜란드,4640045,27009
2023-10,의료기기,9018,대만,3610722,29033
2023-10,의료기기,9018,독일,6932859,34414
2023-10,의료기기,9018,러시아,13539169,152204
2023-10,의료기기,9018,말레이시아,2569318,29816
2023-10,의료기기,9018,멕시코,2301110,24099
2023-10,의료기기,9018,미국,30892781,368485
2023-10,의료기기,9018,베트남,4602502,93888
2023-10,의료기기,9018,사우디아라비아,2249457,31333
2023-10,의료기기,9018,싱가포르,3284561,15730
2023-10,의료기기,9018,아랍에미리트,4435747,36490
2023-10,의료기기,9018,영국,2942888,39348
2023-10,의료기기,9018,인도,8997695,64391
2023-10,의료기기,9018,인도네시아,3390212,51172
2023-10,의료기기,9018,일본,12221662,78099
2023-10,의료기기,9018,전체,189500477,1895580
2023-10,의료기기,9018,중국,13390069,142805
2023-10,의료기기,9018,카자흐스탄,1861843,32850
2023-10,의료기기,9018,캐나다,1814671,8741
2023-10,의료기기,9018,태국,3944174,33868
2023-10,의료기기,9018,튀르키예,2816268,17301
2023-10,의료기기,9018,폴란드,2302722,11100
2023-10,의료기기,9018,필리핀,2287096,48880
2023-10,의료기기,9018,호주,3541645,49630
2023-10,의료기기,9018,홍콩,2989108,14308
2023-10,전선·케이블,8544,네덜란드,2539236,189761
2023-10,전선·케이블,8544,대만,3837470,407539
2023-10,전선·케이블,8544,독일,1328856,66466
2023-10,전선·케이블,8544,러시아,503231,43085
2023-10,전선·케이블,8544,말레이시아,1153196,78997
2023-10,전선·케이블,8544,멕시코,18361432,1008095
2023-10,전선·케이블,8544,미국,64967647,6304838
2023-10,전선·케이블,8544,베트남,40217480,2040033
2023-10,전선·케이블,8544,사우디아라비아,1017302,169197
2023-10,전선·케이블,8544,싱가포르,7373587,817499
2023-10,전선·케이블,8544,아랍에미리트,2786848,172407
2023-10,전선·케이블,8544,영국,14583195,1794956
2023-10,전선·케이블,8544,인도,15881014,942397
2023-10,전선·케이블,8544,인도네시아,5071177,361749
2023-10,전선·케이블,8544,일본,12368832,1422470
2023-10,전선·케이블,8544,전체,309726581,24775611
2023-10,전선·케이블,8544,중국,51648742,3559145
2023-10,전선·케이블,8544,카자흐스탄,315563,13959
2023-10,전선·케이블,8544,캐나다,298172,17692
2023-10,전선·케이블,8544,태국,2711903,251473
2023-10,전선·케이블,8544,튀르키예,3160419,182313
2023-10,전선·케이블,8544,폴란드,4450741,391858
2023-10,전선·케이블,8544,필리핀,16877202,1565376
2023-10,전선·케이블,8544,호주,8957040,978026
2023-10,전선·케이블,8544,홍콩,1127023,94755
2023-10,태양광 모듈,854143,네덜란드,207987,34438
2023-10,태양광 모듈,854143,독일,0,0
2023-10,태양광 모듈,854143,말레이시아,0,0
2023-10,태양광 모듈,854143,미국,24902143,7151573
2023-10,태양광 모듈,854143,베트남,11063,353
2023-10,태양광 모듈,854143,싱가포르,0,0
2023-10,태양광 모듈,854143,인도,0,0
2023-10,태양광 모듈,854143,일본,727089,139090
2023-10,태양광 모듈,854143,전체,27552891,7518025
2023-10,태양광 모듈,854143,중국,658928,15660
2023-10,태양광 모듈,854143,태국,292,2
2023-10,태양광 모듈,854143,필리핀,10492,452
2023-10,태양광 모듈,854143,홍콩,64,1
2023-10,화장품,3304,네덜란드,6075892,205218
2023-10,화장품,3304,대만,15042449,901991
2023-10,화장품,3304,독일,3526755,87632
2023-10,화장품,3304,러시아,27010837,1185230
2023-10,화장품,3304,말레이시아,8923960,459099
2023-10,화장품,3304,멕시코,640179,13201
2023-10,화장품,3304,미국,83558351,3395704
2023-10,화장품,3304,베트남,39895013,893933
2023-10,화장품,3304,사우디아라비아,2305711,100415
2023-10,화장품,3304,싱가포르,8969333,300735
2023-10,화장품,3304,아랍에미리트,6828553,111572
2023-10,화장품,3304,영국,8473353,182744
2023-10,화장품,3304,인도,4384064,164732
2023-10,화장품,3304,인도네시아,4929167,168372
2023-10,화장품,3304,일본,53170619,1720596
2023-10,화장품,3304,전체,632409671,21558228
2023-10,화장품,3304,중국,221969471,7473293
2023-10,화장품,3304,카자흐스탄,4996192,142388
2023-10,화장품,3304,캐나다,6061345,195758
2023-10,화장품,3304,태국,11982657,356274
2023-10,화장품,3304,튀르키예,2760326,46966
2023-10,화장품,3304,폴란드,3584350,126408
2023-10,화장품,3304,필리핀,4911170,289505
2023-10,화장품,3304,호주,5612207,246880
2023-10,화장품,3304,홍콩,39353810,985465
2023-11,라면,190230,네덜란드,5525914,1250894
2023-11,라면,190230,대만,1852787,522126
2023-11,라면,190230,독일,2731923,747018
2023-11,라면,190230,러시아,998182,234728
2023-11,라면,190230,말레이시아,3142622,774894
2023-11,라면,190230,멕시코,1392494,293100
2023-11,라면,190230,미국,13318668,2914934
2023-11,라면,190230,베트남,1726329,498174
2023-11,라면,190230,사우디아라비아,1622872,376711
2023-11,라면,190230,싱가포르,1097318,268300
2023-11,라면,190230,아랍에미리트,1861382,487106
2023-11,라면,190230,영국,3961099,825738
2023-11,라면,190230,인도,1072751,263025
2023-11,라면,190230,인도네시아,853007,239259
2023-11,라면,190230,일본,5120755,1814496
2023-11,라면,190230,전체,98836606,26351796
2023-11,라면,190230,중국,25254686,7374722
2023-11,라면,190230,카자흐스탄,720225,156775
2023-11,라면,190230,캐나다,3411362,1062677
2023-11,라면,190230,태국,4048477,982893
2023-11,라면,190230,튀르키예,23843,13663
2023-11,라면,190230,폴란드,108329,43313
2023-11,라면,190230,필리핀,2991395,811953
2023-11,라면,190230,호주,3000212,921543
2023-11,라면,190230,홍콩,1708220,571592
2023-11,리튬이온 배터리,850760,네덜란드,170873,1353
2023-11,리튬이온 배터리,850760,대만,797708,11686
2023-11,리튬이온 배터리,850760,독일,43067280,1061855
2023-11,리튬이온 배터리,850760,러시아,1295227,24386
2023-11,리튬이온 배터리,850760,말레이시아,260301,6805
2023-11,리튬이온 배터리,850760,멕시코,1442211,36066
2023-11,리튬이온 배터리,850760,미국,445420225,15180148
2023-11,리튬이온 배터리,850760,베트남,16174142,198748
2023-11,리튬이온 배터리,850760,사우디아라비아,7679,5722
2023-11,리튬이온 배터리,850760,싱가포르,2122177,62141
2023-11,리튬이온 배터리,850760,아랍에미리트,207863,2372
2023-11,리튬이온 배터리,850760,영국,236218,1232
2023-11,리튬이온 배터리,850760,인도,20274547,623568
2023-11,리튬이온 배터리,850760,인도네시아,77408,879
2023-11,리튬이온 배터리,850760,일본,26180365,669436
2023-11,리튬이온 배터리,850760,전체,668756269,20716923
2023-11,리튬이온 배터리,850760,중국,41036250,977775
2023-11,리튬이온 배터리,850760,카자흐스탄,808,12
2023-11,리튬이온 배터리,850760,캐나다,1039735,22765
2023-11,리튬이온 배터리,850760,태국,52910,499
2023-11,리튬이온 배터리,850760,튀르키예,19845,260
2023-11,리튬이온 배터리,850760,폴란드,1647365,1845
2023-11,리튬이온 배터리,850760,필리핀,269976,55131
2023-11,리튬이온 배터리,850760,호주,2344569,54665
2023-11,리튬이온 배터리,850760,홍콩,1323119,28141
2023-11,메모리 반도체,854232,네덜란드,5994699,378
2023-11,메모리 반도체,854232,대만,276539528,23491
2023-11,메모리 반도체,854232,독일,14508490,890
2023-11,메모리 반도체,854232,말레이시아,121014030,2179
2023-11,메모리 반도체,854232,멕시코,9646810,1097
2023-11,메모리 반도체,854232,미국,8299262,1112
2023-11,메모리 반도체,854232,베트남,440993466,30094
2023-11,메모리 반도체,854232,싱가포르,5294308,2320
2023-11,메모리 반도체,854232,영국,563337,42
2023-11,메모리 반도체,854232,인도,35821594,1722
2023-11,메모리 반도체,854232,인도네시아,12841453,1516
2023-11,메모리 반도체,854232,일본,26386389,1450
2023-11,메모리 반도체,854232,전체,4260883659,303476
2023-11,메모리 반도체,854232,중국,1751685287,116149
2023-11,메모리 반도체,854232,캐나다,164808,7
2023-11,메모리 반도체,854232,태국,15873662,3963
2023-11,메모리 반도체,854232,튀르키예,3359163,243
2023-11,메모리 반도체,854232,폴란드,5979533,2098
2023-11,메모리 반도체,854232,필리핀,52801322,5592
2023-11,메모리 반도체,854232,호주,0,0
2023-11,메모리 반도체,854232,홍콩,1442454586,104224
2023-11,바이오의약품·톡신,3002,네덜란드,9892587,1753
2023-11,바이오의약품·톡신,3002,대만,1926353,4586
2023-11,바이오의약품·톡신,3002,독일,84700639,5384
2023-11,바이오의약품·톡신,3002,러시아,284233,3424
2023-11,바이오의약품·톡신,3002,말레이시아,3962093,16383
2023-11,바이오의약품·톡신,3002,멕시코,445917,962
2023-11,바이오의약품·톡신,3002,미국,43122823,14415
2023-11,바이오의약품·톡신,3002,베트남,3816191,35136
2023-11,바이오의약품·톡신,3002,사우디아라비아,2202891,1323
2023-11,바이오의약품·톡신,3002,싱가포르,1778385,1275
2023-11,바이오의약품·톡신,3002,아랍에미리트,64089,2247
2023-11,바이오의약품·톡신,3002,영국,20377021,757
2023-11,바이오의약품·톡신,3002,인도,1106278,6097
2023-11,바이오의약품·톡신,3002,인도네시아,342794,1881
2023-11,바이오의약품·톡신,3002,일본,33133416,8768
2023-11,바이오의약품·톡신,3002,전체,447869542,362914
2023-11,바이오의약품·톡신,3002,중국,9078037,25621
2023-11,바이오의약품·톡신,3002,카자흐스탄,198512,435
2023-11,바이오의약품·톡신,3002,캐나다,891385,1111
2023-11,바이오의약품·톡신,3002,태국,2994718,6970
2023-11,바이오의약품·톡신,3002,튀르키예,21285435,6437
2023-11,바이오의약품·톡신,3002,폴란드,23897760,26839
2023-11,바이오의약품·톡신,3002,필리핀,2356502,10390
2023-11,바이오의약품·톡신,3002,호주,1450083,1662
2023-11,바이오의약품·톡신,3002,홍콩,2237068,3965
2023-11,반도체 장비,8486,네덜란드,37689008,36586
2023-11,반도체 장비,8486,대만,44286828,189445
2023-11,반도체 장비,8486,독일,2939044,9054
2023-11,반도체 장비,8486,러시아,44631,203
2023-11,반도체 장비,8486,말레이시아,11990448,102753
2023-11,반도체 장비,8486,멕시코,341960,5241
2023-11,반도체 장비,8486,미국,62303987,879338
2023-11,반도체 장비,8486,베트남,18131899,239013
2023-11,반도체 장비,8486,사우디아라비아,83304,1310
2023-11,반도체 장비,8486,싱가포르,62344257,377605
2023-11,반도체 장비,8486,영국,1419749,6412
2023-11,반도체 장비,8486,인도,1240552,11688
2023-11,반도체 장비,8486,인도네시아,26913,95
2023-11,반도체 장비,8486,일본,34974759,244904
2023-11,반도체 장비,8486,전체,660043265,6313617
2023-11,반도체 장비,8486,중국,363769038,4151285
2023-11,반도체 장비,8486,캐나다,0,0
2023-11,반도체 장비,8486,태국,364076,1139
2023-11,반도체 장비,8486,폴란드,325986,6162
2023-11,반도체 장비,8486,필리핀,1990827,7255
2023-11,반도체 장비,8486,호주,1000,3
2023-11,반도체 장비,8486,홍콩,445939,5313
2023-11,변압기·전력변환기,8504,네덜란드,2738585,52105
2023-11,변압기·전력변환기,8504,대만,2838942,166596
2023-11,변압기·전력변환기,8504,독일,1568212,28442
2023-11,변압기·전력변환기,8504,러시아,215427,2713
2023-11,변압기·전력변환기,8504,말레이시아,5289726,842143
2023-11,변압기·전력변환기,8504,멕시코,2586386,71680
2023-11,변압기·전력변환기,8504,미국,132602586,7631543
2023-11,변압기·전력변환기,8504,베트남,27434137,1063288
2023-11,변압기·전력변환기,8504,사우디아라비아,19074635,1100140
2023-11,변압기·전력변환기,8504,싱가포르,3523821,209342
2023-11,변압기·전력변환기,8504,아랍에미리트,790271,54488
2023-11,변압기·전력변환기,8504,영국,1875387,95863
2023-11,변압기·전력변환기,8504,인도,7780326,732214
2023-11,변압기·전력변환기,8504,인도네시아,4353215,296419
2023-11,변압기·전력변환기,8504,일본,13325763,779808
2023-11,변압기·전력변환기,8504,전체,298420144,15959583
2023-11,변압기·전력변환기,8504,중국,23404540,881991
2023-11,변압기·전력변환기,8504,카자흐스탄,22121,644
2023-11,변압기·전력변환기,8504,캐나다,136382,2833
2023-11,변압기·전력변환기,8504,태국,2017839,156090
2023-11,변압기·전력변환기,8504,튀르키예,2165490,42646
2023-11,변압기·전력변환기,8504,폴란드,4237167,55097
2023-11,변압기·전력변환기,8504,필리핀,2293799,322558
2023-11,변압기·전력변환기,8504,호주,883022,125846
2023-11,변압기·전력변환기,8504,홍콩,1813889,39935
2023-11,선박,8901,베트남,20970000,9944000
2023-11,선박,8901,싱가포르,315808079,125529909
2023-11,선박,8901,인도,12700000,19332000
2023-11,선박,8901,일본,0,0
2023-11,선박,8901,전체,1334389713,419482909
2023-11,선박,8901,중국,0,0
2023-11,선박,8901,홍콩,19200000,5219000
2023-11,승용차,8703,네덜란드,47786421,2781892
2023-11,승용차,8703,대만,53976389,3857825
2023-11,승용차,8703,독일,234058651,12891135
2023-11,승용차,8703,러시아,42793812,3863378
2023-11,승용차,8703,말레이시아,2015580,131197
2023-11,승용차,8703,멕시코,18374909,1420498
2023-11,승용차,8703,미국,3545580195,215028878
2023-11,승용차,8703,베트남,8082997,601724
2023-11,승용차,8703,사우디아라비아,114898798,9620676
2023-11,승용차,8703,싱가포르,2520088,204677
2023-11,승용차,8703,아랍에미리트,47020709,6342391
2023-11,승용차,8703,영국,125062868,6892655
2023-11,승용차,8703,인도,5197588,203460
2023-11,승용차,8703,인도네시아,35361777,1842757
2023-11,승용차,8703,일본,3344930,307786
2023-11,승용차,8703,전체,6341505828,466719064
2023-11,승용차,8703,중국,26068883,671296
2023-11,승용차,8703,카자흐스탄,92738184,7030507
2023-11,승용차,8703,캐나다,430244768,31797722
2023-11,승용차,8703,태국,204302,12645
2023-11,승용차,8703,튀르키예,47241459,7378634
2023-11,승용차,8703,폴란드,45734505,3165080
2023-11,승용차,8703,필리핀,14143871,1138393
2023-11,승용차,8703,호주,258366679,21521662
2023-11,승용차,8703,홍콩,1668911,84863
2023-11,시스템반도체,854231,네덜란드,2586468,1765
2023-11,시스템반도체,854231,대만,201863137,68524
2023-11,시스템반도체,854231,독일,1029130,525
2023-11,시스템반도체,854231,말레이시아,78841393,29230
2023-11,시스템반도체,854231,멕시코,14209701,5483
2023-11,시스템반도체,854231,미국,31407761,13344
2023-11,시스템반도체,854231,베트남,464872149,60664
2023-11,시스템반도체,854231,싱가포르,320817319,57577
2023-11,시스템반도체,854231,아랍에미리트,59551,6
2023-11,시스템반도체,854231,영국,97569,72
2023-11,시스템반도체,854231,인도,79691846,13915
2023-11,시스템반도체,854231,인도네시아,12852403,3873
2023-11,시스템반도체,854231,일본,33236754,14045
2023-11,시스템반도체,854231,전체,2881017015,565503
2023-11,시스템반도체,854231,중국,1178132747,147032
2023-11,시스템반도체,854231,캐나다,95429,96
2023-11,시스템반도체,854231,태국,20367429,6906
2023-11,시스템반도체,854231,튀르키예,1765648,165
2023-11,시스템반도체,854231,폴란드,16226165,6193
2023-11,시스템반도체,854231,필리핀,50436805,35938
2023-11,시스템반도체,854231,호주,10752,5
2023-11,시스템반도체,854231,홍콩,277185676,71391
2023-11,완제의약품,3004,네덜란드,879749,1056
2023-11,완제의약품,3004,대만,508833,4991
2023-11,완제의약품,3004,독일,1209167,3349
2023-11,완제의약품,3004,러시아,515940,3804
2023-11,완제의약품,3004,말레이시아,874441,7537
2023-11,완제의약품,3004,멕시코,3188300,20568
2023-11,완제의약품,3004,미국,4865713,108919
2023-11,완제의약품,3004,베트남,9694989,582409
2023-11,완제의약품,3004,사우디아라비아,301476,17676
2023-11,완제의약품,3004,싱가포르,839896,18974
2023-11,완제의약품,3004,아랍에미리트,1710723,25434
2023-11,완제의약품,3004,영국,649914,1658
2023-11,완제의약품,3004,인도,2580958,8030
2023-11,완제의약품,3004,인도네시아,789610,11387
2023-11,완제의약품,3004,일본,10761811,123507
2023-11,완제의약품,3004,전체,78203658,1804072
2023-11,완제의약품,3004,중국,5005452,111263
2023-11,완제의약품,3004,카자흐스탄,628010,3919
2023-11,완제의약품,3004,캐나다,5169,1019
2023-11,완제의약품,3004,태국,5721958,68339
2023-11,완제의약품,3004,튀르키예,211250,1186
2023-11,완제의약품,3004,폴란드,255885,555
2023-11,완제의약품,3004,필리핀,4076704,92445
2023-11,완제의약품,3004,호주,244617,9954
2023-11,완제의약품,3004,홍콩,2464760,9357
2023-11,의료기기,9018,네덜란드,5823040,23063
2023-11,의료기기,9018,대만,5286298,60721
2023-11,의료기기,9018,독일,6099056,47354
2023-11,의료기기,9018,러시아,12130601,110794
2023-11,의료기기,9018,말레이시아,2875900,32251
2023-11,의료기기,9018,멕시코,2569261,21772
2023-11,의료기기,9018,미국,51977257,517819
2023-11,의료기기,9018,베트남,6851253,181404
2023-11,의료기기,9018,사우디아라비아,2403944,33008
2023-11,의료기기,9018,싱가포르,3823489,19587
2023-11,의료기기,9018,아랍에미리트,3950290,27447
2023-11,의료기기,9018,영국,3067429,29071
2023-11,의료기기,9018,인도,9783738,111502
2023-11,의료기기,9018,인도네시아,5570731,71154
2023-11,의료기기,9018,일본,16217648,81435
2023-11,의료기기,9018,전체,234167897,2174445
2023-11,의료기기,9018,중국,16523803,163829
2023-11,의료기기,9018,카자흐스탄,2065452,11538
2023-11,의료기기,9018,캐나다,1859473,16192
2023-11,의료기기,9018,태국,4304618,26352
2023-11,의료기기,9018,튀르키예,3369588,13610
2023-11,의료기기,9018,폴란드,3098764,14721
2023-11,의료기기,9018,필리핀,1638810,52289
2023-11,의료기기,9018,호주,1968673,12280
2023-11,의료기기,9018,홍콩,3827318,17090
2023-11,전선·케이블,8544,네덜란드,500352,31082
2023-11,전선·케이블,8544,대만,3647724,415315
2023-11,전선·케이블,8544,독일,1007859,50233
2023-11,전선·케이블,8544,러시아,629724,56807
2023-11,전선·케이블,8544,말레이시아,914065,48287
2023-11,전선·케이블,8544,멕시코,16062935,895613
2023-11,전선·케이블,8544,미국,77654176,8764622
2023-11,전선·케이블,8544,베트남,35901962,2398705
2023-11,전선·케이블,8544,사우디아라비아,904731,99377
2023-11,전선·케이블,8544,싱가포르,9694604,931254
2023-11,전선·케이블,8544,아랍에미리트,1545238,140674
2023-11,전선·케이블,8544,영국,751808,28808
2023-11,전선·케이블,8544,인도,8394601,410272
2023-11,전선·케이블,8544,인도네시아,4159733,289634
2023-11,전선·케이블,8544,일본,12503750,1285714
2023-11,전선·케이블,8544,전체,303531957,26046121
2023-11,전선·케이블,8544,중국,56844654,4070530
2023-11,전선·케이블,8544,카자흐스탄,411080,16982
2023-11,전선·케이블,8544,캐나다,5990509,541055
2023-11,전선·케이블,8544,태국,3571864,347380
2023-11,전선·케이블,8544,튀르키예,2709607,167896
2023-11,전선·케이블,8544,폴란드,6655038,475965
2023-11,전선·케이블,8544,필리핀,16025278,1405196
2023-11,전선·케이블,8544,호주,4247150,412721
2023-11,전선·케이블,8544,홍콩,1751500,269145
2023-11,태양광 모듈,854143,네덜란드,58440,85
2023-11,태양광 모듈,854143,독일,2901,635
2023-11,태양광 모듈,854143,말레이시아,0,0
2023-11,태양광 모듈,854143,미국,31717226,9521414
2023-11,태양광 모듈,854143,베트남,131250,1744
2023-11,태양광 모듈,854143,사우디아라비아,2946,93
2023-11,태양광 모듈,854143,싱가포르,5775,31
2023-11,태양광 모듈,854143,영국,1202,2
2023-11,태양광 모듈,854143,인도,1480,50
2023-11,태양광 모듈,854143,일본,72402,15349
2023-11,태양광 모듈,854143,전체,38630659,10909676
2023-11,태양광 모듈,854143,중국,421484,191944
2023-11,태양광 모듈,854143,캐나다,163433,73822
2023-11,태양광 모듈,854143,태국,0,0
2023-11,태양광 모듈,854143,필리핀,0,0
2023-11,태양광 모듈,854143,호주,637,186
2023-11,태양광 모듈,854143,홍콩,0,0
2023-11,화장품,3304,네덜란드,4681705,162938
2023-11,화장품,3304,대만,19196583,1058227
2023-11,화장품,3304,독일,4521645,101425
2023-11,화장품,3304,러시아,21806695,971358
2023-11,화장품,3304,말레이시아,7371893,283340
2023-11,화장품,3304,멕시코,770970,10994
2023-11,화장품,3304,미국,109258788,4472786
2023-11,화장품,3304,베트남,48162735,1151264
2023-11,화장품,3304,사우디아라비아,3812226,107541
2023-11,화장품,3304,싱가포르,10663864,334105
2023-11,화장품,3304,아랍에미리트,8184288,140605
2023-11,화장품,3304,영국,10357980,250804
2023-11,화장품,3304,인도,4615009,191513
2023-11,화장품,3304,인도네시아,8622314,208404
2023-11,화장품,3304,일본,62084026,1822597
2023-11,화장품,3304,전체,643974242,21905289
2023-11,화장품,3304,중국,169492505,6105586
2023-11,화장품,3304,카자흐스탄,6750259,210951
2023-11,화장품,3304,캐나다,7030121,211380
2023-11,화장품,3304,태국,14211938,458117
2023-11,화장품,3304,튀르키예,3623180,97025
2023-11,화장품,3304,폴란드,3910329,134135
2023-11,화장품,3304,필리핀,5073682,300784
2023-11,화장품,3304,호주,7636987,364706
2023-11,화장품,3304,홍콩,45692132,895779
2023-12,라면,190230,네덜란드,6987597,1625214
2023-12,라면,190230,대만,1833218,521145
2023-12,라면,190230,독일,2108549,667019
2023-12,라면,190230,러시아,1263050,263051
2023-12,라면,190230,말레이시아,2331523,584541
2023-12,라면,190230,멕시코,719097,145624
2023-12,라면,190230,미국,12525370,2775362
2023-12,라면,190230,베트남,1436344,386397
2023-12,라면,190230,사우디아라비아,679241,141984
2023-12,라면,190230,싱가포르,981586,245957
2023-12,라면,190230,아랍에미리트,977799,212838
2023-12,라면,190230,영국,4206752,899923
2023-12,라면,190230,인도,655976,148570
2023-12,라면,190230,인도네시아,524268,153706
2023-12,라면,190230,일본,4930045,1707386
2023-12,라면,190230,전체,83047140,21947151
2023-12,라면,190230,중국,16232626,4709882
2023-12,라면,190230,카자흐스탄,798299,201510
2023-12,라면,190230,캐나다,3173303,883989
2023-12,라면,190230,태국,3844443,992074
2023-12,라면,190230,폴란드,261831,89801
2023-12,라면,190230,필리핀,3138867,897046
2023-12,라면,190230,호주,3060399,882115
2023-12,라면,190230,홍콩,1491478,447409
2023-12,리튬이온 배터리,850760,네덜란드,122049,911
2023-12,리튬이온 배터리,850760,대만,38877337,1314285
2023-12,리튬이온 배터리,850760,독일,30231236,586923
2023-12,리튬이온 배터리,850760,러시아,2437412,46613
2023-12,리튬이온 배터리,850760,말레이시아,1192719,6759
2023-12,리튬이온 배터리,850760,멕시코,31723,831
2023-12,리튬이온 배터리,850760,미국,475441204,17820542
2023-12,리튬이온 배터리,850760,베트남,18197063,272845
2023-12,리튬이온 배터리,850760,사우디아라비아,10760,34
2023-12,리튬이온 배터리,850760,싱가포르,5636800,130771
2023-12,리튬이온 배터리,850760,아랍에미리트,111622,1424
2023-12,리튬이온 배터리,850760,영국,543825,3171
2023-12,리튬이온 배터리,850760,인도,22831917,775564
2023-12,리튬이온 배터리,850760,인도네시아,262792,7731
2023-12,리튬이온 배터리,850760,일본,26501833,680851
2023-12,리튬이온 배터리,850760,전체,748437945,25119036
2023-12,리튬이온 배터리,850760,중국,50262224,1313231
2023-12,리튬이온 배터리,850760,카자흐스탄,1225,14
2023-12,리튬이온 배터리,850760,캐나다,373418,10584
2023-12,리튬이온 배터리,850760,태국,122233,1895
2023-12,리튬이온 배터리,850760,튀르키예,119325,2813
2023-12,리튬이온 배터리,850760,폴란드,4130040,66755
2023-12,리튬이온 배터리,850760,필리핀,2428587,80318
2023-12,리튬이온 배터리,850760,호주,1826771,42537
2023-12,리튬이온 배터리,850760,홍콩,539388,14863
2023-12,메모리 반도체,854232,네덜란드,1488966,91
2023-12,메모리 반도체,854232,대만,378813197,26085
2023-12,메모리 반도체,854232,독일,39267495,2061
2023-12,메모리 반도체,854232,말레이시아,85125125,1968
2023-12,메모리 반도체,854232,멕시코,6939733,1024
2023-12,메모리 반도체,854232,미국,16160709,1352
2023-12,메모리 반도체,854232,베트남,776719467,49776
2023-12,메모리 반도체,854232,사우디아라비아,1130,2
2023-12,메모리 반도체,854232,싱가포르,38879741,4882
2023-12,메모리 반도체,854232,영국,7763729,374
2023-12,메모리 반도체,854232,인도,131652134,3368
2023-12,메모리 반도체,854232,인도네시아,34225460,1270
2023-12,메모리 반도체,854232,일본,46704843,3034
2023-12,메모리 반도체,854232,전체,5314815425,370973
2023-12,메모리 반도체,854232,중국,1739498904,129790
2023-12,메모리 반도체,854232,캐나다,614644,20
2023-12,메모리 반도체,854232,태국,14368308,2071
2023-12,메모리 반도체,854232,튀르키예,3713931,237
2023-12,메모리 반도체,854232,폴란드,6187079,1928
2023-12,메모리 반도체,854232,필리핀,51468653,5756
2023-12,메모리 반도체,854232,호주,0,0
2023-12,메모리 반도체,854232,홍콩,1883110445,131216
2023-12,바이오의약품·톡신,3002,네덜란드,109014723,2568
2023-12,바이오의약품·톡신,3002,대만,588141,3033
2023-12,바이오의약품·톡신,3002,독일,22180214,5575
2023-12,바이오의약품·톡신,3002,러시아,1044256,2379
2023-12,바이오의약품·톡신,3002,말레이시아,916063,16963
2023-12,바이오의약품·톡신,3002,멕시코,989559,1260
2023-12,바이오의약품·톡신,3002,미국,101272893,36202
2023-12,바이오의약품·톡신,3002,베트남,8459592,28140
2023-12,바이오의약품·톡신,3002,사우디아라비아,3338958,7816
2023-12,바이오의약품·톡신,3002,싱가포르,4544820,11352
2023-12,바이오의약품·톡신,3002,아랍에미리트,342345,1581
2023-12,바이오의약품·톡신,3002,영국,15129330,475
2023-12,바이오의약품·톡신,3002,인도,983167,7828
2023-12,바이오의약품·톡신,3002,인도네시아,321823,650
2023-12,바이오의약품·톡신,3002,일본,42212441,12239
2023-12,바이오의약품·톡신,3002,전체,517058372,382770
2023-12,바이오의약품·톡신,3002,중국,7561716,30582
2023-12,바이오의약품·톡신,3002,카자흐스탄,308257,519
2023-12,바이오의약품·톡신,3002,캐나다,2498768,1701
2023-12,바이오의약품·톡신,3002,태국,9791918,11276
2023-12,바이오의약품·톡신,3002,튀르키예,9560189,8492
2023-12,바이오의약품·톡신,3002,폴란드,351658,334
2023-12,바이오의약품·톡신,3002,필리핀,1748798,9379
2023-12,바이오의약품·톡신,3002,호주,1552016,2173
2023-12,바이오의약품·톡신,3002,홍콩,3040950,1843
2023-12,반도체 장비,8486,네덜란드,39098231,24169
2023-12,반도체 장비,8486,대만,63979483,266376
2023-12,반도체 장비,8486,독일,2043769,8312
2023-12,반도체 장비,8486,말레이시아,13866320,88387
2023-12,반도체 장비,8486,멕시코,120642,2326
2023-12,반도체 장비,8486,미국,57155948,318311
2023-12,반도체 장비,8486,베트남,12666469,134820
2023-12,반도체 장비,8486,싱가포르,46405002,267978
2023-12,반도체 장비,8486,아랍에미리트,3500,15
2023-12,반도체 장비,8486,영국,1771380,8115
2023-12,반도체 장비,8486,인도,681584,6792
2023-12,반도체 장비,8486,인도네시아,29045,81
2023-12,반도체 장비,8486,일본,46671898,270918
2023-12,반도체 장비,8486,전체,706268733,7334398
2023-12,반도체 장비,8486,중국,403232123,5832511
2023-12,반도체 장비,8486,카자흐스탄,4560,34
2023-12,반도체 장비,8486,캐나다,35470,232
2023-12,반도체 장비,8486,태국,1063142,9011
2023-12,반도체 장비,8486,폴란드,627,11
2023-12,반도체 장비,8486,필리핀,6612457,55837
2023-12,반도체 장비,8486,홍콩,3910241,13963
2023-12,변압기·전력변환기,8504,네덜란드,2604572,50541
2023-12,변압기·전력변환기,8504,대만,3684436,253150
2023-12,변압기·전력변환기,8504,독일,7661748,314097
2023-12,변압기·전력변환기,8504,러시아,90933,1758
2023-12,변압기·전력변환기,8504,말레이시아,4118355,524685
2023-12,변압기·전력변환기,8504,멕시코,2185844,68095
2023-12,변압기·전력변환기,8504,미국,177478408,11169932
2023-12,변압기·전력변환기,8504,베트남,22408530,804975
2023-12,변압기·전력변환기,8504,사우디아라비아,19187491,1497776
2023-12,변압기·전력변환기,8504,싱가포르,1273449,38118
2023-12,변압기·전력변환기,8504,아랍에미리트,230628,25730
2023-12,변압기·전력변환기,8504,영국,11207046,775775
2023-12,변압기·전력변환기,8504,인도,4208003,315983
2023-12,변압기·전력변환기,8504,인도네시아,3265348,95431
2023-12,변압기·전력변환기,8504,일본,7948821,610403
2023-12,변압기·전력변환기,8504,전체,353586079,21169787
2023-12,변압기·전력변환기,8504,중국,27828040,1128964
2023-12,변압기·전력변환기,8504,카자흐스탄,20678,216
2023-12,변압기·전력변환기,8504,캐나다,1974255,174817
2023-12,변압기·전력변환기,8504,태국,1789964,128291
2023-12,변압기·전력변환기,8504,튀르키예,1945237,49664
2023-12,변압기·전력변환기,8504,폴란드,3718092,110106
2023-12,변압기·전력변환기,8504,필리핀,2298631,322982
2023-12,변압기·전력변환기,8504,호주,14053183,1414322
2023-12,변압기·전력변환기,8504,홍콩,1915369,64288
2023-12,선박,8901,싱가포르,10025000,11820000
2023-12,선박,8901,아랍에미리트,3700000,6004000
2023-12,선박,8901,인도네시아,0,0
2023-12,선박,8901,일본,2650000,275000
2023-12,선박,8901,전체,1538602515,787955544
2023-12,선박,8901,중국,6750000,5335000
2023-12,선박,8901,필리핀,19156542,16593000
2023-12,선박,8901,홍콩,163315971,220561000
2023-12,승용차,8703,네덜란드,78828191,4455078
2023-12,승용차,8703,대만,48597486,3590254
2023-12,승용차,8703,독일,148353898,8162184
2023-12,승용차,8703,러시아,38680552,3406090
2023-12,승용차,8703,멕시코,31903874,2384579
2023-12,승용차,8703,미국,3378062376,212365618
2023-12,승용차,8703,베트남,7523606,544346
2023-12,승용차,8703,사우디아라비아,114669136,9602060
2023-12,승용차,8703,싱가포르,4295429,304503
2023-12,승용차,8703,아랍에미리트,46231270,5842578
2023-12,승용차,8703,영국,158015803,8899619
2023-12,승용차,8703,인도,3014524,113354
2023-12,승용차,8703,인도네시아,26842207,1477026
2023-12,승용차,8703,일본,2853608,266813
2023-12,승용차,8703,전체,6196407006,458550521
2023-12,승용차,8703,중국,23166890,744327
2023-12,승용차,8703,카자흐스탄,90019290,6577957
2023-12,승용차,8703,캐나다,463635908,34281153
2023-12,승용차,8703,튀르키예,32087373,6523747
2023-12,승용차,8703,폴란드,30374530,1851715
2023-12,승용차,8703,필리핀,4240341,297006
2023-12,승용차,8703,호주,261534701,20411422
2023-12,승용차,8703,홍콩,2956360,166991
2023-12,시스템반도체,854231,네덜란드,2153643,1698
2023-12,시스템반도체,854231,대만,227534301,74502
2023-12,시스템반도체,854231,독일,2756705,734
2023-12,시스템반도체,854231,말레이시아,70763074,23077
2023-12,시스템반도체,854231,멕시코,9961068,3970
2023-12,시스템반도체,854231,미국,24425946,18423
2023-12,시스템반도체,854231,베트남,423334374,56856
2023-12,시스템반도체,854231,싱가포르,249238255,60660
2023-12,시스템반도체,854231,아랍에미리트,415759,62
2023-12,시스템반도체,854231,영국,121827,139
2023-12,시스템반도체,854231,인도,87975633,13378
2023-12,시스템반도체,854231,인도네시아,14806228,2882
2023-12,시스템반도체,854231,일본,30037430,8517
2023-12,시스템반도체,854231,전체,2483493330,518642
2023-12,시스템반도체,854231,중국,1021779578,129431
2023-12,시스템반도체,854231,캐나다,121484,61
2023-12,시스템반도체,854231,태국,19716799,6853
2023-12,시스템반도체,854231,튀르키예,2243623,212
2023-12,시스템반도체,854231,폴란드,5774612,4263
2023-12,시스템반도체,854231,필리핀,64482921,39001
2023-12,시스템반도체,854231,호주,249413,92
2023-12,시스템반도체,854231,홍콩,135665516,50700
2023-12,완제의약품,3004,네덜란드,424765,491
2023-12,완제의약품,3004,대만,1216835,42932
2023-12,완제의약품,3004,독일,386429,2789
2023-12,완제의약품,3004,러시아,271028,1803
2023-12,완제의약품,3004,말레이시아,373522,6548
2023-12,완제의약품,3004,멕시코,1610202,12818
2023-12,완제의약품,3004,미국,4625850,121225
2023-12,완제의약품,3004,베트남,14413512,712038
2023-12,완제의약품,3004,사우디아라비아,412642,26147
2023-12,완제의약품,3004,싱가포르,2017347,11522
2023-12,완제의약품,3004,아랍에미리트,3011365,38978
2023-12,완제의약품,3004,영국,895889,1013
2023-12,완제의약품,3004,인도,621432,2911
2023-12,완제의약품,3004,인도네시아,818710,10765
2023-12,완제의약품,3004,일본,12978963,122583
2023-12,완제의약품,3004,전체,76941923,1997372
2023-12,완제의약품,3004,중국,7069844,149938
2023-12,완제의약품,3004,카자흐스탄,334987,3780
2023-12,완제의약품,3004,캐나다,4886,17
2023-12,완제의약품,3004,태국,2422048,33822
2023-12,완제의약품,3004,튀르키예,447052,1661
2023-12,완제의약품,3004,폴란드,115132,697
2023-12,완제의약품,3004,필리핀,3133744,79221
2023-12,완제의약품,3004,호주,110548,5316
2023-12,완제의약품,3004,홍콩,1121895,26723
2023-12,의료기기,9018,네덜란드,5215364,28361
2023-12,의료기기,9018,대만,5847804,51876
2023-12,의료기기,9018,독일,5163132,39709
2023-12,의료기기,9018,러시아,11196340,102380
2023-12,의료기기,9018,말레이시아,2128121,28457
2023-12,의료기기,9018,멕시코,2147704,23201
2023-12,의료기기,9018,미국,42573082,439735
2023-12,의료기기,9018,베트남,8956065,143291
2023-12,의료기기,9018,사우디아라비아,1624248,29306
2023-12,의료기기,9018,싱가포르,4196726,15279
2023-12,의료기기,9018,아랍에미리트,3974454,19041
2023-12,의료기기,9018,영국,3467990,38002
2023-12,의료기기,9018,인도,12083345,143103
2023-12,의료기기,9018,인도네시아,4150403,59113
2023-12,의료기기,9018,일본,15565176,92434
2023-12,의료기기,9018,전체,210809666,2173228
2023-12,의료기기,9018,중국,17277365,169443
2023-12,의료기기,9018,카자흐스탄,1934349,39850
2023-12,의료기기,9018,캐나다,1961529,14903
2023-12,의료기기,9018,태국,2545265,33405
2023-12,의료기기,9018,튀르키예,3122702,15976
2023-12,의료기기,9018,폴란드,3722802,14224
2023-12,의료기기,9018,필리핀,2026544,78848
2023-12,의료기기,9018,호주,2232838,39849
2023-12,의료기기,9018,홍콩,1647395,8185
2023-12,전선·케이블,8544,네덜란드,539451,33351
2023-12,전선·케이블,8544,대만,3959398,343144
2023-12,전선·케이블,8544,독일,1627044,101687
2023-12,전선·케이블,8544,러시아,711029,56678
2023-12,전선·케이블,8544,말레이시아,7932673,624934
2023-12,전선·케이블,8544,멕시코,15952848,872128
2023-12,전선·케이블,8544,미국,54544524,6390318
2023-12,전선·케이블,8544,베트남,34453184,2337858
2023-12,전선·케이블,8544,사우디아라비아,1689974,148763
2023-12,전선·케이블,8544,싱가포르,19690569,1562319
2023-12,전선·케이블,8544,아랍에미리트,1875243,196769
2023-12,전선·케이블,8544,영국,1297846,62048
2023-12,전선·케이블,8544,인도,10450812,630159
2023-12,전선·케이블,8544,인도네시아,3795197,287039
2023-12,전선·케이블,8544,일본,9200488,1000739
2023-12,전선·케이블,8544,전체,302921442,25243091
2023-12,전선·케이블,8544,중국,53705756,3790495
2023-12,전선·케이블,8544,카자흐스탄,580242,23893
2023-12,전선·케이블,8544,캐나다,362212,20874
2023-12,전선·케이블,8544,태국,3096884,266844
2023-12,전선·케이블,8544,튀르키예,2968190,165247
2023-12,전선·케이블,8544,폴란드,4043207,277819
2023-12,전선·케이블,8544,필리핀,14523643,1296892
2023-12,전선·케이블,8544,호주,11459317,1080085
2023-12,전선·케이블,8544,홍콩,4320064,647098
2023-12,태양광 모듈,854143,네덜란드,34840,70
2023-12,태양광 모듈,854143,대만,0,0
2023-12,태양광 모듈,854143,독일,60958,2121
2023-12,태양광 모듈,854143,멕시코,146574,40288
2023-12,태양광 모듈,854143,미국,25995259,7574699
2023-12,태양광 모듈,854143,베트남,295227,4185
2023-12,태양광 모듈,854143,일본,14132,2603
2023-12,태양광 모듈,854143,전체,33556856,8856589
2023-12,태양광 모듈,854143,중국,389968,1320
2023-12,태양광 모듈,854143,태국,0,0
2023-12,태양광 모듈,854143,필리핀,0,0
2023-12,태양광 모듈,854143,호주,7839,16
2023-12,태양광 모듈,854143,홍콩,7140,9
2023-12,화장품,3304,네덜란드,5029194,189165
2023-12,화장품,3304,대만,19570102,1184324
2023-12,화장품,3304,독일,3214447,65473
2023-12,화장품,3304,러시아,23781494,1002197
2023-12,화장품,3304,말레이시아,8614626,375758
2023-12,화장품,3304,멕시코,2203210,20174
2023-12,화장품,3304,미국,91667460,3498829
2023-12,화장품,3304,베트남,52134512,1067747
2023-12,화장품,3304,사우디아라비아,3136634,64368
2023-12,화장품,3304,싱가포르,9472176,303787
2023-12,화장품,3304,아랍에미리트,9734540,144955
2023-12,화장품,3304,영국,7743365,182825
2023-12,화장품,3304,인도,3810381,154492
2023-12,화장품,3304,인도네시아,5655764,130994
2023-12,화장품,3304,일본,51332084,1406036
2023-12,화장품,3304,전체,587465313,18894139
2023-12,화장품,3304,중국,168087956,5301405
2023-12,화장품,3304,카자흐스탄,5329479,74699
2023-12,화장품,3304,캐나다,6348340,231428
2023-12,화장품,3304,태국,15029129,478030
2023-12,화장품,3304,튀르키예,4884297,91928
2023-12,화장품,3304,폴란드,2980717,110785
2023-12,화장품,3304,필리핀,5023677,267285
2023-12,화장품,3304,호주,5348651,247635
2023-12,화장품,3304,홍콩,26144613,670270
2024-01,라면,190230,네덜란드,9772084,2378153
2024-01,라면,190230,대만,3571550,1028093
2024-01,라면,190230,독일,2044191,607844
2024-01,라면,190230,러시아,1122430,236282
2024-01,라면,190230,말레이시아,5288523,1295499
2024-01,라면,190230,멕시코,1211847,281744
2024-01,라면,190230,미국,15819061,3599088
2024-01,라면,190230,베트남,1693579,476954
2024-01,라면,190230,사우디아라비아,2065029,463735
2024-01,라면,190230,싱가포르,748275,194408
2024-01,라면,190230,아랍에미리트,2191579,505206
2024-01,라면,190230,영국,3699521,752168
2024-01,라면,190230,인도,1650510,407970
2024-01,라면,190230,인도네시아,931046,246431
2024-01,라면,190230,일본,6633815,2270746
2024-01,라면,190230,전체,94891016,24635325
2024-01,라면,190230,중국,8428098,2384394
2024-01,라면,190230,카자흐스탄,845722,188741
2024-01,라면,190230,캐나다,3094479,899811
2024-01,라면,190230,태국,4302348,1084833
2024-01,라면,190230,튀르키예,9821,5124
2024-01,라면,190230,폴란드,172716,59010
2024-01,라면,190230,필리핀,3661986,1002532
2024-01,라면,190230,호주,3754237,1026725
2024-01,라면,190230,홍콩,1360265,459522
2024-01,리튬이온 배터리,850760,네덜란드,295261,8693
2024-01,리튬이온 배터리,850760,대만,10028344,332559
2024-01,리튬이온 배터리,850760,독일,20288856,525745
2024-01,리튬이온 배터리,850760,러시아,23234366,456505
2024-01,리튬이온 배터리,850760,말레이시아,1083141,37592
2024-01,리튬이온 배터리,850760,멕시코,717783,18169
2024-01,리튬이온 배터리,850760,미국,185449122,6070592
2024-01,리튬이온 배터리,850760,베트남,18646653,280005
2024-01,리튬이온 배터리,850760,사우디아라비아,3730,18
2024-01,리튬이온 배터리,850760,싱가포르,3512930,123702
2024-01,리튬이온 배터리,850760,아랍에미리트,2514853,64647
2024-01,리튬이온 배터리,850760,영국,73479,913
2024-01,리튬이온 배터리,850760,인도,6192352,177079
2024-01,리튬이온 배터리,850760,인도네시아,100963,1705
2024-01,리튬이온 배터리,850760,일본,26753582,684542
2024-01,리튬이온 배터리,850760,전체,375555113,10941206
2024-01,리튬이온 배터리,850760,중국,21084993,593939
2024-01,리튬이온 배터리,850760,카자흐스탄,164,3
2024-01,리튬이온 배터리,850760,캐나다,302215,5168
2024-01,리튬이온 배터리,850760,태국,27466,245
2024-01,리튬이온 배터리,850760,튀르키예,31624,732
2024-01,리튬이온 배터리,850760,폴란드,2495276,53421
2024-01,리튬이온 배터리,850760,필리핀,1816,8
2024-01,리튬이온 배터리,850760,호주,1203719,44573
2024-01,리튬이온 배터리,850760,홍콩,1450997,29927
2024-01,메모리 반도체,854232,네덜란드,925328,56
2024-01,메모리 반도체,854232,대만,357725673,21591
2024-01,메모리 반도체,854232,독일,6127293,535
2024-01,메모리 반도체,854232,말레이시아,9336652,1548
2024-01,메모리 반도체,854232,멕시코,3544534,849
2024-01,메모리 반도체,854232,미국,20713481,1517
2024-01,메모리 반도체,854232,베트남,472346141,43896
2024-01,메모리 반도체,854232,싱가포르,9107362,2499
2024-01,메모리 반도체,854232,영국,628450,69
2024-01,메모리 반도체,854232,인도,57459352,2605
2024-01,메모리 반도체,854232,인도네시아,6617659,1196
2024-01,메모리 반도체,854232,일본,26034621,1919
2024-01,메모리 반도체,854232,전체,4537021212,276428
2024-01,메모리 반도체,854232,중국,1911468861,107557
2024-01,메모리 반도체,854232,캐나다,309525,16
2024-01,메모리 반도체,854232,태국,7307398,2530
2024-01,메모리 반도체,854232,튀르키예,6550103,352
2024-01,메모리 반도체,854232,폴란드,4897424,1027
2024-01,메모리 반도체,854232,필리핀,73869455,7343
2024-01,메모리 반도체,854232,호주,0,0
2024-01,메모리 반도체,854232,홍콩,1502537868,73332
2024-01,바이오의약품·톡신,3002,네덜란드,8841841,449
2024-01,바이오의약품·톡신,3002,대만,327822,395
2024-01,바이오의약품·톡신,3002,독일,39767287,4058
2024-01,바이오의약품·톡신,3002,러시아,170853,2223
2024-01,바이오의약품·톡신,3002,말레이시아,1505509,10209
2024-01,바이오의약품·톡신,3002,멕시코,1599994,2904
2024-01,바이오의약품·톡신,3002,미국,99449509,20801
2024-01,바이오의약품·톡신,3002,베트남,3097328,14041
2024-01,바이오의약품·톡신,3002,사우디아라비아,4216348,4471
2024-01,바이오의약품·톡신,3002,싱가포르,755773,356
2024-01,바이오의약품·톡신,3002,아랍에미리트,186039,20169
2024-01,바이오의약품·톡신,3002,영국,15281807,488
2024-01,바이오의약품·톡신,3002,인도,700494,4108
2024-01,바이오의약품·톡신,3002,인도네시아,406667,3729
2024-01,바이오의약품·톡신,3002,일본,19890124,6962
2024-01,바이오의약품·톡신,3002,전체,457546924,287580
2024-01,바이오의약품·톡신,3002,중국,4756019,17511
2024-01,바이오의약품·톡신,3002,카자흐스탄,833964,2995
2024-01,바이오의약품·톡신,3002,캐나다,2208221,2068
2024-01,바이오의약품·톡신,3002,태국,1217954,13152
2024-01,바이오의약품·톡신,3002,튀르키예,38737592,5310
2024-01,바이오의약품·톡신,3002,폴란드,17988340,16606
2024-01,바이오의약품·톡신,3002,필리핀,3131621,6686
2024-01,바이오의약품·톡신,3002,호주,2868826,2491
2024-01,바이오의약품·톡신,3002,홍콩,2595602,2703
2024-01,반도체 장비,8486,네덜란드,27336166,22559
2024-01,반도체 장비,8486,대만,50384754,204919
2024-01,반도체 장비,8486,독일,2856614,19809
2024-01,반도체 장비,8486,말레이시아,6318648,45229
2024-01,반도체 장비,8486,멕시코,142841,2292
2024-01,반도체 장비,8486,미국,52980407,245535
2024-01,반도체 장비,8486,베트남,17472272,178307
2024-01,반도체 장비,8486,사우디아라비아,1950,27
2024-01,반도체 장비,8486,싱가포르,41694873,251617
2024-01,반도체 장비,8486,아랍에미리트,5700,4
2024-01,반도체 장비,8486,영국,1783440,9275
2024-01,반도체 장비,8486,인도,612232,4431
2024-01,반도체 장비,8486,인도네시아,212460,1456
2024-01,반도체 장비,8486,일본,50363350,282021
2024-01,반도체 장비,8486,전체,513368164,3898244
2024-01,반도체 장비,8486,중국,244453862,2578004
2024-01,반도체 장비,8486,캐나다,2950,0
2024-01,반도체 장비,8486,태국,270265,1392
2024-01,반도체 장비,8486,튀르키예,0,0
2024-01,반도체 장비,8486,폴란드,63450,1238
2024-01,반도체 장비,8486,필리핀,2059104,9964
2024-01,반도체 장비,8486,호주,20,10
2024-01,반도체 장비,8486,홍콩,2823436,22871
2024-01,변압기·전력변환기,8504,네덜란드,2429765,44825
2024-01,변압기·전력변환기,8504,대만,3323135,123127
2024-01,변압기·전력변환기,8504,독일,1895825,19723
2024-01,변압기·전력변환기,8504,러시아,78760,1562
2024-01,변압기·전력변환기,8504,말레이시아,3194465,188186
2024-01,변압기·전력변환기,8504,멕시코,2215188,76476
2024-01,변압기·전력변환기,8504,미국,140858845,8958540
2024-01,변압기·전력변환기,8504,베트남,22922162,579461
2024-01,변압기·전력변환기,8504,사우디아라비아,35001723,2518651
2024-01,변압기·전력변환기,8504,싱가포르,1489936,15811
2024-01,변압기·전력변환기,8504,아랍에미리트,1022517,21315
2024-01,변압기·전력변환기,8504,영국,136790,2199
2024-01,변압기·전력변환기,8504,인도,7129627,257436
2024-01,변압기·전력변환기,8504,인도네시아,2443385,137313
2024-01,변압기·전력변환기,8504,일본,4132148,248629
2024-01,변압기·전력변환기,8504,전체,316007236,16656784
2024-01,변압기·전력변환기,8504,중국,29169410,1003641
2024-01,변압기·전력변환기,8504,카자흐스탄,60715,1530
2024-01,변압기·전력변환기,8504,캐나다,2980117,199896
2024-01,변압기·전력변환기,8504,태국,2136026,147003
2024-01,변압기·전력변환기,8504,튀르키예,2172014,101574
2024-01,변압기·전력변환기,8504,폴란드,2046594,33147
2024-01,변압기·전력변환기,8504,필리핀,4299364,329888
2024-01,변압기·전력변환기,8504,호주,7527774,793940
2024-01,변압기·전력변환기,8504,홍콩,2177220,83724
2024-01,선박,8901,네덜란드,70318750,25334000
2024-01,선박,8901,독일,0,0
2024-01,선박,8901,싱가포르,417721721,255497600
2024-01,선박,8901,아랍에미리트,2273107,6433000
2024-01,선박,8901,일본,0,0
2024-01,선박,8901,전체,2090451000,1059814200
2024-01,선박,8901,중국,166219921,312451000
2024-01,승용차,8703,네덜란드,82135262,5015761
2024-01,승용차,8703,대만,46616573,3125443
2024-01,승용차,8703,독일,173905999,9464875
2024-01,승용차,8703,러시아,46169085,3969310
2024-01,승용차,8703,말레이시아,2199182,141584
2024-01,승용차,8703,멕시코,48888185,3880339
2024-01,승용차,8703,미국,3219856212,206855520
2024-01,승용차,8703,베트남,19269141,1468301
2024-01,승용차,8703,사우디아라비아,90838004,8566077
2024-01,승용차,8703,싱가포르,4909275,349111
2024-01,승용차,8703,아랍에미리트,37216654,5455376
2024-01,승용차,8703,영국,248516376,13296429
2024-01,승용차,8703,인도,88931,6851
2024-01,승용차,8703,인도네시아,30306869,1568952
2024-01,승용차,8703,일본,2890499,235472
2024-01,승용차,8703,전체,5985821031,438764016
2024-01,승용차,8703,중국,15083965,463830
2024-01,승용차,8703,카자흐스탄,104957987,7404621
2024-01,승용차,8703,캐나다,445174630,32407841
2024-01,승용차,8703,튀르키예,54468343,5915638
2024-01,승용차,8703,폴란드,35376338,2241167
2024-01,승용차,8703,필리핀,12145267,871663
2024-01,승용차,8703,호주,256669006,19902880
2024-01,승용차,8703,홍콩,9781310,532866
2024-01,시스템반도체,854231,네덜란드,4639164,2483
2024-01,시스템반도체,854231,대만,266561385,76704
2024-01,시스템반도체,854231,독일,2644218,888
2024-01,시스템반도체,854231,말레이시아,59670790,20156
2024-01,시스템반도체,854231,멕시코,13931368,4910
2024-01,시스템반도체,854231,미국,35539249,10285
2024-01,시스템반도체,854231,베트남,412589570,56830
2024-01,시스템반도체,854231,싱가포르,252252690,58833
2024-01,시스템반도체,854231,아랍에미리트,134720,6
2024-01,시스템반도체,854231,영국,109000,77
2024-01,시스템반도체,854231,인도,107620900,18209
2024-01,시스템반도체,854231,인도네시아,17580031,3775
2024-01,시스템반도체,854231,일본,39017074,15080
2024-01,시스템반도체,854231,전체,2712657419,535637
2024-01,시스템반도체,854231,중국,1145537188,124515
2024-01,시스템반도체,854231,캐나다,128927,38
2024-01,시스템반도체,854231,태국,30458158,9509
2024-01,시스템반도체,854231,튀르키예,2155987,331
2024-01,시스템반도체,854231,폴란드,17895224,4034
2024-01,시스템반도체,854231,필리핀,44693238,29592
2024-01,시스템반도체,854231,호주,3422,10
2024-01,시스템반도체,854231,홍콩,141282915,70144
2024-01,완제의약품,3004,네덜란드,1213425,3108
2024-01,완제의약품,3004,대만,1149747,22340
2024-01,완제의약품,3004,독일,1345897,9783
2024-01,완제의약품,3004,러시아,1763312,624
2024-01,완제의약품,3004,말레이시아,1149194,12117
2024-01,완제의약품,3004,멕시코,855354,5722
2024-01,완제의약품,3004,미국,3066036,76205
2024-01,완제의약품,3004,베트남,7442357,382452
2024-01,완제의약품,3004,사우디아라비아,609948,54148
2024-01,완제의약품,3004,싱가포르,789316,10426
2024-01,완제의약품,3004,아랍에미리트,2305888,29636
2024-01,완제의약품,3004,영국,425325,1070
2024-01,완제의약품,3004,인도,163480,103
2024-01,완제의약품,3004,인도네시아,1064508,10002
2024-01,완제의약품,3004,일본,9934533,97025
2024-01,완제의약품,3004,전체,63231805,1219816
2024-01,완제의약품,3004,중국,3817896,74517
2024-01,완제의약품,3004,카자흐스탄,332235,4931
2024-01,완제의약품,3004,캐나다,7055,1640
2024-01,완제의약품,3004,태국,4938652,44165
2024-01,완제의약품,3004,튀르키예,259325,6493
2024-01,완제의약품,3004,폴란드,242171,608
2024-01,완제의약품,3004,필리핀,3201803,44615
2024-01,완제의약품,3004,호주,92470,2723
2024-01,완제의약품,3004,홍콩,1217211,9750
2024-01,의료기기,9018,네덜란드,4298152,22660
2024-01,의료기기,9018,대만,4274387,27624
2024-01,의료기기,9018,독일,5639123,36953
2024-01,의료기기,9018,러시아,7499915,85699
2024-01,의료기기,9018,말레이시아,2107427,30432
2024-01,의료기기,9018,멕시코,2158394,32601
2024-01,의료기기,9018,미국,37060016,454311
2024-01,의료기기,9018,베트남,22234233,57534
2024-01,의료기기,9018,사우디아라비아,1816010,25731
2024-01,의료기기,9018,싱가포르,3366121,16036
2024-01,의료기기,9018,아랍에미리트,3092815,36392
2024-01,의료기기,9018,영국,2819213,17707
2024-01,의료기기,9018,인도,11092579,186926
2024-01,의료기기,9018,인도네시아,3027225,32856
2024-01,의료기기,9018,일본,19075683,96579
2024-01,의료기기,9018,전체,218305611,1936263
2024-01,의료기기,9018,중국,11710261,115311
2024-01,의료기기,9018,카자흐스탄,1212278,10944
2024-01,의료기기,9018,캐나다,2440608,19324
2024-01,의료기기,9018,태국,4816223,35111
2024-01,의료기기,9018,튀르키예,3066770,15691
2024-01,의료기기,9018,폴란드,3239858,14753
2024-01,의료기기,9018,필리핀,1585998,39831
2024-01,의료기기,9018,호주,1975264,17920
2024-01,의료기기,9018,홍콩,2401523,16598
2024-01,전선·케이블,8544,네덜란드,524072,20170
2024-01,전선·케이블,8544,대만,4680505,484824
2024-01,전선·케이블,8544,독일,1553189,89779
2024-01,전선·케이블,8544,러시아,1127923,81640
2024-01,전선·케이블,8544,말레이시아,1457353,101806
2024-01,전선·케이블,8544,멕시코,16608387,959181
2024-01,전선·케이블,8544,미국,67872522,8471925
2024-01,전선·케이블,8544,베트남,37377357,2555522
2024-01,전선·케이블,8544,사우디아라비아,431620,35354
2024-01,전선·케이블,8544,싱가포르,8150682,891043
2024-01,전선·케이블,8544,아랍에미리트,1263281,82998
2024-01,전선·케이블,8544,영국,18718821,2040791
2024-01,전선·케이블,8544,인도,16390774,985239
2024-01,전선·케이블,8544,인도네시아,5090394,457953
2024-01,전선·케이블,8544,일본,16209017,1837425
2024-01,전선·케이블,8544,전체,323041357,28934757
2024-01,전선·케이블,8544,중국,54642912,3810790
2024-01,전선·케이블,8544,카자흐스탄,634382,28506
2024-01,전선·케이블,8544,캐나다,1492385,82126
2024-01,전선·케이블,8544,태국,3167476,297927
2024-01,전선·케이블,8544,튀르키예,3919549,245888
2024-01,전선·케이블,8544,폴란드,5160399,447190
2024-01,전선·케이블,8544,필리핀,14585735,1329801
2024-01,전선·케이블,8544,호주,4274977,487234
2024-01,전선·케이블,8544,홍콩,1842487,339957
2024-01,태양광 모듈,854143,네덜란드,34840,60
2024-01,태양광 모듈,854143,독일,2815,1342
2024-01,태양광 모듈,854143,말레이시아,0,0
2024-01,태양광 모듈,854143,멕시코,0,0
2024-01,태양광 모듈,854143,미국,23503925,5783476
2024-01,태양광 모듈,854143,베트남,277057,3388
2024-01,태양광 모듈,854143,인도네시아,1809,480
2024-01,태양광 모듈,854143,일본,58808,11295
2024-01,태양광 모듈,854143,전체,31834304,7363194
2024-01,태양광 모듈,854143,중국,302711,133870
2024-01,태양광 모듈,854143,태국,7485,50
2024-01,태양광 모듈,854143,필리핀,0,0
2024-01,화장품,3304,네덜란드,5912654,195541
2024-01,화장품,3304,대만,17662610,977458
2024-01,화장품,3304,독일,4168259,81825
2024-01,화장품,3304,러시아,22364903,996306
2024-01,화장품,3304,말레이시아,8422667,290963
2024-01,화장품,3304,멕시코,634012,15714
2024-01,화장품,3304,미국,103253479,3729199
2024-01,화장품,3304,베트남,46846222,1027520
2024-01,화장품,3304,사우디아라비아,3182577,72555
2024-01,화장품,3304,싱가포르,10765961,321840
2024-01,화장품,3304,아랍에미리트,8171135,147281
2024-01,화장품,3304,영국,9146674,273870
2024-01,화장품,3304,인도,4314828,166600
2024-01,화장품,3304,인도네시아,14788948,452609
2024-01,화장품,3304,일본,60309333,1465841
2024-01,화장품,3304,전체,690760201,21166256
2024-01,화장품,3304,중국,222111761,6639852
2024-01,화장품,3304,카자흐스탄,6678069,145827
2024-01,화장품,3304,캐나다,6515987,228901
2024-01,화장품,3304,태국,14911485,410724
2024-01,화장품,3304,튀르키예,5087975,115772
2024-01,화장품,3304,폴란드,5923512,242732
2024-01,화장품,3304,필리핀,6009614,292013
2024-01,화장품,3304,호주,6550750,311597
2024-01,화장품,3304,홍콩,35296794,819516
2024-02,라면,190230,네덜란드,6197054,1472120
2024-02,라면,190230,대만,3397177,1014487
2024-02,라면,190230,독일,2889113,698978
2024-02,라면,190230,러시아,1136880,259104
2024-02,라면,190230,말레이시아,5035264,1163744
2024-02,라면,190230,멕시코,1418008,346813
2024-02,라면,190230,미국,24060753,4951292
2024-02,라면,190230,베트남,1828026,529405
2024-02,라면,190230,사우디아라비아,590635,132111
2024-02,라면,190230,싱가포르,804638,182975
2024-02,라면,190230,아랍에미리트,1886410,438111
2024-02,라면,190230,영국,3025218,640666
2024-02,라면,190230,인도,1368089,344639
2024-02,라면,190230,인도네시아,747603,214284
2024-02,라면,190230,일본,5898109,2030722
2024-02,라면,190230,전체,101607479,26020866
2024-02,라면,190230,중국,15304837,4639035
2024-02,라면,190230,카자흐스탄,840538,206836
2024-02,라면,190230,캐나다,2611620,845621
2024-02,라면,190230,태국,4059768,991104
2024-02,라면,190230,튀르키예,0,0
2024-02,라면,190230,폴란드,167486,48987
2024-02,라면,190230,필리핀,4420841,1112648
2024-02,라면,190230,호주,2930195,843891
2024-02,라면,190230,홍콩,1146318,453546
2024-02,리튬이온 배터리,850760,네덜란드,405558,11636
2024-02,리튬이온 배터리,850760,대만,669821,14161
2024-02,리튬이온 배터리,850760,독일,15268341,328062
2024-02,리튬이온 배터리,850760,러시아,429964,3998
2024-02,리튬이온 배터리,850760,말레이시아,11659,689
2024-02,리튬이온 배터리,850760,멕시코,1912621,49810
2024-02,리튬이온 배터리,850760,미국,240760729,7825716
2024-02,리튬이온 배터리,850760,베트남,21019032,292336
2024-02,리튬이온 배터리,850760,사우디아라비아,12492,34
2024-02,리튬이온 배터리,850760,싱가포르,2442440,84150
2024-02,리튬이온 배터리,850760,아랍에미리트,199400,10862
2024-02,리튬이온 배터리,850760,영국,879345,23479
2024-02,리튬이온 배터리,850760,인도,8951918,321988
2024-02,리튬이온 배터리,850760,인도네시아,96340,514
2024-02,리튬이온 배터리,850760,일본,32252482,755037
2024-02,리튬이온 배터리,850760,전체,439544366,12792473
2024-02,리튬이온 배터리,850760,중국,50365365,1426414
2024-02,리튬이온 배터리,850760,카자흐스탄,1975,20
2024-02,리튬이온 배터리,850760,캐나다,794563,22650
2024-02,리튬이온 배터리,850760,태국,67863,696
2024-02,리튬이온 배터리,850760,튀르키예,77420,1566
2024-02,리튬이온 배터리,850760,폴란드,628434,12843
2024-02,리튬이온 배터리,850760,필리핀,2785,44
2024-02,리튬이온 배터리,850760,호주,3094538,90908
2024-02,리튬이온 배터리,850760,홍콩,1410101,57886
2024-02,메모리 반도체,854232,네덜란드,2590443,195
2024-02,메모리 반도체,854232,대만,267940210,19773
2024-02,메모리 반도체,854232,독일,7760279,501
2024-02,메모리 반도체,854232,말레이시아,132477074,1174
2024-02,메모리 반도체,854232,멕시코,6795355,646
2024-02,메모리 반도체,854232,미국,19498808,1688
2024-02,메모리 반도체,854232,베트남,499987440,32729
2024-02,메모리 반도체,854232,싱가포르,15789891,3648
2024-02,메모리 반도체,854232,영국,120713,15
2024-02,메모리 반도체,854232,인도,119503513,3033
2024-02,메모리 반도체,854232,인도네시아,16809896,1821
2024-02,메모리 반도체,854232,일본,29854582,2231
2024-02,메모리 반도체,854232,전체,5176639915,270423
2024-02,메모리 반도체,854232,중국,2190679147,102844
2024-02,메모리 반도체,854232,캐나다,206138,7
2024-02,메모리 반도체,854232,태국,13325868,2324
2024-02,메모리 반도체,854232,튀르키예,7096455,401
2024-02,메모리 반도체,854232,폴란드,3985110,973
2024-02,메모리 반도체,854232,필리핀,60164145,4940
2024-02,메모리 반도체,854232,호주,4,0
2024-02,메모리 반도체,854232,홍콩,1703323702,87207
2024-02,바이오의약품·톡신,3002,네덜란드,765920,2651
2024-02,바이오의약품·톡신,3002,대만,2025873,5752
2024-02,바이오의약품·톡신,3002,독일,48269846,6248
2024-02,바이오의약품·톡신,3002,러시아,201652,2512
2024-02,바이오의약품·톡신,3002,말레이시아,82162,1242
2024-02,바이오의약품·톡신,3002,멕시코,236472,1004
2024-02,바이오의약품·톡신,3002,미국,98247199,20960
2024-02,바이오의약품·톡신,3002,베트남,2856056,10475
2024-02,바이오의약품·톡신,3002,사우디아라비아,2091740,906
2024-02,바이오의약품·톡신,3002,싱가포르,33283,91
2024-02,바이오의약품·톡신,3002,아랍에미리트,145889,3630
2024-02,바이오의약품·톡신,3002,영국,37529843,905
2024-02,바이오의약품·톡신,3002,인도,891479,6378
2024-02,바이오의약품·톡신,3002,인도네시아,558997,4843
2024-02,바이오의약품·톡신,3002,일본,30930452,6077
2024-02,바이오의약품·톡신,3002,전체,489721984,289644
2024-02,바이오의약품·톡신,3002,중국,10576503,36807
2024-02,바이오의약품·톡신,3002,카자흐스탄,327444,503
2024-02,바이오의약품·톡신,3002,캐나다,3057777,1644
2024-02,바이오의약품·톡신,3002,태국,3412138,8581
2024-02,바이오의약품·톡신,3002,튀르키예,25336916,7731
2024-02,바이오의약품·톡신,3002,폴란드,21841063,12063
2024-02,바이오의약품·톡신,3002,필리핀,1124489,5349
2024-02,바이오의약품·톡신,3002,호주,2136692,2356
2024-02,바이오의약품·톡신,3002,홍콩,1330585,3010
2024-02,반도체 장비,8486,네덜란드,34778392,32584
2024-02,반도체 장비,8486,대만,56795797,296960
2024-02,반도체 장비,8486,독일,3283079,8515
2024-02,반도체 장비,8486,러시아,345500,1571
2024-02,반도체 장비,8486,말레이시아,6152619,40548
2024-02,반도체 장비,8486,멕시코,34936,126
2024-02,반도체 장비,8486,미국,65105219,357862
2024-02,반도체 장비,8486,베트남,11751851,170026
2024-02,반도체 장비,8486,사우디아라비아,19500,250
2024-02,반도체 장비,8486,싱가포르,54320518,435960
2024-02,반도체 장비,8486,아랍에미리트,2250,20
2024-02,반도체 장비,8486,영국,1357719,6433
2024-02,반도체 장비,8486,인도,1173724,8665
2024-02,반도체 장비,8486,인도네시아,93814,1523
2024-02,반도체 장비,8486,일본,40715470,185336
2024-02,반도체 장비,8486,전체,511080528,3912251
2024-02,반도체 장비,8486,중국,219247374,2243667
2024-02,반도체 장비,8486,캐나다,630,0
2024-02,반도체 장비,8486,태국,450591,2569
2024-02,반도체 장비,8486,폴란드,244664,1915
2024-02,반도체 장비,8486,필리핀,1567179,37921
2024-02,반도체 장비,8486,홍콩,852795,4391
2024-02,변압기·전력변환기,8504,네덜란드,3067601,56936
2024-02,변압기·전력변환기,8504,대만,2560597,120370
2024-02,변압기·전력변환기,8504,독일,1756113,14462
2024-02,변압기·전력변환기,8504,러시아,329942,7820
2024-02,변압기·전력변환기,8504,말레이시아,9122297,1016455
2024-02,변압기·전력변환기,8504,멕시코,2380167,92470
2024-02,변압기·전력변환기,8504,미국,134870442,9265803
2024-02,변압기·전력변환기,8504,베트남,21364281,629035
2024-02,변압기·전력변환기,8504,사우디아라비아,64641171,5255057
2024-02,변압기·전력변환기,8504,싱가포르,1137814,44880
2024-02,변압기·전력변환기,8504,아랍에미리트,1610549,105112
2024-02,변압기·전력변환기,8504,영국,11217408,813516
2024-02,변압기·전력변환기,8504,인도,3732005,90516
2024-02,변압기·전력변환기,8504,인도네시아,2308214,92483
2024-02,변압기·전력변환기,8504,일본,6419611,515944
2024-02,변압기·전력변환기,8504,전체,361228818,22445382
2024-02,변압기·전력변환기,8504,중국,24968108,1080400
2024-02,변압기·전력변환기,8504,카자흐스탄,3607,81
2024-02,변압기·전력변환기,8504,캐나다,6422870,382576
2024-02,변압기·전력변환기,8504,태국,1592998,97150
2024-02,변압기·전력변환기,8504,튀르키예,820333,18386
2024-02,변압기·전력변환기,8504,폴란드,7533321,97212
2024-02,변압기·전력변환기,8504,필리핀,2596113,210955
2024-02,변압기·전력변환기,8504,호주,259925,8145
2024-02,변압기·전력변환기,8504,홍콩,1810847,38419
2024-02,선박,8901,대만,0,0
2024-02,선박,8901,독일,166304906,66630500
2024-02,선박,8901,러시아,0,0
2024-02,선박,8901,미국,0,0
2024-02,선박,8901,싱가포르,41820275,14504000
2024-02,선박,8901,일본,0,0
2024-02,선박,8901,전체,1419293805,464862100
2024-02,선박,8901,중국,0,0
2024-02,선박,8901,태국,0,0
2024-02,선박,8901,튀르키예,1500000,300000
2024-02,선박,8901,홍콩,137315921,160987200
2024-02,승용차,8703,네덜란드,61354750,3781745
2024-02,승용차,8703,대만,37045109,2448065
2024-02,승용차,8703,독일,111590122,6534039
2024-02,승용차,8703,러시아,74920454,6561938
2024-02,승용차,8703,말레이시아,2437686,146509
2024-02,승용차,8703,멕시코,31043641,2470752
2024-02,승용차,8703,미국,2406255267,155979336
2024-02,승용차,8703,베트남,18569494,1431889
2024-02,승용차,8703,사우디아라비아,105645852,9233638
2024-02,승용차,8703,싱가포르,7188887,498028
2024-02,승용차,8703,아랍에미리트,39784593,5171959
2024-02,승용차,8703,영국,191858425,11035719
2024-02,승용차,8703,인도,1567808,91657
2024-02,승용차,8703,인도네시아,31724509,1767382
2024-02,승용차,8703,일본,3515394,296880
2024-02,승용차,8703,전체,4926226071,374715901
2024-02,승용차,8703,중국,6397931,185872
2024-02,승용차,8703,카자흐스탄,112631716,7942775
2024-02,승용차,8703,캐나다,357993395,26668484
2024-02,승용차,8703,태국,2443944,137539
2024-02,승용차,8703,튀르키예,65195792,9974441
2024-02,승용차,8703,폴란드,32865203,2396980
2024-02,승용차,8703,필리핀,4877700,371823
2024-02,승용차,8703,호주,203296068,16028208
2024-02,승용차,8703,홍콩,384376,21919
2024-02,시스템반도체,854231,네덜란드,1754086,1209
2024-02,시스템반도체,854231,대만,236991487,71213
2024-02,시스템반도체,854231,독일,505795,177
2024-02,시스템반도체,854231,말레이시아,52868646,22931
2024-02,시스템반도체,854231,멕시코,9914954,3116
2024-02,시스템반도체,854231,미국,98003222,12978
2024-02,시스템반도체,854231,베트남,479195431,61144
2024-02,시스템반도체,854231,싱가포르,293693012,60933
2024-02,시스템반도체,854231,아랍에미리트,49248,17
2024-02,시스템반도체,854231,영국,49463,24
2024-02,시스템반도체,854231,인도,112602914,15721
2024-02,시스템반도체,854231,인도네시아,19733249,3775
2024-02,시스템반도체,854231,일본,24052106,9435
2024-02,시스템반도체,854231,전체,2541898301,498491
2024-02,시스템반도체,854231,중국,873259338,111307
2024-02,시스템반도체,854231,캐나다,8089,13
2024-02,시스템반도체,854231,태국,19898158,7709
2024-02,시스템반도체,854231,튀르키예,3082125,333
2024-02,시스템반도체,854231,폴란드,19783308,8640
2024-02,시스템반도체,854231,필리핀,41268433,26166
2024-02,시스템반도체,854231,호주,18325,9
2024-02,시스템반도체,854231,홍콩,148514565,53875
2024-02,완제의약품,3004,네덜란드,588663,656
2024-02,완제의약품,3004,대만,918058,9067
2024-02,완제의약품,3004,독일,824322,3139
2024-02,완제의약품,3004,러시아,87857,743
2024-02,완제의약품,3004,말레이시아,931090,7409
2024-02,완제의약품,3004,멕시코,1021687,5540
2024-02,완제의약품,3004,미국,3127508,90438
2024-02,완제의약품,3004,베트남,12506503,500817
2024-02,완제의약품,3004,사우디아라비아,269786,17670
2024-02,완제의약품,3004,싱가포르,464488,10964
2024-02,완제의약품,3004,아랍에미리트,1737513,23706
2024-02,완제의약품,3004,영국,808856,1270
2024-02,완제의약품,3004,인도,161537,124
2024-02,완제의약품,3004,인도네시아,477224,6102
2024-02,완제의약품,3004,일본,8163631,111658
2024-02,완제의약품,3004,전체,60555669,1298422
2024-02,완제의약품,3004,중국,2143964,61820
2024-02,완제의약품,3004,카자흐스탄,277668,3016
2024-02,완제의약품,3004,캐나다,192557,894
2024-02,완제의약품,3004,태국,4369937,40500
2024-02,완제의약품,3004,튀르키예,236458,335
2024-02,완제의약품,3004,폴란드,349705,1079
2024-02,완제의약품,3004,필리핀,4123516,57567
2024-02,완제의약품,3004,호주,329780,19199
2024-02,완제의약품,3004,홍콩,916738,12881
2024-02,의료기기,9018,네덜란드,5186400,43359
2024-02,의료기기,9018,대만,4341778,54083
2024-02,의료기기,9018,독일,6086832,38937
2024-02,의료기기,9018,러시아,12068597,104289
2024-02,의료기기,9018,말레이시아,2058463,36085
2024-02,의료기기,9018,멕시코,2756728,27200
2024-02,의료기기,9018,미국,35569946,349385
2024-02,의료기기,9018,베트남,3706506,67807
2024-02,의료기기,9018,사우디아라비아,2362943,28869
2024-02,의료기기,9018,싱가포르,2951745,13038
2024-02,의료기기,9018,아랍에미리트,4557900,34647
2024-02,의료기기,9018,영국,3476604,26858
2024-02,의료기기,9018,인도,12987698,193616
2024-02,의료기기,9018,인도네시아,2990831,47919
2024-02,의료기기,9018,일본,16332921,83166
2024-02,의료기기,9018,전체,199277954,1850965
2024-02,의료기기,9018,중국,11998199,95713
2024-02,의료기기,9018,카자흐스탄,2076424,32077
2024-02,의료기기,9018,캐나다,2153320,21824
2024-02,의료기기,9018,태국,4440567,31952
2024-02,의료기기,9018,튀르키예,2148846,13494
2024-02,의료기기,9018,폴란드,2110582,9036
2024-02,의료기기,9018,필리핀,1506460,60397
2024-02,의료기기,9018,호주,1757315,11623
2024-02,의료기기,9018,홍콩,1246610,6905
2024-02,전선·케이블,8544,네덜란드,107068734,12785478
2024-02,전선·케이블,8544,대만,10950358,1681512
2024-02,전선·케이블,8544,독일,1734458,95765
2024-02,전선·케이블,8544,러시아,466620,36266
2024-02,전선·케이블,8544,말레이시아,1173121,71757
2024-02,전선·케이블,8544,멕시코,16574774,907891
2024-02,전선·케이블,8544,미국,80176625,8792266
2024-02,전선·케이블,8544,베트남,35750340,2387293
2024-02,전선·케이블,8544,사우디아라비아,3339209,439432
2024-02,전선·케이블,8544,싱가포르,7732743,738109
2024-02,전선·케이블,8544,아랍에미리트,1518838,131033
2024-02,전선·케이블,8544,영국,716134,16500
2024-02,전선·케이블,8544,인도,6789622,247209
2024-02,전선·케이블,8544,인도네시아,3888321,330757
2024-02,전선·케이블,8544,일본,12111675,1295376
2024-02,전선·케이블,8544,전체,396221012,38138680
2024-02,전선·케이블,8544,중국,43085546,2965675
2024-02,전선·케이블,8544,카자흐스탄,462960,21052
2024-02,전선·케이블,8544,캐나다,2017018,75567
2024-02,전선·케이블,8544,태국,3842604,338725
2024-02,전선·케이블,8544,튀르키예,3322655,205190
2024-02,전선·케이블,8544,폴란드,3164460,226836
2024-02,전선·케이블,8544,필리핀,13089125,1194974
2024-02,전선·케이블,8544,호주,4022184,391631
2024-02,전선·케이블,8544,홍콩,2792848,525718
2024-02,태양광 모듈,854143,독일,0,0
2024-02,태양광 모듈,854143,말레이시아,23938,192920
2024-02,태양광 모듈,854143,미국,2491805,652715
2024-02,태양광 모듈,854143,베트남,229901,2988
2024-02,태양광 모듈,854143,아랍에미리트,379292,144686
2024-02,태양광 모듈,854143,일본,7518,1802
2024-02,태양광 모듈,854143,전체,6715178,1603666
2024-02,태양광 모듈,854143,중국,17059,2744
2024-02,태양광 모듈,854143,필리핀,5660,522
2024-02,화장품,3304,네덜란드,4469660,140468
2024-02,화장품,3304,대만,13688058,711761
2024-02,화장품,3304,독일,3493397,86299
2024-02,화장품,3304,러시아,19865285,853690
2024-02,화장품,3304,말레이시아,7222275,218369
2024-02,화장품,3304,멕시코,843251,21552
2024-02,화장품,3304,미국,99607949,3649069
2024-02,화장품,3304,베트남,40511228,863648
2024-02,화장품,3304,사우디아라비아,4483353,99811
2024-02,화장품,3304,싱가포르,9015842,265782
2024-02,화장품,3304,아랍에미리트,9090241,152099
2024-02,화장품,3304,영국,9276166,277198
2024-02,화장품,3304,인도,4225468,206760
2024-02,화장품,3304,인도네시아,13709607,411568
2024-02,화장품,3304,일본,69100488,1740743
2024-02,화장품,3304,전체,608858765,18378134
2024-02,화장품,3304,중국,151202999,4251756
2024-02,화장품,3304,카자흐스탄,8788810,131665
2024-02,화장품,3304,캐나다,6568412,235522
2024-02,화장품,3304,태국,16511497,478623
2024-02,화장품,3304,튀르키예,7150360,102644
2024-02,화장품,3304,폴란드,5436567,217757
2024-02,화장품,3304,필리핀,5070480,332190
2024-02,화장품,3304,호주,6310690,304501
2024-02,화장품,3304,홍콩,32339098,798598
2024-03,라면,190230,네덜란드,4792239,1269693
2024-03,라면,190230,대만,2190752,629472
2024-03,라면,190230,독일,2119799,626043
2024-03,라면,190230,러시아,1525974,325802
2024-03,라면,190230,말레이시아,3478093,813626
2024-03,라면,190230,멕시코,1910132,404777
2024-03,라면,190230,미국,21217549,4715274
2024-03,라면,190230,베트남,2010689,553513
2024-03,라면,190230,사우디아라비아,603919,132428
2024-03,라면,190230,싱가포르,916703,231756
2024-03,라면,190230,아랍에미리트,424455,104677
2024-03,라면,190230,영국,4421078,950356
2024-03,라면,190230,인도,534809,127452
2024-03,라면,190230,인도네시아,1973524,519377
2024-03,라면,190230,일본,6778769,2456728
2024-03,라면,190230,전체,103278874,27754846
2024-03,라면,190230,중국,20789427,6251511
2024-03,라면,190230,카자흐스탄,1158837,278054
2024-03,라면,190230,캐나다,3485357,1087167
2024-03,라면,190230,태국,3061140,808988
2024-03,라면,190230,폴란드,141908,28576
2024-03,라면,190230,필리핀,4030789,1084139
2024-03,라면,190230,호주,3943199,1118874
2024-03,라면,190230,홍콩,1741734,582128
2024-03,리튬이온 배터리,850760,네덜란드,404130,11527
2024-03,리튬이온 배터리,850760,대만,2613694,61291
2024-03,리튬이온 배터리,850760,독일,24025568,526482
2024-03,리튬이온 배터리,850760,러시아,9821,27
2024-03,리튬이온 배터리,850760,말레이시아,5651,145
2024-03,리튬이온 배터리,850760,멕시코,58439,1700
2024-03,리튬이온 배터리,850760,미국,162362892,5456887
2024-03,리튬이온 배터리,850760,베트남,110470982,3658160
2024-03,리튬이온 배터리,850760,사우디아라비아,37714,133
2024-03,리튬이온 배터리,850760,싱가포르,539018,8764
2024-03,리튬이온 배터리,850760,아랍에미리트,4552562,130526
2024-03,리튬이온 배터리,850760,영국,1226049,45233
2024-03,리튬이온 배터리,850760,인도,18255975,709313
2024-03,리튬이온 배터리,850760,인도네시아,706521,20208
2024-03,리튬이온 배터리,850760,일본,22446842,626035
2024-03,리튬이온 배터리,850760,전체,439855834,13674509
2024-03,리튬이온 배터리,850760,중국,14133680,348571
2024-03,리튬이온 배터리,850760,카자흐스탄,168,3
2024-03,리튬이온 배터리,850760,캐나다,362136,9459
2024-03,리튬이온 배터리,850760,태국,36391,482
2024-03,리튬이온 배터리,850760,튀르키예,97817,2647
2024-03,리튬이온 배터리,850760,폴란드,5353047,101753
2024-03,리튬이온 배터리,850760,필리핀,9797,54
2024-03,리튬이온 배터리,850760,호주,5902835,158944
2024-03,리튬이온 배터리,850760,홍콩,1978005,47970
2024-03,메모리 반도체,854232,네덜란드,4280389,256
2024-03,메모리 반도체,854232,대만,458752660,23723
2024-03,메모리 반도체,854232,독일,19021648,1054
2024-03,메모리 반도체,854232,말레이시아,28207115,1661
2024-03,메모리 반도체,854232,멕시코,8149503,1172
2024-03,메모리 반도체,854232,미국,22758850,1419
2024-03,메모리 반도체,854232,베트남,655752018,37374
2024-03,메모리 반도체,854232,싱가포르,13338445,2918
2024-03,메모리 반도체,854232,아랍에미리트,147,0
2024-03,메모리 반도체,854232,영국,5780293,182
2024-03,메모리 반도체,854232,인도,124944545,3020
2024-03,메모리 반도체,854232,인도네시아,26377868,1422
2024-03,메모리 반도체,854232,일본,39850333,2110
2024-03,메모리 반도체,854232,전체,5765592551,272815
2024-03,메모리 반도체,854232,중국,2123363102,100374
2024-03,메모리 반도체,854232,캐나다,1420008,56
2024-03,메모리 반도체,854232,태국,19958378,2140
2024-03,메모리 반도체,854232,튀르키예,3996585,220
2024-03,메모리 반도체,854232,폴란드,3999328,1306
2024-03,메모리 반도체,854232,필리핀,53167958,3063
2024-03,메모리 반도체,854232,호주,7,0
2024-03,메모리 반도체,854232,홍콩,2081421087,84595
2024-03,바이오의약품·톡신,3002,네덜란드,7428537,280
2024-03,바이오의약품·톡신,3002,대만,1824701,1545
2024-03,바이오의약품·톡신,3002,독일,30425262,4165
2024-03,바이오의약품·톡신,3002,러시아,159403,725
2024-03,바이오의약품·톡신,3002,말레이시아,2326685,10023
2024-03,바이오의약품·톡신,3002,멕시코,305803,488
2024-03,바이오의약품·톡신,3002,미국,145922592,40525
2024-03,바이오의약품·톡신,3002,베트남,3934365,24264
2024-03,바이오의약품·톡신,3002,사우디아라비아,2220479,3426
2024-03,바이오의약품·톡신,3002,싱가포르,1067023,1054
2024-03,바이오의약품·톡신,3002,아랍에미리트,100599,599
2024-03,바이오의약품·톡신,3002,영국,30499591,947
2024-03,바이오의약품·톡신,3002,인도,990574,5827
2024-03,바이오의약품·톡신,3002,인도네시아,586014,2969
2024-03,바이오의약품·톡신,3002,일본,25790169,15581
2024-03,바이오의약품·톡신,3002,전체,537809028,404905
2024-03,바이오의약품·톡신,3002,중국,7748923,29292
2024-03,바이오의약품·톡신,3002,카자흐스탄,638938,2793
2024-03,바이오의약품·톡신,3002,캐나다,249389,120
2024-03,바이오의약품·톡신,3002,태국,8905137,32587
2024-03,바이오의약품·톡신,3002,튀르키예,38117797,7727
2024-03,바이오의약품·톡신,3002,폴란드,6011470,4535
2024-03,바이오의약품·톡신,3002,필리핀,1371716,9209
2024-03,바이오의약품·톡신,3002,호주,1850640,1820
2024-03,바이오의약품·톡신,3002,홍콩,1714527,5507
2024-03,반도체 장비,8486,네덜란드,27691463,24459
2024-03,반도체 장비,8486,대만,60738424,351702
2024-03,반도체 장비,8486,독일,2478492,4004
2024-03,반도체 장비,8486,말레이시아,11473087,79972
2024-03,반도체 장비,8486,멕시코,156229,3281
2024-03,반도체 장비,8486,미국,49929298,259403
2024-03,반도체 장비,8486,베트남,14173836,188490
2024-03,반도체 장비,8486,사우디아라비아,0,0
2024-03,반도체 장비,8486,싱가포르,59243516,315758
2024-03,반도체 장비,8486,아랍에미리트,0,0
2024-03,반도체 장비,8486,영국,1249765,4970
2024-03,반도체 장비,8486,인도,40005,272
2024-03,반도체 장비,8486,인도네시아,31688,125
2024-03,반도체 장비,8486,일본,29595051,203148
2024-03,반도체 장비,8486,전체,638817935,4686449
2024-03,반도체 장비,8486,중국,364303014,3186329
2024-03,반도체 장비,8486,캐나다,24706,46
2024-03,반도체 장비,8486,태국,568853,3276
2024-03,반도체 장비,8486,폴란드,53166,127
2024-03,반도체 장비,8486,필리핀,919009,6400
2024-03,반도체 장비,8486,호주,23269,21
2024-03,반도체 장비,8486,홍콩,2786536,18328
2024-03,변압기·전력변환기,8504,네덜란드,3150120,51915
2024-03,변압기·전력변환기,8504,대만,3898881,240492
2024-03,변압기·전력변환기,8504,독일,1999680,19322
2024-03,변압기·전력변환기,8504,러시아,1625,48
2024-03,변압기·전력변환기,8504,말레이시아,9289627,1184597
2024-03,변압기·전력변환기,8504,멕시코,2200228,77239
2024-03,변압기·전력변환기,8504,미국,120122444,9944070
2024-03,변압기·전력변환기,8504,베트남,23183822,690158
2024-03,변압기·전력변환기,8504,사우디아라비아,13170650,1105122
2024-03,변압기·전력변환기,8504,싱가포르,2000233,112583
2024-03,변압기·전력변환기,8504,아랍에미리트,742507,21586
2024-03,변압기·전력변환기,8504,영국,26175804,1691301
2024-03,변압기·전력변환기,8504,인도,5602700,288850
2024-03,변압기·전력변환기,8504,인도네시아,2803771,172871
2024-03,변압기·전력변환기,8504,일본,6528695,419839
2024-03,변압기·전력변환기,8504,전체,362840567,23222988
2024-03,변압기·전력변환기,8504,중국,29346749,1015891
2024-03,변압기·전력변환기,8504,카자흐스탄,34821,294
2024-03,변압기·전력변환기,8504,캐나다,12622671,548539
2024-03,변압기·전력변환기,8504,태국,1706471,102700
2024-03,변압기·전력변환기,8504,튀르키예,1605737,33230
2024-03,변압기·전력변환기,8504,폴란드,3344933,39252
2024-03,변압기·전력변환기,8504,필리핀,2758492,341124
2024-03,변압기·전력변환기,8504,호주,4832311,471627
2024-03,변압기·전력변환기,8504,홍콩,1912914,48521
2024-03,선박,8901,미국,0,0
2024-03,선박,8901,싱가포르,478732269,418949100
2024-03,선박,8901,일본,5645,24
2024-03,선박,8901,전체,1729528588,1191390324
2024-03,선박,8901,중국,31664575,160746000
2024-03,선박,8901,필리핀,10465000,10218000
2024-03,선박,8901,홍콩,137848189,161002600
2024-03,승용차,8703,네덜란드,98022393,5505042
2024-03,승용차,8703,대만,30557133,2228940
2024-03,승용차,8703,독일,124835451,7193635
2024-03,승용차,8703,러시아,44262042,4027322
2024-03,승용차,8703,말레이시아,222839,18800
2024-03,승용차,8703,멕시코,49788255,3690298
2024-03,승용차,8703,미국,3108768341,206735372
2024-03,승용차,8703,베트남,20141926,1648151
2024-03,승용차,8703,사우디아라비아,103369999,8111031
2024-03,승용차,8703,싱가포르,8570033,587662
2024-03,승용차,8703,아랍에미리트,48562342,5805144
2024-03,승용차,8703,영국,154366899,9486621
2024-03,승용차,8703,인도,139491,6208
2024-03,승용차,8703,인도네시아,11304627,638672
2024-03,승용차,8703,일본,1675110,118114
2024-03,승용차,8703,전체,5895260478,448790197
2024-03,승용차,8703,중국,12333219,369571
2024-03,승용차,8703,카자흐스탄,104805978,7758455
2024-03,승용차,8703,캐나다,451316947,33270575
2024-03,승용차,8703,태국,82355,6068
2024-03,승용차,8703,튀르키예,94628066,14105998
2024-03,승용차,8703,폴란드,32265047,2011622
2024-03,승용차,8703,필리핀,2696913,199368
2024-03,승용차,8703,호주,269310186,20891767
2024-03,승용차,8703,홍콩,401435,32437
2024-03,시스템반도체,854231,네덜란드,2142033,1019
2024-03,시스템반도체,854231,대만,220682098,80237
2024-03,시스템반도체,854231,독일,1064932,319
2024-03,시스템반도체,854231,말레이시아,65662794,22974
2024-03,시스템반도체,854231,멕시코,15749787,4913
2024-03,시스템반도체,854231,미국,147995435,12896
2024-03,시스템반도체,854231,베트남,528387155,70663
2024-03,시스템반도체,854231,싱가포르,339687782,58347
2024-03,시스템반도체,854231,아랍에미리트,71853,50
2024-03,시스템반도체,854231,영국,102812,83
2024-03,시스템반도체,854231,인도,109349303,19893
2024-03,시스템반도체,854231,인도네시아,15627069,3043
2024-03,시스템반도체,854231,일본,19822901,9060
2024-03,시스템반도체,854231,전체,2879931629,546443
2024-03,시스템반도체,854231,중국,1061125766,128808
2024-03,시스템반도체,854231,캐나다,47281,11
2024-03,시스템반도체,854231,태국,21461803,7143
2024-03,시스템반도체,854231,튀르키예,799086,145
2024-03,시스템반도체,854231,폴란드,29502588,13884
2024-03,시스템반도체,854231,필리핀,52289515,31280
2024-03,시스템반도체,854231,호주,1414,5
2024-03,시스템반도체,854231,홍콩,130470266,55634
2024-03,완제의약품,3004,네덜란드,1208681,2705
2024-03,완제의약품,3004,대만,1480839,20121
2024-03,완제의약품,3004,독일,408638,1604
2024-03,완제의약품,3004,러시아,121040,629
2024-03,완제의약품,3004,말레이시아,1472920,12684
2024-03,완제의약품,3004,멕시코,2247863,8270
2024-03,완제의약품,3004,미국,2512408,52427
2024-03,완제의약품,3004,베트남,12212465,630945
2024-03,완제의약품,3004,사우디아라비아,274,1
2024-03,완제의약품,3004,싱가포르,649310,14904
2024-03,완제의약품,3004,아랍에미리트,1783785,6483
2024-03,완제의약품,3004,영국,1168900,1383
2024-03,완제의약품,3004,인도,97504,81
2024-03,완제의약품,3004,인도네시아,2702392,12440
2024-03,완제의약품,3004,일본,11184476,96396
2024-03,완제의약품,3004,전체,73337302,1543422
2024-03,완제의약품,3004,중국,5043263,101788
2024-03,완제의약품,3004,카자흐스탄,407879,4286
2024-03,완제의약품,3004,캐나다,3661,60
2024-03,완제의약품,3004,태국,2937234,20933
2024-03,완제의약품,3004,튀르키예,108687,507
2024-03,완제의약품,3004,폴란드,191083,392
2024-03,완제의약품,3004,필리핀,3700006,91283
2024-03,완제의약품,3004,호주,210035,1025
2024-03,완제의약품,3004,홍콩,1299594,21002
2024-03,의료기기,9018,네덜란드,5765310,44265
2024-03,의료기기,9018,대만,5170368,54538
2024-03,의료기기,9018,독일,6034821,72220
2024-03,의료기기,9018,러시아,11191224,108768
2024-03,의료기기,9018,말레이시아,2585117,38492
2024-03,의료기기,9018,멕시코,3190421,31683
2024-03,의료기기,9018,미국,41388441,441111
2024-03,의료기기,9018,베트남,3565692,65113
2024-03,의료기기,9018,사우디아라비아,2660606,30922
2024-03,의료기기,9018,싱가포르,3618712,16527
2024-03,의료기기,9018,아랍에미리트,4711882,31110
2024-03,의료기기,9018,영국,5381351,46575
2024-03,의료기기,9018,인도,9614756,97555
2024-03,의료기기,9018,인도네시아,2902904,31601
2024-03,의료기기,9018,일본,16069834,93609
2024-03,의료기기,9018,전체,215654009,1983250
2024-03,의료기기,9018,중국,14607665,117770
2024-03,의료기기,9018,카자흐스탄,675508,9623
2024-03,의료기기,9018,캐나다,2358698,20499
2024-03,의료기기,9018,태국,6841262,37705
2024-03,의료기기,9018,튀르키예,3207086,23269
2024-03,의료기기,9018,폴란드,3279276,19431
2024-03,의료기기,9018,필리핀,2372494,76073
2024-03,의료기기,9018,호주,1999899,18131
2024-03,의료기기,9018,홍콩,1835242,11366
2024-03,전선·케이블,8544,네덜란드,75165368,8558231
2024-03,전선·케이블,8544,대만,7054357,650641
2024-03,전선·케이블,8544,독일,2278062,119998
2024-03,전선·케이블,8544,러시아,826278,18348
2024-03,전선·케이블,8544,말레이시아,5904935,516851
2024-03,전선·케이블,8544,멕시코,16890350,921463
2024-03,전선·케이블,8544,미국,64477848,7400340
2024-03,전선·케이블,8544,베트남,37046252,2511816
2024-03,전선·케이블,8544,사우디아라비아,462520,67079
2024-03,전선·케이블,8544,싱가포르,7569325,786187
2024-03,전선·케이블,8544,아랍에미리트,1636702,151554
2024-03,전선·케이블,8544,영국,8563252,763187
2024-03,전선·케이블,8544,인도,6705469,351795
2024-03,전선·케이블,8544,인도네시아,4222587,323028
2024-03,전선·케이블,8544,일본,11971220,1289140
2024-03,전선·케이블,8544,전체,385870312,35062928
2024-03,전선·케이블,8544,중국,52984336,3714960
2024-03,전선·케이블,8544,카자흐스탄,743227,31188
2024-03,전선·케이블,8544,캐나다,3902395,222031
2024-03,전선·케이블,8544,태국,3703042,326293
2024-03,전선·케이블,8544,튀르키예,3599785,233229
2024-03,전선·케이블,8544,폴란드,6325255,603169
2024-03,전선·케이블,8544,필리핀,13596965,1306025
2024-03,전선·케이블,8544,호주,2601877,247375
2024-03,전선·케이블,8544,홍콩,3061308,559434
2024-03,태양광 모듈,854143,독일,0,0
2024-03,태양광 모듈,854143,미국,608080,157010
2024-03,태양광 모듈,854143,베트남,230064,2993
2024-03,태양광 모듈,854143,아랍에미리트,887760,659200
2024-03,태양광 모듈,854143,일본,17960,2928
2024-03,태양광 모듈,854143,전체,12130598,2801759
2024-03,태양광 모듈,854143,중국,100489,1710
2024-03,태양광 모듈,854143,태국,0,0
2024-03,태양광 모듈,854143,필리핀,0,0
2024-03,태양광 모듈,854143,호주,16050,26
2024-03,화장품,3304,네덜란드,6950601,251088
2024-03,화장품,3304,대만,18312793,968693
2024-03,화장품,3304,독일,5405012,139442
2024-03,화장품,3304,러시아,20569320,908309
2024-03,화장품,3304,말레이시아,8766278,432756
2024-03,화장품,3304,멕시코,2126947,20827
2024-03,화장품,3304,미국,107692503,3566890
2024-03,화장품,3304,베트남,42396620,1153055
2024-03,화장품,3304,사우디아라비아,4973047,142790
2024-03,화장품,3304,싱가포르,8900034,254028
2024-03,화장품,3304,아랍에미리트,10452223,189838
2024-03,화장품,3304,영국,10183431,252111
2024-03,화장품,3304,인도,5119401,193273
2024-03,화장품,3304,인도네시아,2116853,31339
2024-03,화장품,3304,일본,68120178,1604789
2024-03,화장품,3304,전체,646656594,20481784
2024-03,화장품,3304,중국,161648585,5358152
2024-03,화장품,3304,카자흐스탄,6543456,151479
2024-03,화장품,3304,캐나다,8714354,268378
2024-03,화장품,3304,태국,16022338,501030
2024-03,화장품,3304,튀르키예,3947862,97005
2024-03,화장품,3304,폴란드,10554329,349637
2024-03,화장품,3304,필리핀,5667878,403342
2024-03,화장품,3304,호주,7360001,346265
2024-03,화장품,3304,홍콩,37970314,938277
2024-04,라면,190230,네덜란드,8850337,2061276
2024-04,라면,190230,대만,2353507,703180
2024-04,라면,190230,독일,3880595,1034700
2024-04,라면,190230,러시아,2592538,576038
2024-04,라면,190230,말레이시아,4587519,1115995
2024-04,라면,190230,멕시코,1373605,293896
2024-04,라면,190230,미국,22116757,4986285
2024-04,라면,190230,베트남,2024542,582208
2024-04,라면,190230,사우디아라비아,731635,152120
2024-04,라면,190230,싱가포르,998290,241785
2024-04,라면,190230,아랍에미리트,2863201,642179
2024-04,라면,190230,영국,5346160,1150374
2024-04,라면,190230,인도,1607923,395115
2024-04,라면,190230,인도네시아,1310549,373267
2024-04,라면,190230,일본,6494134,2290072
2024-04,라면,190230,전체,119957032,31190009
2024-04,라면,190230,중국,22062111,6461237
2024-04,라면,190230,카자흐스탄,1073866,249583
2024-04,라면,190230,캐나다,3031750,913569
2024-04,라면,190230,태국,3999423,917855
2024-04,라면,190230,튀르키예,17753,6609
2024-04,라면,190230,폴란드,306103,92575
2024-04,라면,190230,필리핀,4223376,1130275
2024-04,라면,190230,호주,4578287,1255431
2024-04,라면,190230,홍콩,1795573,611506
2024-04,리튬이온 배터리,850760,네덜란드,1080214,20661
2024-04,리튬이온 배터리,850760,대만,1694411,39009
2024-04,리튬이온 배터리,850760,독일,18792796,361428
2024-04,리튬이온 배터리,850760,러시아,414,4
2024-04,리튬이온 배터리,850760,말레이시아,154566,6367
2024-04,리튬이온 배터리,850760,멕시코,7812,276
2024-04,리튬이온 배터리,850760,미국,123977575,4105298
2024-04,리튬이온 배터리,850760,베트남,68191577,1969851
2024-04,리튬이온 배터리,850760,싱가포르,384818,11532
2024-04,리튬이온 배터리,850760,아랍에미리트,59137,1900
2024-04,리튬이온 배터리,850760,영국,378536,38695
2024-04,리튬이온 배터리,850760,인도,31118506,1183704
2024-04,리튬이온 배터리,850760,인도네시아,32442,62
2024-04,리튬이온 배터리,850760,일본,22417565,577522
2024-04,리튬이온 배터리,850760,전체,376261020,11218155
2024-04,리튬이온 배터리,850760,중국,16818776,411200
2024-04,리튬이온 배터리,850760,카자흐스탄,475,7
2024-04,리튬이온 배터리,850760,캐나다,981700,39260
2024-04,리튬이온 배터리,850760,태국,34492,624
2024-04,리튬이온 배터리,850760,튀르키예,2001,42
2024-04,리튬이온 배터리,850760,폴란드,8108036,134180
2024-04,리튬이온 배터리,850760,필리핀,4756146,156360
2024-04,리튬이온 배터리,850760,호주,7320630,202066
2024-04,리튬이온 배터리,850760,홍콩,1643779,20199
2024-04,메모리 반도체,854232,네덜란드,4372246,284
2024-04,메모리 반도체,854232,대만,585572978,24658
2024-04,메모리 반도체,854232,독일,9018688,654
2024-04,메모리 반도체,854232,말레이시아,12679042,1915
2024-04,메모리 반도체,854232,멕시코,10549233,1222
2024-04,메모리 반도체,854232,미국,13795732,840
2024-04,메모리 반도체,854232,베트남,472918738,34347
2024-04,메모리 반도체,854232,싱가포르,33012375,3876
2024-04,메모리 반도체,854232,아랍에미리트,3950,41
2024-04,메모리 반도체,854232,영국,91748,11
2024-04,메모리 반도체,854232,인도,80134832,2777
2024-04,메모리 반도체,854232,인도네시아,21931812,840
2024-04,메모리 반도체,854232,일본,42509282,2146
2024-04,메모리 반도체,854232,전체,4896711483,253536
2024-04,메모리 반도체,854232,중국,1945727378,92693
2024-04,메모리 반도체,854232,카자흐스탄,236,20
2024-04,메모리 반도체,854232,캐나다,2215231,65
2024-04,메모리 반도체,854232,태국,4474024,1621
2024-04,메모리 반도체,854232,튀르키예,4899205,224
2024-04,메모리 반도체,854232,폴란드,3321121,1225
2024-04,메모리 반도체,854232,필리핀,97136407,6578
2024-04,메모리 반도체,854232,호주,7816,2
2024-04,메모리 반도체,854232,홍콩,1472465673,72325
2024-04,바이오의약품·톡신,3002,네덜란드,50911,49
2024-04,바이오의약품·톡신,3002,대만,938359,2221
2024-04,바이오의약품·톡신,3002,독일,93702556,8506
2024-04,바이오의약품·톡신,3002,러시아,303647,1351
2024-04,바이오의약품·톡신,3002,말레이시아,1278072,10662
2024-04,바이오의약품·톡신,3002,멕시코,21902,160
2024-04,바이오의약품·톡신,3002,미국,102958893,14139
2024-04,바이오의약품·톡신,3002,베트남,2941053,32870
2024-04,바이오의약품·톡신,3002,사우디아라비아,2491105,1708
2024-04,바이오의약품·톡신,3002,싱가포르,1081239,721
2024-04,바이오의약품·톡신,3002,아랍에미리트,139269,20090
2024-04,바이오의약품·톡신,3002,영국,199553,277
2024-04,바이오의약품·톡신,3002,인도,1547564,8372
2024-04,바이오의약품·톡신,3002,인도네시아,265724,1020
2024-04,바이오의약품·톡신,3002,일본,6268955,7259
2024-04,바이오의약품·톡신,3002,전체,546465107,509564
2024-04,바이오의약품·톡신,3002,중국,5215104,22574
2024-04,바이오의약품·톡신,3002,카자흐스탄,137419,296
2024-04,바이오의약품·톡신,3002,캐나다,1045777,1174
2024-04,바이오의약품·톡신,3002,태국,6587388,34213
2024-04,바이오의약품·톡신,3002,튀르키예,47683421,6635
2024-04,바이오의약품·톡신,3002,폴란드,57148,291
2024-04,바이오의약품·톡신,3002,필리핀,1594137,10903
2024-04,바이오의약품·톡신,3002,호주,1612404,2151
2024-04,바이오의약품·톡신,3002,홍콩,1372538,2478
2024-04,반도체 장비,8486,네덜란드,66463656,30574
2024-04,반도체 장비,8486,대만,64633795,306425
2024-04,반도체 장비,8486,독일,3103101,20384
2024-04,반도체 장비,8486,말레이시아,4408020,22384
2024-04,반도체 장비,8486,멕시코,336766,1554
2024-04,반도체 장비,8486,미국,76112491,322982
2024-04,반도체 장비,8486,베트남,21773251,396435
2024-04,반도체 장비,8486,사우디아라비아,74,0
2024-04,반도체 장비,8486,싱가포르,39523163,222654
2024-04,반도체 장비,8486,아랍에미리트,7000,30
2024-04,반도체 장비,8486,영국,2840022,8800
2024-04,반도체 장비,8486,인도,498363,2690
2024-04,반도체 장비,8486,인도네시아,28326,109
2024-04,반도체 장비,8486,일본,37352000,367259
2024-04,반도체 장비,8486,전체,664005353,4513067
2024-04,반도체 장비,8486,중국,331588217,2689322
2024-04,반도체 장비,8486,캐나다,37754,72
2024-04,반도체 장비,8486,태국,733086,3640
2024-04,반도체 장비,8486,튀르키예,5390,44
2024-04,반도체 장비,8486,폴란드,21208,630
2024-04,반도체 장비,8486,필리핀,1472044,8099
2024-04,반도체 장비,8486,호주,912,1
2024-04,반도체 장비,8486,홍콩,863062,26044
2024-04,변압기·전력변환기,8504,네덜란드,3600748,63942
2024-04,변압기·전력변환기,8504,대만,2049177,35178
2024-04,변압기·전력변환기,8504,독일,1823378,25830
2024-04,변압기·전력변환기,8504,러시아,78011,5102
2024-04,변압기·전력변환기,8504,말레이시아,3670558,222945
2024-04,변압기·전력변환기,8504,멕시코,3403444,135790
2024-04,변압기·전력변환기,8504,미국,162184653,12942846
2024-04,변압기·전력변환기,8504,베트남,24088395,554583
2024-04,변압기·전력변환기,8504,사우디아라비아,25924522,1659755
2024-04,변압기·전력변환기,8504,싱가포르,1077329,39999
2024-04,변압기·전력변환기,8504,아랍에미리트,866329,19420
2024-04,변압기·전력변환기,8504,영국,742733,43393
2024-04,변압기·전력변환기,8504,인도,11555398,1161696
2024-04,변압기·전력변환기,8504,인도네시아,2653093,130195
2024-04,변압기·전력변환기,8504,일본,4741915,306050
2024-04,변압기·전력변환기,8504,전체,329345671,20534347
2024-04,변압기·전력변환기,8504,중국,29701030,933183
2024-04,변압기·전력변환기,8504,카자흐스탄,4186,92
2024-04,변압기·전력변환기,8504,캐나다,3219192,277629
2024-04,변압기·전력변환기,8504,태국,1653020,90159
2024-04,변압기·전력변환기,8504,튀르키예,1498407,37939
2024-04,변압기·전력변환기,8504,폴란드,2108010,24502
2024-04,변압기·전력변환기,8504,필리핀,3038989,368364
2024-04,변압기·전력변환기,8504,호주,857772,79339
2024-04,변압기·전력변환기,8504,홍콩,2214341,71499
2024-04,선박,8901,대만,890000,999000
2024-04,선박,8901,독일,166302996,66844000
2024-04,선박,8901,미국,9309,31
2024-04,선박,8901,베트남,0,0
2024-04,선박,8901,싱가포르,176600000,331953000
2024-04,선박,8901,아랍에미리트,4739259,5443000
2024-04,선박,8901,인도,749941,1384000
2024-04,선박,8901,일본,0,0
2024-04,선박,8901,전체,1543778313,993970747
2024-04,선박,8901,중국,0,0
2024-04,선박,8901,태국,0,0
2024-04,선박,8901,필리핀,0,0
2024-04,선박,8901,홍콩,5398000,16065000
2024-04,승용차,8703,네덜란드,98846178,5470343
2024-04,승용차,8703,대만,34319724,2410410
2024-04,승용차,8703,독일,132881660,6711490
2024-04,승용차,8703,러시아,39302016,3581545
2024-04,승용차,8703,말레이시아,1452645,102841
2024-04,승용차,8703,멕시코,49427405,3635183
2024-04,승용차,8703,미국,3590734526,239045182
2024-04,승용차,8703,베트남,24392806,2142020
2024-04,승용차,8703,사우디아라비아,140412226,10988119
2024-04,승용차,8703,싱가포르,4281715,319409
2024-04,승용차,8703,아랍에미리트,40471129,5584942
2024-04,승용차,8703,영국,183900455,10478877
2024-04,승용차,8703,인도,213968,17570
2024-04,승용차,8703,인도네시아,9556458,527558
2024-04,승용차,8703,일본,2011914,168732
2024-04,승용차,8703,전체,6571649168,497502088
2024-04,승용차,8703,중국,19977743,588867
2024-04,승용차,8703,카자흐스탄,110768536,7954434
2024-04,승용차,8703,캐나다,486824938,35631565
2024-04,승용차,8703,태국,2322548,118810
2024-04,승용차,8703,튀르키예,119524834,17826342
2024-04,승용차,8703,폴란드,22561436,1656356
2024-04,승용차,8703,필리핀,7971179,579871
2024-04,승용차,8703,호주,312744790,23976366
2024-04,승용차,8703,홍콩,1385669,70591
2024-04,시스템반도체,854231,네덜란드,3098825,1624
2024-04,시스템반도체,854231,대만,243383150,82182
2024-04,시스템반도체,854231,독일,1947142,785
2024-04,시스템반도체,854231,말레이시아,55515135,20960
2024-04,시스템반도체,854231,멕시코,12875980,5656
2024-04,시스템반도체,854231,미국,213064395,15468
2024-04,시스템반도체,854231,베트남,502582179,61439
2024-04,시스템반도체,854231,싱가포르,262220636,58544
2024-04,시스템반도체,854231,아랍에미리트,38959,17
2024-04,시스템반도체,854231,영국,113479,70
2024-04,시스템반도체,854231,인도,130057642,15824
2024-04,시스템반도체,854231,인도네시아,14067996,3062
2024-04,시스템반도체,854231,일본,12290284,4690
2024-04,시스템반도체,854231,전체,2837485467,539822
2024-04,시스템반도체,854231,중국,989654156,133541
2024-04,시스템반도체,854231,카자흐스탄,6892,8
2024-04,시스템반도체,854231,캐나다,37052,29
2024-04,시스템반도체,854231,태국,19085024,8445
2024-04,시스템반도체,854231,튀르키예,475037,26
2024-04,시스템반도체,854231,폴란드,19839672,9820
2024-04,시스템반도체,854231,필리핀,36008648,24867
2024-04,시스템반도체,854231,호주,250241,80
2024-04,시스템반도체,854231,홍콩,218981409,70283
2024-04,완제의약품,3004,네덜란드,82867,114
2024-04,완제의약품,3004,대만,1676051,41596
2024-04,완제의약품,3004,독일,797197,5477
2024-04,완제의약품,3004,러시아,220425,429
2024-04,완제의약품,3004,말레이시아,382787,6967
2024-04,완제의약품,3004,멕시코,809626,10310
2024-04,완제의약품,3004,미국,2829966,65793
2024-04,완제의약품,3004,베트남,9722833,581018
2024-04,완제의약품,3004,사우디아라비아,235701,1937
2024-04,완제의약품,3004,싱가포르,1704060,11681
2024-04,완제의약품,3004,아랍에미리트,1952098,8264
2024-04,완제의약품,3004,영국,921248,1375
2024-04,완제의약품,3004,인도,216712,203
2024-04,완제의약품,3004,인도네시아,584666,8725
2024-04,완제의약품,3004,일본,9430766,107026
2024-04,완제의약품,3004,전체,72000217,1505850
2024-04,완제의약품,3004,중국,4840312,103632
2024-04,완제의약품,3004,카자흐스탄,499539,7258
2024-04,완제의약품,3004,캐나다,3311,1006
2024-04,완제의약품,3004,태국,4828726,53851
2024-04,완제의약품,3004,튀르키예,426210,3006
2024-04,완제의약품,3004,폴란드,188641,453
2024-04,완제의약품,3004,필리핀,3413360,52399
2024-04,완제의약품,3004,호주,281664,23827
2024-04,완제의약품,3004,홍콩,1193206,16974
2024-04,의료기기,9018,네덜란드,5945486,24255
2024-04,의료기기,9018,대만,5378428,52391
2024-04,의료기기,9018,독일,7878827,41870
2024-04,의료기기,9018,러시아,5984955,65967
2024-04,의료기기,9018,말레이시아,1813099,22003
2024-04,의료기기,9018,멕시코,3000141,28085
2024-04,의료기기,9018,미국,44658027,486103
2024-04,의료기기,9018,베트남,4733368,105623
2024-04,의료기기,9018,사우디아라비아,1468994,29820
2024-04,의료기기,9018,싱가포르,4307881,18747
2024-04,의료기기,9018,아랍에미리트,4051215,19770
2024-04,의료기기,9018,영국,3417165,23340
2024-04,의료기기,9018,인도,7525628,54891
2024-04,의료기기,9018,인도네시아,2829773,41090
2024-04,의료기기,9018,일본,17329003,93982
2024-04,의료기기,9018,전체,210587492,1868143
2024-04,의료기기,9018,중국,14888780,112906
2024-04,의료기기,9018,카자흐스탄,1871366,34608
2024-04,의료기기,9018,캐나다,1915923,16109
2024-04,의료기기,9018,태국,5987410,41100
2024-04,의료기기,9018,튀르키예,2841171,11745
2024-04,의료기기,9018,폴란드,3135799,16973
2024-04,의료기기,9018,필리핀,1575408,29293
2024-04,의료기기,9018,호주,3660630,29190
2024-04,의료기기,9018,홍콩,1777526,10986
2024-04,전선·케이블,8544,네덜란드,319921,9332
2024-04,전선·케이블,8544,대만,37281891,5396264
2024-04,전선·케이블,8544,독일,2176092,124759
2024-04,전선·케이블,8544,러시아,146307,13348
2024-04,전선·케이블,8544,말레이시아,1824039,167262
2024-04,전선·케이블,8544,멕시코,18808857,1078417
2024-04,전선·케이블,8544,미국,82745598,8878618
2024-04,전선·케이블,8544,베트남,34542699,2427280
2024-04,전선·케이블,8544,사우디아라비아,370795,41951
2024-04,전선·케이블,8544,싱가포르,7774078,809910
2024-04,전선·케이블,8544,아랍에미리트,706614,50104
2024-04,전선·케이블,8544,영국,953760,32013
2024-04,전선·케이블,8544,인도,7754007,428075
2024-04,전선·케이블,8544,인도네시아,3980572,311476
2024-04,전선·케이블,8544,일본,9580334,991667
2024-04,전선·케이블,8544,전체,329453096,30176184
2024-04,전선·케이블,8544,중국,52788062,3797132
2024-04,전선·케이블,8544,카자흐스탄,689263,30448
2024-04,전선·케이블,8544,캐나다,1821517,101506
2024-04,전선·케이블,8544,태국,3972036,341727
2024-04,전선·케이블,8544,튀르키예,2586789,142816
2024-04,전선·케이블,8544,폴란드,6556442,662265
2024-04,전선·케이블,8544,필리핀,13561856,1232833
2024-04,전선·케이블,8544,호주,5031512,511936
2024-04,전선·케이블,8544,홍콩,2925429,551709
2024-04,태양광 모듈,854143,네덜란드,34840,70
2024-04,태양광 모듈,854143,독일,19888,1482
2024-04,태양광 모듈,854143,미국,1614850,324806
2024-04,태양광 모듈,854143,베트남,113511,1416
2024-04,태양광 모듈,854143,일본,40963,10055
2024-04,태양광 모듈,854143,전체,2384755,484106
2024-04,태양광 모듈,854143,중국,90320,100640
2024-04,태양광 모듈,854143,캐나다,0,0
2024-04,태양광 모듈,854143,필리핀,0,0
2024-04,태양광 모듈,854143,홍콩,0,0
2024-04,화장품,3304,네덜란드,5424222,196182
2024-04,화장품,3304,대만,18230349,1068832
2024-04,화장품,3304,독일,6423784,202050
2024-04,화장품,3304,러시아,27834345,1077356
2024-04,화장품,3304,말레이시아,8461991,306874
2024-04,화장품,3304,멕시코,1196995,22138
2024-04,화장품,3304,미국,142597156,5305111
2024-04,화장품,3304,베트남,39541629,1153724
2024-04,화장품,3304,사우디아라비아,2998989,71737
2024-04,화장품,3304,싱가포르,9385245,311766
2024-04,화장품,3304,아랍에미리트,11765499,243011
2024-04,화장품,3304,영국,11637298,273776
2024-04,화장품,3304,인도,4872699,197364
2024-04,화장품,3304,인도네시아,4537981,125613
2024-04,화장품,3304,일본,70893510,1599918
2024-04,화장품,3304,전체,718349995,23233456
2024-04,화장품,3304,중국,171443120,5249875
2024-04,화장품,3304,카자흐스탄,6903790,162083
2024-04,화장품,3304,캐나다,9354698,299414
2024-04,화장품,3304,태국,16312621,601114
2024-04,화장품,3304,튀르키예,5165271,152926
2024-04,화장품,3304,폴란드,12137097,406395
2024-04,화장품,3304,필리핀,5958243,421837
2024-04,화장품,3304,호주,8593933,411387
2024-04,화장품,3304,홍콩,46210471,1097338
2024-05,라면,190230,네덜란드,7759465,1922557
2024-05,라면,190230,대만,3823521,1063734
2024-05,라면,190230,독일,1694758,467803
2024-05,라면,190230,러시아,2497134,566638
2024-05,라면,190230,말레이시아,4324245,1028153
2024-05,라면,190230,멕시코,1358937,290970
2024-05,라면,190230,미국,22200304,4842267
2024-05,라면,190230,베트남,1779361,489018
2024-05,라면,190230,사우디아라비아,365960,81374
2024-05,라면,190230,싱가포르,1334379,344066
2024-05,라면,190230,아랍에미리트,1448852,332620
2024-05,라면,190230,영국,4771639,1004575
2024-05,라면,190230,인도,1761954,424419
2024-05,라면,190230,인도네시아,974720,286350
2024-05,라면,190230,일본,6145719,2132034
2024-05,라면,190230,전체,118250158,31047995
2024-05,라면,190230,중국,25215357,7479278
2024-05,라면,190230,카자흐스탄,1316331,288529
2024-05,라면,190230,캐나다,4700241,1343909
2024-05,라면,190230,태국,3063547,740588
2024-05,라면,190230,튀르키예,94,20
2024-05,라면,190230,폴란드,279674,87539
2024-05,라면,190230,필리핀,3939931,1048669
2024-05,라면,190230,호주,6248802,1729991
2024-05,라면,190230,홍콩,1371652,517607
2024-05,리튬이온 배터리,850760,네덜란드,700517,11121
2024-05,리튬이온 배터리,850760,대만,53372663,2233954
2024-05,리튬이온 배터리,850760,독일,15745725,346976
2024-05,리튬이온 배터리,850760,러시아,3435,22
2024-05,리튬이온 배터리,850760,말레이시아,12069,51
2024-05,리튬이온 배터리,850760,멕시코,191084,5737
2024-05,리튬이온 배터리,850760,미국,118153048,4521758
2024-05,리튬이온 배터리,850760,베트남,50612067,1515028
2024-05,리튬이온 배터리,850760,사우디아라비아,2,1
2024-05,리튬이온 배터리,850760,싱가포르,1074279,26727
2024-05,리튬이온 배터리,850760,아랍에미리트,7438,103
2024-05,리튬이온 배터리,850760,영국,421249,33163
2024-05,리튬이온 배터리,850760,인도,24276264,959829
2024-05,리튬이온 배터리,850760,인도네시아,63366,444
2024-05,리튬이온 배터리,850760,일본,26057850,449517
2024-05,리튬이온 배터리,850760,전체,418112019,13737727
2024-05,리튬이온 배터리,850760,중국,15727842,490576
2024-05,리튬이온 배터리,850760,카자흐스탄,1830,15
2024-05,리튬이온 배터리,850760,캐나다,1346644,30541
2024-05,리튬이온 배터리,850760,태국,48443,1639
2024-05,리튬이온 배터리,850760,튀르키예,292340,6743
2024-05,리튬이온 배터리,850760,폴란드,11057316,146049
2024-05,리튬이온 배터리,850760,필리핀,837959,27289
2024-05,리튬이온 배터리,850760,호주,9493046,256219
2024-05,리튬이온 배터리,850760,홍콩,3067796,16154
2024-05,메모리 반도체,854232,네덜란드,4740228,285
2024-05,메모리 반도체,854232,대만,913864900,24462
2024-05,메모리 반도체,854232,독일,8245717,467
2024-05,메모리 반도체,854232,말레이시아,17099703,2590
2024-05,메모리 반도체,854232,멕시코,6541545,589
2024-05,메모리 반도체,854232,미국,18985057,1365
2024-05,메모리 반도체,854232,베트남,547696522,33997
2024-05,메모리 반도체,854232,싱가포르,22441904,2874
2024-05,메모리 반도체,854232,영국,77235,7
2024-05,메모리 반도체,854232,인도,90802963,3932
2024-05,메모리 반도체,854232,인도네시아,12798126,1022
2024-05,메모리 반도체,854232,일본,41851183,2001
2024-05,메모리 반도체,854232,전체,5714466095,258459
2024-05,메모리 반도체,854232,중국,2403952931,110564
2024-05,메모리 반도체,854232,캐나다,6042879,71
2024-05,메모리 반도체,854232,태국,27574353,2431
2024-05,메모리 반도체,854232,튀르키예,4933286,206
2024-05,메모리 반도체,854232,폴란드,3944693,916
2024-05,메모리 반도체,854232,필리핀,137786510,8456
2024-05,메모리 반도체,854232,호주,15,0
2024-05,메모리 반도체,854232,홍콩,1387489720,57961
2024-05,바이오의약품·톡신,3002,네덜란드,12032989,2836
2024-05,바이오의약품·톡신,3002,대만,395259,502
2024-05,바이오의약품·톡신,3002,독일,37095376,3971
2024-05,바이오의약품·톡신,3002,러시아,68307,153
2024-05,바이오의약품·톡신,3002,말레이시아,1521844,24355
2024-05,바이오의약품·톡신,3002,멕시코,490406,1460
2024-05,바이오의약품·톡신,3002,미국,133910107,24415
2024-05,바이오의약품·톡신,3002,베트남,3818360,14048
2024-05,바이오의약품·톡신,3002,사우디아라비아,2978734,1653
2024-05,바이오의약품·톡신,3002,싱가포르,454531,984
2024-05,바이오의약품·톡신,3002,아랍에미리트,262387,5464
2024-05,바이오의약품·톡신,3002,영국,263546,229
2024-05,바이오의약품·톡신,3002,인도,2160977,8337
2024-05,바이오의약품·톡신,3002,인도네시아,351097,1896
2024-05,바이오의약품·톡신,3002,일본,13639818,10545
2024-05,바이오의약품·톡신,3002,전체,560386050,335304
2024-05,바이오의약품·톡신,3002,중국,9930899,24912
2024-05,바이오의약품·톡신,3002,카자흐스탄,1134408,3542
2024-05,바이오의약품·톡신,3002,캐나다,5286479,4881
2024-05,바이오의약품·톡신,3002,태국,4136816,7842
2024-05,바이오의약품·톡신,3002,튀르키예,34510573,9882
2024-05,바이오의약품·톡신,3002,폴란드,24909,71
2024-05,바이오의약품·톡신,3002,필리핀,2247635,10107
2024-05,바이오의약품·톡신,3002,호주,2036092,1709
2024-05,바이오의약품·톡신,3002,홍콩,2183746,4460
2024-05,반도체 장비,8486,네덜란드,36896404,35878
2024-05,반도체 장비,8486,대만,78106341,339016
2024-05,반도체 장비,8486,독일,1683230,2936
2024-05,반도체 장비,8486,말레이시아,6297542,37530
2024-05,반도체 장비,8486,멕시코,46323,1140
2024-05,반도체 장비,8486,미국,68579503,879464
2024-05,반도체 장비,8486,베트남,37585677,446064
2024-05,반도체 장비,8486,사우디아라비아,47220,416
2024-05,반도체 장비,8486,싱가포르,49488393,255133
2024-05,반도체 장비,8486,아랍에미리트,304,1
2024-05,반도체 장비,8486,영국,1286080,5241
2024-05,반도체 장비,8486,인도,48959,133
2024-05,반도체 장비,8486,인도네시아,40962,176
2024-05,반도체 장비,8486,일본,35068458,185849
2024-05,반도체 장비,8486,전체,718726763,6478105
2024-05,반도체 장비,8486,중국,385352432,4148490
2024-05,반도체 장비,8486,캐나다,33459,79
2024-05,반도체 장비,8486,태국,811068,7208
2024-05,반도체 장비,8486,튀르키예,130322,600
2024-05,반도체 장비,8486,폴란드,114473,1606
2024-05,반도체 장비,8486,필리핀,2277227,13654
2024-05,반도체 장비,8486,호주,559,2
2024-05,반도체 장비,8486,홍콩,948323,4498
2024-05,변압기·전력변환기,8504,네덜란드,19000768,1225642
2024-05,변압기·전력변환기,8504,대만,3710006,232219
2024-05,변압기·전력변환기,8504,독일,2090769,23180
2024-05,변압기·전력변환기,8504,러시아,2516,17
2024-05,변압기·전력변환기,8504,말레이시아,8444704,447451
2024-05,변압기·전력변환기,8504,멕시코,2553049,95857
2024-05,변압기·전력변환기,8504,미국,138385472,10664492
2024-05,변압기·전력변환기,8504,베트남,28018767,768457
2024-05,변압기·전력변환기,8504,사우디아라비아,15976556,958625
2024-05,변압기·전력변환기,8504,싱가포르,1975923,99773
2024-05,변압기·전력변환기,8504,아랍에미리트,5912811,356009
2024-05,변압기·전력변환기,8504,영국,3325635,178650
2024-05,변압기·전력변환기,8504,인도,7781576,484961
2024-05,변압기·전력변환기,8504,인도네시아,2112525,67809
2024-05,변압기·전력변환기,8504,일본,5628370,416397
2024-05,변압기·전력변환기,8504,전체,316619404,18492458
2024-05,변압기·전력변환기,8504,중국,29462697,1027759
2024-05,변압기·전력변환기,8504,카자흐스탄,449,11
2024-05,변압기·전력변환기,8504,캐나다,3008356,166664
2024-05,변압기·전력변환기,8504,태국,1837130,100640
2024-05,변압기·전력변환기,8504,튀르키예,1010616,34978
2024-05,변압기·전력변환기,8504,폴란드,2341042,28400
2024-05,변압기·전력변환기,8504,필리핀,3501864,464130
2024-05,변압기·전력변환기,8504,호주,284929,3518
2024-05,변압기·전력변환기,8504,홍콩,1829306,38893
2024-05,선박,8901,독일,166302996,66844000
2024-05,선박,8901,미국,0,0
2024-05,선박,8901,베트남,10650000,11208000
2024-05,선박,8901,싱가포르,312454798,358864400
2024-05,선박,8901,일본,0,0
2024-05,선박,8901,전체,1920038614,903148834
2024-05,선박,8901,중국,100000,345000
2024-05,선박,8901,필리핀,1730000,493000
2024-05,선박,8901,홍콩,5000000,4960000
2024-05,승용차,8703,네덜란드,72565231,4378400
2024-05,승용차,8703,대만,36067673,2633166
2024-05,승용차,8703,독일,83697012,4704673
2024-05,승용차,8703,러시아,41632779,3914848
2024-05,승용차,8703,말레이시아,2580544,125990
2024-05,승용차,8703,멕시코,38787656,2992636
2024-05,승용차,8703,미국,3449025864,229027793
2024-05,승용차,8703,베트남,29466293,2558352
2024-05,승용차,8703,사우디아라비아,156795442,12481897
2024-05,승용차,8703,싱가포르,8592319,622352
2024-05,승용차,8703,아랍에미리트,25118163,4539221
2024-05,승용차,8703,영국,210041484,11608262
2024-05,승용차,8703,인도,806980,36697
2024-05,승용차,8703,인도네시아,4442644,262136
2024-05,승용차,8703,일본,1049303,81660
2024-05,승용차,8703,전체,6292123321,479508574
2024-05,승용차,8703,중국,17944132,409465
2024-05,승용차,8703,카자흐스탄,84906104,6543711
2024-05,승용차,8703,캐나다,511292348,35960644
2024-05,승용차,8703,태국,1446500,56574
2024-05,승용차,8703,튀르키예,73913313,12777193
2024-05,승용차,8703,폴란드,35019630,2304108
2024-05,승용차,8703,필리핀,4571788,324322
2024-05,승용차,8703,호주,307376151,24028852
2024-05,승용차,8703,홍콩,1783771,132513
2024-05,시스템반도체,854231,네덜란드,3571322,1545
2024-05,시스템반도체,854231,대만,238442804,81949
2024-05,시스템반도체,854231,독일,680529,157
2024-05,시스템반도체,854231,말레이시아,68227903,26306
2024-05,시스템반도체,854231,멕시코,9153450,5458
2024-05,시스템반도체,854231,미국,104196504,14032
2024-05,시스템반도체,854231,베트남,546998515,70442
2024-05,시스템반도체,854231,사우디아라비아,4261,4
2024-05,시스템반도체,854231,싱가포르,372533080,53156
2024-05,시스템반도체,854231,아랍에미리트,58658,18
2024-05,시스템반도체,854231,영국,99048,56
2024-05,시스템반도체,854231,인도,129896115,17512
2024-05,시스템반도체,854231,인도네시아,13415914,3437
2024-05,시스템반도체,854231,일본,16078934,5580
2024-05,시스템반도체,854231,전체,3180241849,554018
2024-05,시스템반도체,854231,중국,1245151971,129699
2024-05,시스템반도체,854231,캐나다,137341,20
2024-05,시스템반도체,854231,태국,24787294,9218
2024-05,시스템반도체,854231,튀르키예,1114905,35
2024-05,시스템반도체,854231,폴란드,25821626,12738
2024-05,시스템반도체,854231,필리핀,48232495,34010
2024-05,시스템반도체,854231,호주,2903,6
2024-05,시스템반도체,854231,홍콩,240890398,62395
2024-05,완제의약품,3004,네덜란드,668051,757
2024-05,완제의약품,3004,대만,1392027,37817
2024-05,완제의약품,3004,독일,1721615,11486
2024-05,완제의약품,3004,러시아,363488,552
2024-05,완제의약품,3004,말레이시아,1107830,27559
2024-05,완제의약품,3004,멕시코,2538595,9958
2024-05,완제의약품,3004,미국,2435252,83436
2024-05,완제의약품,3004,베트남,12353493,643605
2024-05,완제의약품,3004,사우디아라비아,215145,2095
2024-05,완제의약품,3004,싱가포르,712058,17295
2024-05,완제의약품,3004,아랍에미리트,1251495,14640
2024-05,완제의약품,3004,영국,1110051,1458
2024-05,완제의약품,3004,인도,419380,73
2024-05,완제의약품,3004,인도네시아,546893,8514
2024-05,완제의약품,3004,일본,9273593,110661
2024-05,완제의약품,3004,전체,71990659,1690579
2024-05,완제의약품,3004,중국,4859747,106792
2024-05,완제의약품,3004,카자흐스탄,327139,5601
2024-05,완제의약품,3004,캐나다,300887,3809
2024-05,완제의약품,3004,태국,4467251,54086
2024-05,완제의약품,3004,튀르키예,672535,2954
2024-05,완제의약품,3004,폴란드,197443,458
2024-05,완제의약품,3004,필리핀,4104240,80275
2024-05,완제의약품,3004,호주,300574,5517
2024-05,완제의약품,3004,홍콩,1288648,18084
2024-05,의료기기,9018,네덜란드,3823920,24630
2024-05,의료기기,9018,대만,6671307,57981
2024-05,의료기기,9018,독일,6527915,44219
2024-05,의료기기,9018,러시아,14016956,84075
2024-05,의료기기,9018,말레이시아,1912775,24237
2024-05,의료기기,9018,멕시코,2526711,41558
2024-05,의료기기,9018,미국,37951162,347180
2024-05,의료기기,9018,베트남,4239757,80772
2024-05,의료기기,9018,사우디아라비아,1982828,33866
2024-05,의료기기,9018,싱가포르,4632692,20934
2024-05,의료기기,9018,아랍에미리트,4571154,74049
2024-05,의료기기,9018,영국,1907491,16943
2024-05,의료기기,9018,인도,8882211,92021
2024-05,의료기기,9018,인도네시아,2976320,48446
2024-05,의료기기,9018,일본,16066212,105389
2024-05,의료기기,9018,전체,218526870,1845738
2024-05,의료기기,9018,중국,16920001,104406
2024-05,의료기기,9018,카자흐스탄,1881103,36781
2024-05,의료기기,9018,캐나다,1701001,7102
2024-05,의료기기,9018,태국,6464287,40292
2024-05,의료기기,9018,튀르키예,2848788,17804
2024-05,의료기기,9018,폴란드,4377522,18429
2024-05,의료기기,9018,필리핀,2205052,65377
2024-05,의료기기,9018,호주,3046612,25700
2024-05,의료기기,9018,홍콩,1876552,10672
2024-05,전선·케이블,8544,네덜란드,1058438,59829
2024-05,전선·케이블,8544,대만,4653756,394199
2024-05,전선·케이블,8544,독일,1651012,99999
2024-05,전선·케이블,8544,러시아,174528,15907
2024-05,전선·케이블,8544,말레이시아,3452245,335814
2024-05,전선·케이블,8544,멕시코,21615251,1206207
2024-05,전선·케이블,8544,미국,76563554,9055476
2024-05,전선·케이블,8544,베트남,40352146,2753962
2024-05,전선·케이블,8544,사우디아라비아,142599,6535
2024-05,전선·케이블,8544,싱가포르,11818597,1220812
2024-05,전선·케이블,8544,아랍에미리트,673549,59584
2024-05,전선·케이블,8544,영국,926617,17779
2024-05,전선·케이블,8544,인도,5705396,238918
2024-05,전선·케이블,8544,인도네시아,4655806,330285
2024-05,전선·케이블,8544,일본,13335282,1468138
2024-05,전선·케이블,8544,전체,376509930,33461486
2024-05,전선·케이블,8544,중국,49937092,3325700
2024-05,전선·케이블,8544,카자흐스탄,700107,29853
2024-05,전선·케이블,8544,캐나다,4832997,246740
2024-05,전선·케이블,8544,태국,3384807,312004
2024-05,전선·케이블,8544,튀르키예,2811037,188186
2024-05,전선·케이블,8544,폴란드,6547776,624367
2024-05,전선·케이블,8544,필리핀,16254760,1502917
2024-05,전선·케이블,8544,호주,10595221,1063610
2024-05,전선·케이블,8544,홍콩,4050090,881463
2024-05,태양광 모듈,854143,네덜란드,34840,70
2024-05,태양광 모듈,854143,대만,7072,9568
2024-05,태양광 모듈,854143,독일,3433,498
2024-05,태양광 모듈,854143,미국,1128967,219447
2024-05,태양광 모듈,854143,싱가포르,0,0
2024-05,태양광 모듈,854143,아랍에미리트,233125,89252
2024-05,태양광 모듈,854143,인도네시아,0,0
2024-05,태양광 모듈,854143,일본,153158,33034
2024-05,태양광 모듈,854143,전체,1938905,513370
2024-05,태양광 모듈,854143,중국,66130,74041
2024-05,태양광 모듈,854143,캐나다,0,0
2024-05,태양광 모듈,854143,필리핀,3169,1035
2024-05,화장품,3304,네덜란드,5519650,183780
2024-05,화장품,3304,대만,17566708,1053532
2024-05,화장품,3304,독일,5106379,180301
2024-05,화장품,3304,러시아,31605980,1100038
2024-05,화장품,3304,말레이시아,9723507,437397
2024-05,화장품,3304,멕시코,1605671,28340
2024-05,화장품,3304,미국,138922727,4813615
2024-05,화장품,3304,베트남,37637666,1111991
2024-05,화장품,3304,사우디아라비아,4576237,127130
2024-05,화장품,3304,싱가포르,8732976,269280
2024-05,화장품,3304,아랍에미리트,11803212,224020
2024-05,화장품,3304,영국,10046161,236053
2024-05,화장품,3304,인도,4389366,204431
2024-05,화장품,3304,인도네시아,7420733,246207
2024-05,화장품,3304,일본,63789409,1796434
2024-05,화장품,3304,전체,737681123,23449573
2024-05,화장품,3304,중국,201840273,5947861
2024-05,화장품,3304,카자흐스탄,8293190,231399
2024-05,화장품,3304,캐나다,10530397,346601
2024-05,화장품,3304,태국,15435538,456824
2024-05,화장품,3304,튀르키예,5317884,103162
2024-05,화장품,3304,폴란드,8852785,285071
2024-05,화장품,3304,필리핀,7311771,437555
2024-05,화장품,3304,호주,7857535,365626
2024-05,화장품,3304,홍콩,39276139,815788
2024-06,라면,190230,네덜란드,10764481,2417719
2024-06,라면,190230,대만,3586671,1022857
2024-06,라면,190230,독일,3659971,996986
2024-06,라면,190230,러시아,2190072,490284
2024-06,라면,190230,말레이시아,3123397,733131
2024-06,라면,190230,멕시코,607681,120196
2024-06,라면,190230,미국,22620249,4736248
2024-06,라면,190230,베트남,1803766,531601
2024-06,라면,190230,사우디아라비아,693821,153149
2024-06,라면,190230,싱가포르,787409,185114
2024-06,라면,190230,아랍에미리트,1477681,340274
2024-06,라면,190230,영국,5469669,1155368
2024-06,라면,190230,인도,1260583,291367
2024-06,라면,190230,인도네시아,968688,248428
2024-06,라면,190230,일본,4630634,1542118
2024-06,라면,190230,전체,114515962,29073679
2024-06,라면,190230,중국,23387351,6650261
2024-06,라면,190230,카자흐스탄,1181527,257823
2024-06,라면,190230,캐나다,2509048,778239
2024-06,라면,190230,태국,3505747,871453
2024-06,라면,190230,튀르키예,4300,1038
2024-06,라면,190230,폴란드,187142,49833
2024-06,라면,190230,필리핀,3858446,1027854
2024-06,라면,190230,호주,4981362,1448640
2024-06,라면,190230,홍콩,922669,357660
2024-06,리튬이온 배터리,850760,네덜란드,124711,818
2024-06,리튬이온 배터리,850760,대만,13855174,554647
2024-06,리튬이온 배터리,850760,독일,11509387,266734
2024-06,리튬이온 배터리,850760,러시아,1,1
2024-06,리튬이온 배터리,850760,말레이시아,107191,845
2024-06,리튬이온 배터리,850760,멕시코,67447,1232
2024-06,리튬이온 배터리,850760,미국,333269374,14666206
2024-06,리튬이온 배터리,850760,베트남,10973719,139288
2024-06,리튬이온 배터리,850760,싱가포르,228966,4811
2024-06,리튬이온 배터리,850760,아랍에미리트,110125,1353
2024-06,리튬이온 배터리,850760,영국,1108697,7287
2024-06,리튬이온 배터리,850760,인도,16943639,689335
2024-06,리튬이온 배터리,850760,인도네시아,28705,416
2024-06,리튬이온 배터리,850760,일본,17220163,352251
2024-06,리튬이온 배터리,850760,전체,528688324,20453366
2024-06,리튬이온 배터리,850760,중국,20514351,467533
2024-06,리튬이온 배터리,850760,카자흐스탄,1190,16
2024-06,리튬이온 배터리,850760,캐나다,3901370,94775
2024-06,리튬이온 배터리,850760,태국,35515,290
2024-06,리튬이온 배터리,850760,튀르키예,226007,7668
2024-06,리튬이온 배터리,850760,폴란드,4444568,71176
2024-06,리튬이온 배터리,850760,필리핀,1428833,47908
2024-06,리튬이온 배터리,850760,호주,1186690,36593
2024-06,리튬이온 배터리,850760,홍콩,4693265,63204
2024-06,메모리 반도체,854232,네덜란드,6019504,380
2024-06,메모리 반도체,854232,대만,1195098472,27210
2024-06,메모리 반도체,854232,독일,25101363,1338
2024-06,메모리 반도체,854232,말레이시아,54913074,3249
2024-06,메모리 반도체,854232,멕시코,4905876,526
2024-06,메모리 반도체,854232,미국,33447595,1757
2024-06,메모리 반도체,854232,베트남,896785897,53112
2024-06,메모리 반도체,854232,싱가포르,37712731,2563
2024-06,메모리 반도체,854232,영국,1364620,104
2024-06,메모리 반도체,854232,인도,141206402,4307
2024-06,메모리 반도체,854232,인도네시아,18770274,715
2024-06,메모리 반도체,854232,일본,68828072,3327
2024-06,메모리 반도체,854232,전체,7055050042,324632
2024-06,메모리 반도체,854232,중국,2528658960,129418
2024-06,메모리 반도체,854232,캐나다,2042232,50
2024-06,메모리 반도체,854232,태국,16387809,2435
2024-06,메모리 반도체,854232,튀르키예,3916311,148
2024-06,메모리 반도체,854232,폴란드,2338107,724
2024-06,메모리 반도체,854232,필리핀,89141011,5814
2024-06,메모리 반도체,854232,호주,18,0
2024-06,메모리 반도체,854232,홍콩,1852785663,83517
2024-06,바이오의약품·톡신,3002,네덜란드,3328656,2097
2024-06,바이오의약품·톡신,3002,대만,3231346,3906
2024-06,바이오의약품·톡신,3002,독일,40235291,4058
2024-06,바이오의약품·톡신,3002,러시아,708877,2082
2024-06,바이오의약품·톡신,3002,말레이시아,592896,5604
2024-06,바이오의약품·톡신,3002,멕시코,606949,2041
2024-06,바이오의약품·톡신,3002,미국,147666218,57691
2024-06,바이오의약품·톡신,3002,베트남,2671675,17778
2024-06,바이오의약품·톡신,3002,사우디아라비아,3341418,3447
2024-06,바이오의약품·톡신,3002,싱가포르,832929,731
2024-06,바이오의약품·톡신,3002,아랍에미리트,74741,3119
2024-06,바이오의약품·톡신,3002,영국,243915,224
2024-06,바이오의약품·톡신,3002,인도,1549862,7605
2024-06,바이오의약품·톡신,3002,인도네시아,315037,1648
2024-06,바이오의약품·톡신,3002,일본,21369419,12347
2024-06,바이오의약품·톡신,3002,전체,508437276,380035
2024-06,바이오의약품·톡신,3002,중국,8603304,23608
2024-06,바이오의약품·톡신,3002,카자흐스탄,441037,825
2024-06,바이오의약품·톡신,3002,캐나다,1789937,1999
2024-06,바이오의약품·톡신,3002,태국,4729077,18749
2024-06,바이오의약품·톡신,3002,튀르키예,3132344,2454
2024-06,바이오의약품·톡신,3002,폴란드,169569,130
2024-06,바이오의약품·톡신,3002,필리핀,2131760,11616
2024-06,바이오의약품·톡신,3002,호주,2699833,2934
2024-06,바이오의약품·톡신,3002,홍콩,1006471,2784
2024-06,반도체 장비,8486,네덜란드,54571410,31103
2024-06,반도체 장비,8486,대만,112825260,405785
2024-06,반도체 장비,8486,독일,2423088,6425
2024-06,반도체 장비,8486,말레이시아,15722295,82093
2024-06,반도체 장비,8486,멕시코,163842,381
2024-06,반도체 장비,8486,미국,100603716,1766029
2024-06,반도체 장비,8486,베트남,16482401,153229
2024-06,반도체 장비,8486,사우디아라비아,2454,21
2024-06,반도체 장비,8486,싱가포르,59119589,321526
2024-06,반도체 장비,8486,아랍에미리트,16888,11
2024-06,반도체 장비,8486,영국,4388487,13421
2024-06,반도체 장비,8486,인도,32229,160
2024-06,반도체 장비,8486,인도네시아,29202,127
2024-06,반도체 장비,8486,일본,33487626,202983
2024-06,반도체 장비,8486,전체,847253023,7032890
2024-06,반도체 장비,8486,중국,429338192,3992884
2024-06,반도체 장비,8486,캐나다,7926,91
2024-06,반도체 장비,8486,태국,457472,692
2024-06,반도체 장비,8486,폴란드,1673,8
2024-06,반도체 장비,8486,필리핀,1921638,11346
2024-06,반도체 장비,8486,호주,1018,3
2024-06,반도체 장비,8486,홍콩,1115060,2921
2024-06,변압기·전력변환기,8504,네덜란드,3063917,56987
2024-06,변압기·전력변환기,8504,대만,4581482,465431
2024-06,변압기·전력변환기,8504,독일,1881208,21612
2024-06,변압기·전력변환기,8504,러시아,79538,5455
2024-06,변압기·전력변환기,8504,말레이시아,1546117,64773
2024-06,변압기·전력변환기,8504,멕시코,3209874,97586
2024-06,변압기·전력변환기,8504,미국,181251430,12962459
2024-06,변압기·전력변환기,8504,베트남,26394667,732051
2024-06,변압기·전력변환기,8504,사우디아라비아,13677430,648604
2024-06,변압기·전력변환기,8504,싱가포르,10604652,904081
2024-06,변압기·전력변환기,8504,아랍에미리트,2805478,172255
2024-06,변압기·전력변환기,8504,영국,7145329,534940
2024-06,변압기·전력변환기,8504,인도,9511576,830299
2024-06,변압기·전력변환기,8504,인도네시아,1671597,79775
2024-06,변압기·전력변환기,8504,일본,5214339,346241
2024-06,변압기·전력변환기,8504,전체,355086250,21703182
2024-06,변압기·전력변환기,8504,중국,25988395,798127
2024-06,변압기·전력변환기,8504,카자흐스탄,36851,575
2024-06,변압기·전력변환기,8504,캐나다,8615496,623892
2024-06,변압기·전력변환기,8504,태국,1542636,69020
2024-06,변압기·전력변환기,8504,튀르키예,855767,24651
2024-06,변압기·전력변환기,8504,폴란드,2771168,36755
2024-06,변압기·전력변환기,8504,필리핀,2712213,349080
2024-06,변압기·전력변환기,8504,호주,244157,4412
2024-06,변압기·전력변환기,8504,홍콩,1540032,12963
2024-06,선박,8901,베트남,0,0
2024-06,선박,8901,싱가포르,255513165,300920600
2024-06,선박,8901,일본,0,0
2024-06,선박,8901,전체,1365008593,746825700
2024-06,선박,8901,홍콩,25200000,10179000
2024-06,승용차,8703,네덜란드,47886097,2977552
2024-06,승용차,8703,대만,38148590,2753575
2024-06,승용차,8703,독일,63714938,3699325
2024-06,승용차,8703,러시아,46204378,4288114
2024-06,승용차,8703,말레이시아,1942957,90670
2024-06,승용차,8703,멕시코,24338249,1730882
2024-06,승용차,8703,미국,3197549417,215934855
2024-06,승용차,8703,베트남,24701831,2104472
2024-06,승용차,8703,사우디아라비아,152417239,12221523
2024-06,승용차,8703,싱가포르,9355393,649417
2024-06,승용차,8703,아랍에미리트,42137451,5437955
2024-06,승용차,8703,영국,228342540,12665496
2024-06,승용차,8703,인도,1312195,53593
2024-06,승용차,8703,인도네시아,10282884,662110
2024-06,승용차,8703,일본,3763129,277576
2024-06,승용차,8703,전체,6018508791,452721938
2024-06,승용차,8703,중국,21573344,591882
2024-06,승용차,8703,카자흐스탄,82895557,6131644
2024-06,승용차,8703,캐나다,479909529,34059676
2024-06,승용차,8703,태국,855010,42650
2024-06,승용차,8703,튀르키예,54680607,6214222
2024-06,승용차,8703,폴란드,35024140,2408488
2024-06,승용차,8703,필리핀,9454029,739139
2024-06,승용차,8703,호주,327325806,26236999
2024-06,승용차,8703,홍콩,159991,10171
2024-06,시스템반도체,854231,네덜란드,3209258,1192
2024-06,시스템반도체,854231,대만,212200187,83134
2024-06,시스템반도체,854231,독일,3663125,1507
2024-06,시스템반도체,854231,말레이시아,74035957,26494
2024-06,시스템반도체,854231,멕시코,9233505,6989
2024-06,시스템반도체,854231,미국,62414026,16138
2024-06,시스템반도체,854231,베트남,503280143,67150
2024-06,시스템반도체,854231,싱가포르,373948336,51226
2024-06,시스템반도체,854231,아랍에미리트,44062,7
2024-06,시스템반도체,854231,영국,106903,125
2024-06,시스템반도체,854231,인도,86807989,16597
2024-06,시스템반도체,854231,인도네시아,10752275,3315
2024-06,시스템반도체,854231,일본,17634914,7866
2024-06,시스템반도체,854231,전체,2860691214,534897
2024-06,시스템반도체,854231,중국,995713050,114893
2024-06,시스템반도체,854231,캐나다,19466,11
2024-06,시스템반도체,854231,태국,19164368,11643
2024-06,시스템반도체,854231,튀르키예,1282576,59
2024-06,시스템반도체,854231,폴란드,28928514,14085
2024-06,시스템반도체,854231,필리핀,43537566,29530
2024-06,시스템반도체,854231,호주,250124,82
2024-06,시스템반도체,854231,홍콩,336237468,63125
2024-06,완제의약품,3004,네덜란드,533510,2385
2024-06,완제의약품,3004,대만,2065315,22641
2024-06,완제의약품,3004,독일,856883,8527
2024-06,완제의약품,3004,러시아,1644197,1463
2024-06,완제의약품,3004,말레이시아,1126148,12572
2024-06,완제의약품,3004,멕시코,1874921,18523
2024-06,완제의약품,3004,미국,2045127,37732
2024-06,완제의약품,3004,베트남,14341201,646269
2024-06,완제의약품,3004,사우디아라비아,92412,173
2024-06,완제의약품,3004,싱가포르,752713,7679
2024-06,완제의약품,3004,아랍에미리트,2071478,10974
2024-06,완제의약품,3004,영국,786001,1186
2024-06,완제의약품,3004,인도,296731,260
2024-06,완제의약품,3004,인도네시아,897630,10804
2024-06,완제의약품,3004,일본,7850319,95015
2024-06,완제의약품,3004,전체,71374245,1587339
2024-06,완제의약품,3004,중국,4178645,114456
2024-06,완제의약품,3004,카자흐스탄,305031,5085
2024-06,완제의약품,3004,캐나다,250,5
2024-06,완제의약품,3004,태국,4045133,34870
2024-06,완제의약품,3004,튀르키예,393744,2977
2024-06,완제의약품,3004,폴란드,241748,727
2024-06,완제의약품,3004,필리핀,2890894,57061
2024-06,완제의약품,3004,호주,189312,2117
2024-06,완제의약품,3004,홍콩,1477194,5696
2024-06,의료기기,9018,네덜란드,6560174,35767
2024-06,의료기기,9018,대만,6513309,48211
2024-06,의료기기,9018,독일,6317633,29340
2024-06,의료기기,9018,러시아,9435417,41213
2024-06,의료기기,9018,말레이시아,1887789,24938
2024-06,의료기기,9018,멕시코,2799845,28088
2024-06,의료기기,9018,미국,46590794,531390
2024-06,의료기기,9018,베트남,6081186,152301
2024-06,의료기기,9018,사우디아라비아,1219399,24797
2024-06,의료기기,9018,싱가포르,3805895,14533
2024-06,의료기기,9018,아랍에미리트,4755107,25446
2024-06,의료기기,9018,영국,3222317,21902
2024-06,의료기기,9018,인도,12565351,297506
2024-06,의료기기,9018,인도네시아,4462300,23348
2024-06,의료기기,9018,일본,16613146,106894
2024-06,의료기기,9018,전체,219395432,2126436
2024-06,의료기기,9018,중국,12424621,104550
2024-06,의료기기,9018,카자흐스탄,1082824,3420
2024-06,의료기기,9018,캐나다,2349631,20004
2024-06,의료기기,9018,태국,6200264,39017
2024-06,의료기기,9018,튀르키예,1164989,4798
2024-06,의료기기,9018,폴란드,3199728,12417
2024-06,의료기기,9018,필리핀,1999258,52669
2024-06,의료기기,9018,호주,2507006,10387
2024-06,의료기기,9018,홍콩,2668299,13109
2024-06,전선·케이블,8544,네덜란드,15213360,886077
2024-06,전선·케이블,8544,대만,45869668,6079426
2024-06,전선·케이블,8544,독일,2718840,145958
2024-06,전선·케이블,8544,러시아,297635,15705
2024-06,전선·케이블,8544,말레이시아,5196679,407036
2024-06,전선·케이블,8544,멕시코,18211521,995560
2024-06,전선·케이블,8544,미국,75246268,8283043
2024-06,전선·케이블,8544,베트남,38706234,2428595
2024-06,전선·케이블,8544,사우디아라비아,720630,53623
2024-06,전선·케이블,8544,싱가포르,5103679,453895
2024-06,전선·케이블,8544,아랍에미리트,3624182,451068
2024-06,전선·케이블,8544,영국,1661326,106668
2024-06,전선·케이블,8544,인도,15215387,904825
2024-06,전선·케이블,8544,인도네시아,3897809,282390
2024-06,전선·케이블,8544,일본,14678396,1436268
2024-06,전선·케이블,8544,전체,396749310,36227349
2024-06,전선·케이블,8544,중국,49602530,3466537
2024-06,전선·케이블,8544,카자흐스탄,458586,20799
2024-06,전선·케이블,8544,캐나다,5660553,329658
2024-06,전선·케이블,8544,태국,3579241,336821
2024-06,전선·케이블,8544,튀르키예,3097982,187359
2024-06,전선·케이블,8544,폴란드,3546343,210053
2024-06,전선·케이블,8544,필리핀,15198603,1374885
2024-06,전선·케이블,8544,호주,7047877,695008
2024-06,전선·케이블,8544,홍콩,7534740,1727890
2024-06,태양광 모듈,854143,네덜란드,34840,70
2024-06,태양광 모듈,854143,대만,0,0
2024-06,태양광 모듈,854143,독일,26960,36
2024-06,태양광 모듈,854143,미국,10609526,2288815
2024-06,태양광 모듈,854143,인도네시아,17271,1761
2024-06,태양광 모듈,854143,일본,95649,19745
2024-06,태양광 모듈,854143,전체,11126354,2430178
2024-06,태양광 모듈,854143,중국,78943,10186
2024-06,태양광 모듈,854143,필리핀,0,0
2024-06,화장품,3304,네덜란드,5984951,188784
2024-06,화장품,3304,대만,13906336,638323
2024-06,화장품,3304,독일,5971157,157411
2024-06,화장품,3304,러시아,28277597,1180731
2024-06,화장품,3304,말레이시아,9097510,293357
2024-06,화장품,3304,멕시코,2370803,36979
2024-06,화장품,3304,미국,125667755,4548002
2024-06,화장품,3304,베트남,31671412,960877
2024-06,화장품,3304,사우디아라비아,5063447,96452
2024-06,화장품,3304,싱가포르,8588318,227135
2024-06,화장품,3304,아랍에미리트,15075336,232732
2024-06,화장품,3304,영국,10636076,263764
2024-06,화장품,3304,인도,6225707,274379
2024-06,화장품,3304,인도네시아,11992639,340257
2024-06,화장품,3304,일본,58207658,1492003
2024-06,화장품,3304,전체,651320866,20206641
2024-06,화장품,3304,중국,138097780,4147302
2024-06,화장품,3304,카자흐스탄,7165589,205345
2024-06,화장품,3304,캐나다,8692423,289678
2024-06,화장품,3304,태국,14419159,402127
2024-06,화장품,3304,튀르키예,5703210,153684
2024-06,화장품,3304,폴란드,10137221,336973
2024-06,화장품,3304,필리핀,5939206,402446
2024-06,화장품,3304,호주,7205213,324934
2024-06,화장품,3304,홍콩,36161473,751926
2024-07,라면,190230,네덜란드,8723440,2068248
2024-07,라면,190230,대만,3129721,866094
2024-07,라면,190230,독일,3184252,793023
2024-07,라면,190230,러시아,2000084,427383
2024-07,라면,190230,말레이시아,4061744,903454
2024-07,라면,190230,멕시코,1201416,254449
2024-07,라면,190230,미국,21297737,4488192
2024-07,라면,190230,베트남,1539678,462509
2024-07,라면,190230,사우디아라비아,1527940,336257
2024-07,라면,190230,싱가포르,937273,223033
2024-07,라면,190230,아랍에미리트,2209651,510280
2024-07,라면,190230,영국,6945825,1452385
2024-07,라면,190230,인도,1378272,334964
2024-07,라면,190230,인도네시아,935839,242981
2024-07,라면,190230,일본,4943319,1744395
2024-07,라면,190230,전체,117990486,30010961
2024-07,라면,190230,중국,24509535,7124307
2024-07,라면,190230,카자흐스탄,1613241,376955
2024-07,라면,190230,캐나다,2689578,766903
2024-07,라면,190230,태국,4062033,973188
2024-07,라면,190230,튀르키예,0,0
2024-07,라면,190230,폴란드,420490,130671
2024-07,라면,190230,필리핀,4465860,1159240
2024-07,라면,190230,호주,4283877,1232082
2024-07,라면,190230,홍콩,1244173,415458
2024-07,리튬이온 배터리,850760,네덜란드,174319,1228
2024-07,리튬이온 배터리,850760,대만,599258,15096
2024-07,리튬이온 배터리,850760,독일,19925615,530457
2024-07,리튬이온 배터리,850760,러시아,57600,198
2024-07,리튬이온 배터리,850760,말레이시아,31334,509
2024-07,리튬이온 배터리,850760,멕시코,27428,499
2024-07,리튬이온 배터리,850760,미국,320321195,15104766
2024-07,리튬이온 배터리,850760,베트남,13084871,189474
2024-07,리튬이온 배터리,850760,사우디아라비아,46137,165
2024-07,리튬이온 배터리,850760,싱가포르,99221,2940
2024-07,리튬이온 배터리,850760,아랍에미리트,1140289,34013
2024-07,리튬이온 배터리,850760,영국,897929,42686
2024-07,리튬이온 배터리,850760,인도,22942861,906982
2024-07,리튬이온 배터리,850760,인도네시아,14847,288
2024-07,리튬이온 배터리,850760,일본,21819675,419927
2024-07,리튬이온 배터리,850760,전체,490938246,19493927
2024-07,리튬이온 배터리,850760,중국,20896224,547640
2024-07,리튬이온 배터리,850760,카자흐스탄,376,7
2024-07,리튬이온 배터리,850760,캐나다,46395,701
2024-07,리튬이온 배터리,850760,태국,53110,815
2024-07,리튬이온 배터리,850760,튀르키예,51054,232
2024-07,리튬이온 배터리,850760,폴란드,6296737,63171
2024-07,리튬이온 배터리,850760,필리핀,2690513,88188
2024-07,리튬이온 배터리,850760,호주,6285765,149675
2024-07,리튬이온 배터리,850760,홍콩,1720924,5000
2024-07,메모리 반도체,854232,네덜란드,7954509,417
2024-07,메모리 반도체,854232,대만,1319525307,21385
2024-07,메모리 반도체,854232,독일,10415401,448
2024-07,메모리 반도체,854232,말레이시아,15785328,1134
2024-07,메모리 반도체,854232,멕시코,8259109,913
2024-07,메모리 반도체,854232,미국,28074144,960
2024-07,메모리 반도체,854232,베트남,594300362,40397
2024-07,메모리 반도체,854232,싱가포르,19187866,1460
2024-07,메모리 반도체,854232,영국,26546,5
2024-07,메모리 반도체,854232,인도,81363917,3613
2024-07,메모리 반도체,854232,인도네시아,18349739,880
2024-07,메모리 반도체,854232,일본,22888829,1374
2024-07,메모리 반도체,854232,전체,5804491763,253090
2024-07,메모리 반도체,854232,중국,2320921664,95791
2024-07,메모리 반도체,854232,캐나다,4920643,128
2024-07,메모리 반도체,854232,태국,18822645,1682
2024-07,메모리 반도체,854232,튀르키예,5275467,224
2024-07,메모리 반도체,854232,폴란드,3084822,1054
2024-07,메모리 반도체,854232,필리핀,93416057,5138
2024-07,메모리 반도체,854232,호주,0,0
2024-07,메모리 반도체,854232,홍콩,1176975403,71226
2024-07,바이오의약품·톡신,3002,네덜란드,16127492,1584
2024-07,바이오의약품·톡신,3002,대만,387193,399
2024-07,바이오의약품·톡신,3002,독일,49849040,3749
2024-07,바이오의약품·톡신,3002,러시아,120717,627
2024-07,바이오의약품·톡신,3002,말레이시아,192736,10905
2024-07,바이오의약품·톡신,3002,멕시코,371670,1798
2024-07,바이오의약품·톡신,3002,미국,61092860,14577
2024-07,바이오의약품·톡신,3002,베트남,2497572,11055
2024-07,바이오의약품·톡신,3002,사우디아라비아,520276,3113
2024-07,바이오의약품·톡신,3002,싱가포르,510724,251
2024-07,바이오의약품·톡신,3002,아랍에미리트,253758,20494
2024-07,바이오의약품·톡신,3002,영국,266896,180
2024-07,바이오의약품·톡신,3002,인도,1288188,8240
2024-07,바이오의약품·톡신,3002,인도네시아,441260,4237
2024-07,바이오의약품·톡신,3002,일본,6153388,5939
2024-07,바이오의약품·톡신,3002,전체,526225461,328205
2024-07,바이오의약품·톡신,3002,중국,6344224,13604
2024-07,바이오의약품·톡신,3002,카자흐스탄,306843,351
2024-07,바이오의약품·톡신,3002,캐나다,217019,154
2024-07,바이오의약품·톡신,3002,태국,1982867,2384
2024-07,바이오의약품·톡신,3002,튀르키예,43649161,7352
2024-07,바이오의약품·톡신,3002,폴란드,870820,12365
2024-07,바이오의약품·톡신,3002,필리핀,1531389,8824
2024-07,바이오의약품·톡신,3002,호주,7559734,2844
2024-07,바이오의약품·톡신,3002,홍콩,1344145,2209
2024-07,반도체 장비,8486,네덜란드,38014618,32571
2024-07,반도체 장비,8486,대만,101543229,579672
2024-07,반도체 장비,8486,독일,4402528,17176
2024-07,반도체 장비,8486,말레이시아,8675661,59665
2024-07,반도체 장비,8486,멕시코,299439,4598
2024-07,반도체 장비,8486,미국,131809985,1612661
2024-07,반도체 장비,8486,베트남,13966996,202048
2024-07,반도체 장비,8486,사우디아라비아,158,0
2024-07,반도체 장비,8486,싱가포르,53877362,310440
2024-07,반도체 장비,8486,아랍에미리트,53487,18
2024-07,반도체 장비,8486,영국,2392485,10055
2024-07,반도체 장비,8486,인도,610383,5030
2024-07,반도체 장비,8486,인도네시아,28684,118
2024-07,반도체 장비,8486,일본,38404309,169105
2024-07,반도체 장비,8486,전체,774343286,6684871
2024-07,반도체 장비,8486,중국,368659421,3641889
2024-07,반도체 장비,8486,캐나다,56121,662
2024-07,반도체 장비,8486,태국,1063628,8981
2024-07,반도체 장비,8486,폴란드,72,1
2024-07,반도체 장비,8486,필리핀,1617983,8022
2024-07,반도체 장비,8486,호주,2184,4
2024-07,반도체 장비,8486,홍콩,1969011,5044
2024-07,변압기·전력변환기,8504,네덜란드,3578541,68230
2024-07,변압기·전력변환기,8504,대만,3079014,202923
2024-07,변압기·전력변환기,8504,독일,2405927,39863
2024-07,변압기·전력변환기,8504,러시아,2059,30
2024-07,변압기·전력변환기,8504,말레이시아,1065101,34494
2024-07,변압기·전력변환기,8504,멕시코,3031421,99835
2024-07,변압기·전력변환기,8504,미국,135093909,10578550
2024-07,변압기·전력변환기,8504,베트남,27416356,730143
2024-07,변압기·전력변환기,8504,사우디아라비아,16950222,968473
2024-07,변압기·전력변환기,8504,싱가포르,2891137,272988
2024-07,변압기·전력변환기,8504,아랍에미리트,3317653,188001
2024-07,변압기·전력변환기,8504,영국,10304994,701192
2024-07,변압기·전력변환기,8504,인도,9401502,847469
2024-07,변압기·전력변환기,8504,인도네시아,1777549,94718
2024-07,변압기·전력변환기,8504,일본,6788572,466014
2024-07,변압기·전력변환기,8504,전체,311337347,18800567
2024-07,변압기·전력변환기,8504,중국,27437644,1028826
2024-07,변압기·전력변환기,8504,카자흐스탄,43899,1800
2024-07,변압기·전력변환기,8504,캐나다,6653176,374543
2024-07,변압기·전력변환기,8504,태국,1990373,103216
2024-07,변압기·전력변환기,8504,튀르키예,833549,15730
2024-07,변압기·전력변환기,8504,폴란드,2617616,30278
2024-07,변압기·전력변환기,8504,필리핀,3351780,398204
2024-07,변압기·전력변환기,8504,호주,525181,53371
2024-07,변압기·전력변환기,8504,홍콩,2061838,45329
2024-07,선박,8901,싱가포르,176190789,169953800
2024-07,선박,8901,아랍에미리트,21714000,107324000
2024-07,선박,8901,인도네시아,40401489,6681000
2024-07,선박,8901,일본,0,0
2024-07,선박,8901,전체,937818119,537202200
2024-07,선박,8901,중국,6038000,15478000
2024-07,선박,8901,필리핀,9650000,2398000
2024-07,승용차,8703,네덜란드,31486034,2032023
2024-07,승용차,8703,대만,41141826,3039737
2024-07,승용차,8703,독일,71557091,4448454
2024-07,승용차,8703,러시아,57613890,5303151
2024-07,승용차,8703,말레이시아,596065,22797
2024-07,승용차,8703,멕시코,26837576,2061415
2024-07,승용차,8703,미국,2438024764,158708330
2024-07,승용차,8703,베트남,12713245,1065908
2024-07,승용차,8703,사우디아라비아,138398441,11944225
2024-07,승용차,8703,싱가포르,7449992,532381
2024-07,승용차,8703,아랍에미리트,36632346,5269864
2024-07,승용차,8703,영국,203862523,11368647
2024-07,승용차,8703,인도,693118,36199
2024-07,승용차,8703,인도네시아,17027379,968116
2024-07,승용차,8703,일본,1682577,121496
2024-07,승용차,8703,전체,5168202756,396785037
2024-07,승용차,8703,중국,14809111,441737
2024-07,승용차,8703,카자흐스탄,97969126,7204195
2024-07,승용차,8703,캐나다,530071436,36022876
2024-07,승용차,8703,태국,326938,16107
2024-07,승용차,8703,튀르키예,23744262,3858093
2024-07,승용차,8703,폴란드,35571353,2523658
2024-07,승용차,8703,필리핀,10398663,799435
2024-07,승용차,8703,호주,264204055,21000305
2024-07,승용차,8703,홍콩,647404,35185
2024-07,시스템반도체,854231,네덜란드,4730738,1730
2024-07,시스템반도체,854231,대만,245233678,80224
2024-07,시스템반도체,854231,독일,569348,227
2024-07,시스템반도체,854231,말레이시아,82223670,33017
2024-07,시스템반도체,854231,멕시코,8405196,7261
2024-07,시스템반도체,854231,미국,85339676,14356
2024-07,시스템반도체,854231,베트남,525695617,74620
2024-07,시스템반도체,854231,싱가포르,235380376,52656
2024-07,시스템반도체,854231,아랍에미리트,43032,8
2024-07,시스템반도체,854231,영국,116770,99
2024-07,시스템반도체,854231,인도,107838895,17200
2024-07,시스템반도체,854231,인도네시아,18984593,2887
2024-07,시스템반도체,854231,일본,14346668,5327
2024-07,시스템반도체,854231,전체,3012996035,571667
2024-07,시스템반도체,854231,중국,1165674127,133880
2024-07,시스템반도체,854231,캐나다,32164,12
2024-07,시스템반도체,854231,태국,30309074,10470
2024-07,시스템반도체,854231,튀르키예,801570,36
2024-07,시스템반도체,854231,폴란드,23748190,13811
2024-07,시스템반도체,854231,필리핀,53458670,36740
2024-07,시스템반도체,854231,호주,8706,4
2024-07,시스템반도체,854231,홍콩,301019838,65281
2024-07,완제의약품,3004,네덜란드,1801336,2126
2024-07,완제의약품,3004,대만,794307,153252
2024-07,완제의약품,3004,독일,1168417,7820
2024-07,완제의약품,3004,러시아,421377,3994
2024-07,완제의약품,3004,말레이시아,1482052,25056
2024-07,완제의약품,3004,멕시코,3027626,16490
2024-07,완제의약품,3004,미국,1939349,68485
2024-07,완제의약품,3004,베트남,11329755,617839
2024-07,완제의약품,3004,사우디아라비아,967553,46250
2024-07,완제의약품,3004,싱가포르,967612,17255
2024-07,완제의약품,3004,아랍에미리트,1820067,3854
2024-07,완제의약품,3004,영국,1049642,1675
2024-07,완제의약품,3004,인도,244080,198
2024-07,완제의약품,3004,인도네시아,832189,14235
2024-07,완제의약품,3004,일본,9741586,89304
2024-07,완제의약품,3004,전체,77807881,1902619
2024-07,완제의약품,3004,중국,4857488,84384
2024-07,완제의약품,3004,카자흐스탄,154992,584
2024-07,완제의약품,3004,캐나다,3688,18
2024-07,완제의약품,3004,태국,5581123,38853
2024-07,완제의약품,3004,튀르키예,269446,3892
2024-07,완제의약품,3004,폴란드,99744,10459
2024-07,완제의약품,3004,필리핀,4601964,84913
2024-07,완제의약품,3004,호주,316013,9685
2024-07,완제의약품,3004,홍콩,1565182,8240
2024-07,의료기기,9018,네덜란드,3658154,41930
2024-07,의료기기,9018,대만,5139844,54221
2024-07,의료기기,9018,독일,6381819,46075
2024-07,의료기기,9018,러시아,12363654,64394
2024-07,의료기기,9018,말레이시아,1692312,17389
2024-07,의료기기,9018,멕시코,2246956,28534
2024-07,의료기기,9018,미국,44337133,505869
2024-07,의료기기,9018,베트남,5009583,145174
2024-07,의료기기,9018,사우디아라비아,1631690,9897
2024-07,의료기기,9018,싱가포르,3166732,19388
2024-07,의료기기,9018,아랍에미리트,2751236,22399
2024-07,의료기기,9018,영국,2033076,21127
2024-07,의료기기,9018,인도,10436075,121543
2024-07,의료기기,9018,인도네시아,3776564,53066
2024-07,의료기기,9018,일본,17110913,134516
2024-07,의료기기,9018,전체,207456192,2055828
2024-07,의료기기,9018,중국,13422630,97462
2024-07,의료기기,9018,카자흐스탄,1286009,35708
2024-07,의료기기,9018,캐나다,1574493,6849
2024-07,의료기기,9018,태국,5625759,45725
2024-07,의료기기,9018,튀르키예,1427700,18540
2024-07,의료기기,9018,폴란드,3199726,19764
2024-07,의료기기,9018,필리핀,1235922,30803
2024-07,의료기기,9018,호주,2955300,22265
2024-07,의료기기,9018,홍콩,2011042,11529
2024-07,전선·케이블,8544,네덜란드,7802213,647910
2024-07,전선·케이블,8544,대만,4219296,351361
2024-07,전선·케이블,8544,독일,2886178,185697
2024-07,전선·케이블,8544,러시아,141369,15917
2024-07,전선·케이블,8544,말레이시아,6640403,552024
2024-07,전선·케이블,8544,멕시코,21928909,1170515
2024-07,전선·케이블,8544,미국,74737875,7957019
2024-07,전선·케이블,8544,베트남,46909252,2700968
2024-07,전선·케이블,8544,사우디아라비아,1156261,123659
2024-07,전선·케이블,8544,싱가포르,7928262,857730
2024-07,전선·케이블,8544,아랍에미리트,2317000,159882
2024-07,전선·케이블,8544,영국,3001388,163840
2024-07,전선·케이블,8544,인도,9493057,408342
2024-07,전선·케이블,8544,인도네시아,6638766,478930
2024-07,전선·케이블,8544,일본,12417451,1326095
2024-07,전선·케이블,8544,전체,374126560,30583616
2024-07,전선·케이블,8544,중국,53923323,3556770
2024-07,전선·케이블,8544,카자흐스탄,919728,47568
2024-07,전선·케이블,8544,캐나다,1820882,77967
2024-07,전선·케이블,8544,태국,6443045,605812
2024-07,전선·케이블,8544,튀르키예,4243964,269313
2024-07,전선·케이블,8544,폴란드,9195596,965878
2024-07,전선·케이블,8544,필리핀,18107230,1531082
2024-07,전선·케이블,8544,호주,10283413,962185
2024-07,전선·케이블,8544,홍콩,2897663,556044
2024-07,태양광 모듈,854143,네덜란드,11800,8
2024-07,태양광 모듈,854143,대만,328,112
2024-07,태양광 모듈,854143,독일,0,0
2024-07,태양광 모듈,854143,말레이시아,345,14
2024-07,태양광 모듈,854143,미국,18267956,4072579
2024-07,태양광 모듈,854143,베트남,0,0
2024-07,태양광 모듈,854143,일본,21451,4237
2024-07,태양광 모듈,854143,전체,31122286,6402521
2024-07,태양광 모듈,854143,중국,62215,48094
2024-07,태양광 모듈,854143,태국,0,0
2024-07,태양광 모듈,854143,필리핀,0,0
2024-07,태양광 모듈,854143,홍콩,0,0
2024-07,화장품,3304,네덜란드,8576262,329073
2024-07,화장품,3304,대만,21000357,908533
2024-07,화장품,3304,독일,7027735,195570
2024-07,화장품,3304,러시아,29023140,1259144
2024-07,화장품,3304,말레이시아,9469526,469901
2024-07,화장품,3304,멕시코,1687138,38876
2024-07,화장품,3304,미국,138011043,4526404
2024-07,화장품,3304,베트남,37816319,1001177
2024-07,화장품,3304,사우디아라비아,3898522,75718
2024-07,화장품,3304,싱가포르,10447438,380103
2024-07,화장품,3304,아랍에미리트,14063144,280086
2024-07,화장품,3304,영국,13431275,483938
2024-07,화장품,3304,인도,7347849,288159
2024-07,화장품,3304,인도네시아,12730269,353096
2024-07,화장품,3304,일본,61059415,1890791
2024-07,화장품,3304,전체,684709424,22301073
2024-07,화장품,3304,중국,139707629,4266036
2024-07,화장품,3304,카자흐스탄,5989417,179779
2024-07,화장품,3304,캐나다,9649221,316276
2024-07,화장품,3304,태국,13540880,462999
2024-07,화장품,3304,튀르키예,5634351,132752
2024-07,화장품,3304,폴란드,9701444,395840
2024-07,화장품,3304,필리핀,7261950,460661
2024-07,화장품,3304,호주,9399650,508401
2024-07,화장품,3304,홍콩,40357871,959316
2024-08,라면,190230,네덜란드,8455361,2031065
2024-08,라면,190230,대만,2253862,722813
2024-08,라면,190230,독일,2329538,643920
2024-08,라면,190230,러시아,2088368,477696
2024-08,라면,190230,말레이시아,4198135,924637
2024-08,라면,190230,멕시코,852204,175228
2024-08,라면,190230,미국,24094373,4970661
2024-08,라면,190230,베트남,2109881,622914
2024-08,라면,190230,사우디아라비아,737769,177775
2024-08,라면,190230,싱가포르,864154,205423
2024-08,라면,190230,아랍에미리트,1375674,296187
2024-08,라면,190230,영국,4566351,988493
2024-08,라면,190230,인도,811794,202242
2024-08,라면,190230,인도네시아,463663,114633
2024-08,라면,190230,일본,5117484,1937383
2024-08,라면,190230,전체,109093310,27892478
2024-08,라면,190230,중국,22353267,6364440
2024-08,라면,190230,카자흐스탄,1558282,353967
2024-08,라면,190230,캐나다,2125563,628876
2024-08,라면,190230,태국,3830332,884109
2024-08,라면,190230,튀르키예,0,0
2024-08,라면,190230,폴란드,401282,131446
2024-08,라면,190230,필리핀,4498785,1278826
2024-08,라면,190230,호주,3804049,1086600
2024-08,라면,190230,홍콩,1074502,350613
2024-08,리튬이온 배터리,850760,네덜란드,218865,5823
2024-08,리튬이온 배터리,850760,대만,316589,7709
2024-08,리튬이온 배터리,850760,독일,9969037,276351
2024-08,리튬이온 배터리,850760,러시아,16187,48
2024-08,리튬이온 배터리,850760,말레이시아,12161,52
2024-08,리튬이온 배터리,850760,멕시코,412807,12837
2024-08,리튬이온 배터리,850760,미국,319684346,15629120
2024-08,리튬이온 배터리,850760,베트남,11807919,178273
2024-08,리튬이온 배터리,850760,사우디아라비아,5288,39
2024-08,리튬이온 배터리,850760,싱가포르,200303,1144
2024-08,리튬이온 배터리,850760,아랍에미리트,2398108,72716
2024-08,리튬이온 배터리,850760,영국,1106337,5661
2024-08,리튬이온 배터리,850760,인도,21042163,819082
2024-08,리튬이온 배터리,850760,인도네시아,20331,369
2024-08,리튬이온 배터리,850760,일본,14164546,374461
2024-08,리튬이온 배터리,850760,전체,491429328,20227171
2024-08,리튬이온 배터리,850760,중국,42302446,1163906
2024-08,리튬이온 배터리,850760,카자흐스탄,2918,30
2024-08,리튬이온 배터리,850760,캐나다,2336428,71347
2024-08,리튬이온 배터리,850760,태국,72135,757
2024-08,리튬이온 배터리,850760,튀르키예,777357,12542
2024-08,리튬이온 배터리,850760,폴란드,8716210,81261
2024-08,리튬이온 배터리,850760,필리핀,5726549,158070
2024-08,리튬이온 배터리,850760,호주,2325617,59576
2024-08,리튬이온 배터리,850760,홍콩,1885582,12674
2024-08,메모리 반도체,854232,네덜란드,6873136,378
2024-08,메모리 반도체,854232,대만,1600617154,23592
2024-08,메모리 반도체,854232,독일,15090420,819
2024-08,메모리 반도체,854232,말레이시아,65205698,1625
2024-08,메모리 반도체,854232,멕시코,8235087,761
2024-08,메모리 반도체,854232,미국,16972170,1706
2024-08,메모리 반도체,854232,베트남,599389948,36077
2024-08,메모리 반도체,854232,싱가포르,20759790,2539
2024-08,메모리 반도체,854232,영국,118496,9
2024-08,메모리 반도체,854232,인도,129325169,4714
2024-08,메모리 반도체,854232,인도네시아,26498488,817
2024-08,메모리 반도체,854232,일본,38073763,1821
2024-08,메모리 반도체,854232,전체,6034933835,250654
2024-08,메모리 반도체,854232,중국,1997054940,80735
2024-08,메모리 반도체,854232,캐나다,5402393,87
2024-08,메모리 반도체,854232,태국,7590641,1077
2024-08,메모리 반도체,854232,튀르키예,5140783,198
2024-08,메모리 반도체,854232,폴란드,2680014,932
2024-08,메모리 반도체,854232,필리핀,148024287,6978
2024-08,메모리 반도체,854232,호주,28,0
2024-08,메모리 반도체,854232,홍콩,1258609443,81164
2024-08,바이오의약품·톡신,3002,네덜란드,15575980,3933
2024-08,바이오의약품·톡신,3002,대만,1117667,7339
2024-08,바이오의약품·톡신,3002,독일,72708428,3909
2024-08,바이오의약품·톡신,3002,러시아,991692,1053
2024-08,바이오의약품·톡신,3002,말레이시아,681900,5952
2024-08,바이오의약품·톡신,3002,멕시코,356494,32710
2024-08,바이오의약품·톡신,3002,미국,89736551,19695
2024-08,바이오의약품·톡신,3002,베트남,3748645,18036
2024-08,바이오의약품·톡신,3002,사우디아라비아,3632665,4979
2024-08,바이오의약품·톡신,3002,싱가포르,2995117,7210
2024-08,바이오의약품·톡신,3002,아랍에미리트,262648,1155
2024-08,바이오의약품·톡신,3002,영국,138927,155
2024-08,바이오의약품·톡신,3002,인도,1156166,5525
2024-08,바이오의약품·톡신,3002,인도네시아,291777,841
2024-08,바이오의약품·톡신,3002,일본,9425677,7279
2024-08,바이오의약품·톡신,3002,전체,649155894,408918
2024-08,바이오의약품·톡신,3002,중국,11694333,23592
2024-08,바이오의약품·톡신,3002,카자흐스탄,509907,1087
2024-08,바이오의약품·톡신,3002,캐나다,3886266,2551
2024-08,바이오의약품·톡신,3002,태국,2160594,14056
2024-08,바이오의약품·톡신,3002,튀르키예,35922710,5021
2024-08,바이오의약품·톡신,3002,폴란드,1038721,1398
2024-08,바이오의약품·톡신,3002,필리핀,1603711,8226
2024-08,바이오의약품·톡신,3002,호주,8891515,4164
2024-08,바이오의약품·톡신,3002,홍콩,2662327,4039
2024-08,반도체 장비,8486,네덜란드,23328676,33264
2024-08,반도체 장비,8486,대만,118688286,789227
2024-08,반도체 장비,8486,독일,2893392,5103
2024-08,반도체 장비,8486,말레이시아,5622314,42510
2024-08,반도체 장비,8486,멕시코,438424,5644
2024-08,반도체 장비,8486,미국,111450967,1443838
2024-08,반도체 장비,8486,베트남,6097715,51720
2024-08,반도체 장비,8486,사우디아라비아,0,0
2024-08,반도체 장비,8486,싱가포르,47656109,419311
2024-08,반도체 장비,8486,아랍에미리트,25132,6
2024-08,반도체 장비,8486,영국,3733932,15717
2024-08,반도체 장비,8486,인도,201693,458
2024-08,반도체 장비,8486,인도네시아,16624,83
2024-08,반도체 장비,8486,일본,39391767,166355
2024-08,반도체 장비,8486,전체,694260280,6387291
2024-08,반도체 장비,8486,중국,320829904,3325647
2024-08,반도체 장비,8486,캐나다,107635,254
2024-08,반도체 장비,8486,태국,872057,4988
2024-08,반도체 장비,8486,튀르키예,6700,9
2024-08,반도체 장비,8486,폴란드,460,0
2024-08,반도체 장비,8486,필리핀,3319804,42149
2024-08,반도체 장비,8486,호주,789,2
2024-08,반도체 장비,8486,홍콩,1462359,6205
2024-08,변압기·전력변환기,8504,네덜란드,2904434,51897
2024-08,변압기·전력변환기,8504,대만,4132040,353418
2024-08,변압기·전력변환기,8504,독일,2008461,27959
2024-08,변압기·전력변환기,8504,러시아,3493,27
2024-08,변압기·전력변환기,8504,말레이시아,864825,132543
2024-08,변압기·전력변환기,8504,멕시코,4197968,88347
2024-08,변압기·전력변환기,8504,미국,112253952,8881186
2024-08,변압기·전력변환기,8504,베트남,24638732,547187
2024-08,변압기·전력변환기,8504,사우디아라비아,45085814,2873173
2024-08,변압기·전력변환기,8504,싱가포르,2702546,206906
2024-08,변압기·전력변환기,8504,아랍에미리트,1623492,86156
2024-08,변압기·전력변환기,8504,영국,449591,11874
2024-08,변압기·전력변환기,8504,인도,7556830,557540
2024-08,변압기·전력변환기,8504,인도네시아,2204847,167361
2024-08,변압기·전력변환기,8504,일본,9458722,558457
2024-08,변압기·전력변환기,8504,전체,305406463,17789231
2024-08,변압기·전력변환기,8504,중국,26973193,923818
2024-08,변압기·전력변환기,8504,카자흐스탄,157445,6674
2024-08,변압기·전력변환기,8504,캐나다,21917376,1013316
2024-08,변압기·전력변환기,8504,태국,2136382,120020
2024-08,변압기·전력변환기,8504,튀르키예,570801,11062
2024-08,변압기·전력변환기,8504,폴란드,2075828,26951
2024-08,변압기·전력변환기,8504,필리핀,5923947,408805
2024-08,변압기·전력변환기,8504,호주,275953,10324
2024-08,변압기·전력변환기,8504,홍콩,1931099,14504
2024-08,선박,8901,독일,167441957,66844000
2024-08,선박,8901,말레이시아,500000,753000
2024-08,선박,8901,미국,0,0
2024-08,선박,8901,싱가포르,130196310,144571900
2024-08,선박,8901,아랍에미리트,1300000,1734000
2024-08,선박,8901,영국,90112270,27584000
2024-08,선박,8901,일본,0,0
2024-08,선박,8901,전체,2695718425,1116023300
2024-08,선박,8901,중국,0,0
2024-08,선박,8901,홍콩,19200000,5219000
2024-08,승용차,8703,네덜란드,35221460,2270684
2024-08,승용차,8703,대만,26382259,1849417
2024-08,승용차,8703,독일,75258896,4741309
2024-08,승용차,8703,러시아,65684057,5981561
2024-08,승용차,8703,말레이시아,186310,11530
2024-08,승용차,8703,멕시코,35292785,2702705
2024-08,승용차,8703,미국,2464957579,160955292
2024-08,승용차,8703,베트남,15435256,1335887
2024-08,승용차,8703,사우디아라비아,66189279,5401791
2024-08,승용차,8703,싱가포르,8536092,608179
2024-08,승용차,8703,아랍에미리트,35598187,5772620
2024-08,승용차,8703,영국,113440647,6801625
2024-08,승용차,8703,인도,1376119,64402
2024-08,승용차,8703,인도네시아,23850041,1369420
2024-08,승용차,8703,일본,779863,65380
2024-08,승용차,8703,전체,4876017746,383189273
2024-08,승용차,8703,중국,13960231,735119
2024-08,승용차,8703,카자흐스탄,125388956,8759259
2024-08,승용차,8703,캐나다,311711839,22107524
2024-08,승용차,8703,태국,3348521,176285
2024-08,승용차,8703,튀르키예,36811809,6494762
2024-08,승용차,8703,폴란드,27030156,1929193
2024-08,승용차,8703,필리핀,12373220,833981
2024-08,승용차,8703,호주,256137824,20582599
2024-08,승용차,8703,홍콩,376817,21748
2024-08,시스템반도체,854231,네덜란드,3639571,1303
2024-08,시스템반도체,854231,대만,190651439,75158
2024-08,시스템반도체,854231,독일,2700164,1344
2024-08,시스템반도체,854231,말레이시아,78876523,30496
2024-08,시스템반도체,854231,멕시코,11147041,12674
2024-08,시스템반도체,854231,미국,102815800,15120
2024-08,시스템반도체,854231,베트남,561989978,77074
2024-08,시스템반도체,854231,사우디아라비아,185,1
2024-08,시스템반도체,854231,싱가포르,242556043,51788
2024-08,시스템반도체,854231,아랍에미리트,246056,185
2024-08,시스템반도체,854231,영국,156564,105
2024-08,시스템반도체,854231,인도,117633487,18467
2024-08,시스템반도체,854231,인도네시아,20193403,5877
2024-08,시스템반도체,854231,일본,27148825,12718
2024-08,시스템반도체,854231,전체,3165063548,583433
2024-08,시스템반도체,854231,중국,1191791028,127495
2024-08,시스템반도체,854231,캐나다,113271,40
2024-08,시스템반도체,854231,태국,32714677,8954
2024-08,시스템반도체,854231,튀르키예,1268691,53
2024-08,시스템반도체,854231,폴란드,36271672,17471
2024-08,시스템반도체,854231,필리핀,44903378,30225
2024-08,시스템반도체,854231,호주,5650,4
2024-08,시스템반도체,854231,홍콩,389913709,73611
2024-08,완제의약품,3004,네덜란드,1054473,2486
2024-08,완제의약품,3004,대만,908612,371925
2024-08,완제의약품,3004,독일,1592636,12576
2024-08,완제의약품,3004,러시아,196445,3003
2024-08,완제의약품,3004,말레이시아,820655,5417
2024-08,완제의약품,3004,멕시코,707701,2860
2024-08,완제의약품,3004,미국,1809870,39190
2024-08,완제의약품,3004,베트남,10954937,597513
2024-08,완제의약품,3004,사우디아라비아,15602,12
2024-08,완제의약품,3004,싱가포르,711288,14128
2024-08,완제의약품,3004,아랍에미리트,1063270,4651
2024-08,완제의약품,3004,영국,728940,1009
2024-08,완제의약품,3004,인도,1879,10
2024-08,완제의약품,3004,인도네시아,1364586,10328
2024-08,완제의약품,3004,일본,7008751,70438
2024-08,완제의약품,3004,전체,59260013,1728862
2024-08,완제의약품,3004,중국,3050485,81549
2024-08,완제의약품,3004,카자흐스탄,688959,3750
2024-08,완제의약품,3004,캐나다,67394,2536
2024-08,완제의약품,3004,태국,4189359,52493
2024-08,완제의약품,3004,튀르키예,338950,1212
2024-08,완제의약품,3004,폴란드,270066,528
2024-08,완제의약품,3004,필리핀,4126259,78256
2024-08,완제의약품,3004,호주,147579,2572
2024-08,완제의약품,3004,홍콩,1594957,17385
2024-08,의료기기,9018,네덜란드,3886420,31587
2024-08,의료기기,9018,대만,4502496,33710
2024-08,의료기기,9018,독일,4587816,31126
2024-08,의료기기,9018,러시아,10924090,84104
2024-08,의료기기,9018,말레이시아,3335487,19743
2024-08,의료기기,9018,멕시코,2024202,13364
2024-08,의료기기,9018,미국,50380295,488686
2024-08,의료기기,9018,베트남,4081022,96688
2024-08,의료기기,9018,사우디아라비아,1806224,33969
2024-08,의료기기,9018,싱가포르,3141318,15797
2024-08,의료기기,9018,아랍에미리트,3239741,26402
2024-08,의료기기,9018,영국,2595030,21134
2024-08,의료기기,9018,인도,10631315,128902
2024-08,의료기기,9018,인도네시아,4069240,35492
2024-08,의료기기,9018,일본,18393856,125039
2024-08,의료기기,9018,전체,201036116,1873335
2024-08,의료기기,9018,중국,12640419,88918
2024-08,의료기기,9018,카자흐스탄,798199,5828
2024-08,의료기기,9018,캐나다,1974164,12704
2024-08,의료기기,9018,태국,5427628,38490
2024-08,의료기기,9018,튀르키예,1476792,18247
2024-08,의료기기,9018,폴란드,2459676,13537
2024-08,의료기기,9018,필리핀,2010727,60479
2024-08,의료기기,9018,호주,2764112,26181
2024-08,의료기기,9018,홍콩,2573438,8820
2024-08,전선·케이블,8544,네덜란드,176122,2851
2024-08,전선·케이블,8544,대만,6687746,605217
2024-08,전선·케이블,8544,독일,1833276,113793
2024-08,전선·케이블,8544,러시아,404368,18054
2024-08,전선·케이블,8544,말레이시아,706888,40217
2024-08,전선·케이블,8544,멕시코,21448369,1146762
2024-08,전선·케이블,8544,미국,59885452,6356302
2024-08,전선·케이블,8544,베트남,40085301,2360963
2024-08,전선·케이블,8544,사우디아라비아,282620,9297
2024-08,전선·케이블,8544,싱가포르,2831215,323725
2024-08,전선·케이블,8544,아랍에미리트,1235563,76600
2024-08,전선·케이블,8544,영국,9787806,994254
2024-08,전선·케이블,8544,인도,8613349,395700
2024-08,전선·케이블,8544,인도네시아,4502514,285683
2024-08,전선·케이블,8544,일본,10679522,1034918
2024-08,전선·케이블,8544,전체,301290108,24363511
2024-08,전선·케이블,8544,중국,47659933,3097951
2024-08,전선·케이블,8544,카자흐스탄,443723,19789
2024-08,전선·케이블,8544,캐나다,2499820,145431
2024-08,전선·케이블,8544,태국,3593000,306606
2024-08,전선·케이블,8544,튀르키예,3276912,222259
2024-08,전선·케이블,8544,폴란드,6840875,575618
2024-08,전선·케이블,8544,필리핀,13760222,1198224
2024-08,전선·케이블,8544,호주,8977270,903594
2024-08,전선·케이블,8544,홍콩,4202465,735316
2024-08,태양광 모듈,854143,네덜란드,0,0
2024-08,태양광 모듈,854143,독일,2657,525
2024-08,태양광 모듈,854143,말레이시아,0,0
2024-08,태양광 모듈,854143,미국,6556251,1396007
2024-08,태양광 모듈,854143,베트남,0,0
2024-08,태양광 모듈,854143,일본,8253,1714
2024-08,태양광 모듈,854143,전체,11639305,2298136
2024-08,태양광 모듈,854143,중국,3456,891
2024-08,태양광 모듈,854143,태국,0,0
2024-08,태양광 모듈,854143,필리핀,2000,600
2024-08,태양광 모듈,854143,호주,2099,3
2024-08,태양광 모듈,854143,홍콩,1220,1
2024-08,화장품,3304,네덜란드,11762465,451460
2024-08,화장품,3304,대만,16538907,738840
2024-08,화장품,3304,독일,4473260,102004
2024-08,화장품,3304,러시아,24391040,850596
2024-08,화장품,3304,말레이시아,10492990,333462
2024-08,화장품,3304,멕시코,1062150,16970
2024-08,화장품,3304,미국,157830158,4727989
2024-08,화장품,3304,베트남,31894315,848065
2024-08,화장품,3304,사우디아라비아,3844270,113601
2024-08,화장품,3304,싱가포르,11767689,334115
2024-08,화장품,3304,아랍에미리트,12985129,284772
2024-08,화장품,3304,영국,11301836,398128
2024-08,화장품,3304,인도,5531112,197486
2024-08,화장품,3304,인도네시아,10858552,250389
2024-08,화장품,3304,일본,73842716,2109277
2024-08,화장품,3304,전체,684265616,21285222
2024-08,화장품,3304,중국,135458728,4636116
2024-08,화장품,3304,카자흐스탄,6685075,247729
2024-08,화장품,3304,캐나다,8948288,271413
2024-08,화장품,3304,태국,14907924,472508
2024-08,화장품,3304,튀르키예,4407989,86288
2024-08,화장품,3304,폴란드,10858975,376684
2024-08,화장품,3304,필리핀,6192056,322096
2024-08,화장품,3304,호주,6784300,227806
2024-08,화장품,3304,홍콩,33816387,825372
2024-09,라면,190230,네덜란드,8076362,1933394
2024-09,라면,190230,대만,2313798,660044
2024-09,라면,190230,독일,2831152,791788
2024-09,라면,190230,러시아,2335028,567061
2024-09,라면,190230,말레이시아,5397551,1254976
2024-09,라면,190230,멕시코,2174034,460186
2024-09,라면,190230,미국,23596990,4932396
2024-09,라면,190230,베트남,1896759,526150
2024-09,라면,190230,사우디아라비아,944333,205436
2024-09,라면,190230,싱가포르,1016236,226198
2024-09,라면,190230,아랍에미리트,2030386,483953
2024-09,라면,190230,영국,3514181,781073
2024-09,라면,190230,인도,1348429,328296
2024-09,라면,190230,인도네시아,1226495,300699
2024-09,라면,190230,일본,5718285,1997163
2024-09,라면,190230,전체,111868760,28590452
2024-09,라면,190230,중국,20633484,6008392
2024-09,라면,190230,카자흐스탄,1629525,351884
2024-09,라면,190230,캐나다,2318070,676362
2024-09,라면,190230,태국,3754531,890324
2024-09,라면,190230,튀르키예,0,0
2024-09,라면,190230,폴란드,592814,182353
2024-09,라면,190230,필리핀,5464426,1462524
2024-09,라면,190230,호주,3737467,1096344
2024-09,라면,190230,홍콩,1374308,444184
2024-09,리튬이온 배터리,850760,네덜란드,94822,1041
2024-09,리튬이온 배터리,850760,대만,645254,13099
2024-09,리튬이온 배터리,850760,독일,5290672,137011
2024-09,리튬이온 배터리,850760,말레이시아,31540,982
2024-09,리튬이온 배터리,850760,멕시코,91250,2882
2024-09,리튬이온 배터리,850760,미국,324171396,15136670
2024-09,리튬이온 배터리,850760,베트남,15951516,215567
2024-09,리튬이온 배터리,850760,싱가포르,314255,6035
2024-09,리튬이온 배터리,850760,아랍에미리트,41051,374
2024-09,리튬이온 배터리,850760,영국,83481,383
2024-09,리튬이온 배터리,850760,인도,14916795,593045
2024-09,리튬이온 배터리,850760,인도네시아,664796,20368
2024-09,리튬이온 배터리,850760,일본,18994242,476668
2024-09,리튬이온 배터리,850760,전체,471038296,18831149
2024-09,리튬이온 배터리,850760,중국,30882060,731155
2024-09,리튬이온 배터리,850760,캐나다,22161,377
2024-09,리튬이온 배터리,850760,태국,108531,799
2024-09,리튬이온 배터리,850760,튀르키예,976949,17344
2024-09,리튬이온 배터리,850760,폴란드,5548691,92364
2024-09,리튬이온 배터리,850760,필리핀,5806195,169084
2024-09,리튬이온 배터리,850760,호주,1776691,41669
2024-09,리튬이온 배터리,850760,홍콩,2390954,32888
2024-09,메모리 반도체,854232,네덜란드,4934509,267
2024-09,메모리 반도체,854232,대만,1788438507,29089
2024-09,메모리 반도체,854232,독일,31259362,1450
2024-09,메모리 반도체,854232,말레이시아,72076699,2232
2024-09,메모리 반도체,854232,멕시코,9145285,557
2024-09,메모리 반도체,854232,미국,33813551,1467
2024-09,메모리 반도체,854232,베트남,698290997,38348
2024-09,메모리 반도체,854232,싱가포르,55777804,5201
2024-09,메모리 반도체,854232,영국,767939,49
2024-09,메모리 반도체,854232,인도,79417675,3034
2024-09,메모리 반도체,854232,인도네시아,9293118,649
2024-09,메모리 반도체,854232,일본,59737434,2513
2024-09,메모리 반도체,854232,전체,6926348924,290954
2024-09,메모리 반도체,854232,중국,2230456350,98979
2024-09,메모리 반도체,854232,카자흐스탄,26,0
2024-09,메모리 반도체,854232,캐나다,664639,22
2024-09,메모리 반도체,854232,태국,4236040,608
2024-09,메모리 반도체,854232,튀르키예,3080287,104
2024-09,메모리 반도체,854232,폴란드,1697139,869
2024-09,메모리 반도체,854232,필리핀,120022430,5979
2024-09,메모리 반도체,854232,호주,10,0
2024-09,메모리 반도체,854232,홍콩,1663230204,94878
2024-09,바이오의약품·톡신,3002,네덜란드,15847847,948
2024-09,바이오의약품·톡신,3002,대만,868335,3779
2024-09,바이오의약품·톡신,3002,독일,65567462,9380
2024-09,바이오의약품·톡신,3002,러시아,275408,1558
2024-09,바이오의약품·톡신,3002,말레이시아,1131334,32501
2024-09,바이오의약품·톡신,3002,멕시코,638987,1232
2024-09,바이오의약품·톡신,3002,미국,72604555,18251
2024-09,바이오의약품·톡신,3002,베트남,4421655,24369
2024-09,바이오의약품·톡신,3002,사우디아라비아,4683983,5363
2024-09,바이오의약품·톡신,3002,싱가포르,967199,715
2024-09,바이오의약품·톡신,3002,아랍에미리트,63439,5392
2024-09,바이오의약품·톡신,3002,영국,7793425,1300
2024-09,바이오의약품·톡신,3002,인도,1554743,11022
2024-09,바이오의약품·톡신,3002,인도네시아,228290,299
2024-09,바이오의약품·톡신,3002,일본,21128491,13516
2024-09,바이오의약품·톡신,3002,전체,569516163,418560
2024-09,바이오의약품·톡신,3002,중국,8171173,21124
2024-09,바이오의약품·톡신,3002,카자흐스탄,295580,532
2024-09,바이오의약품·톡신,3002,캐나다,4654352,3714
2024-09,바이오의약품·톡신,3002,태국,3946697,30146
2024-09,바이오의약품·톡신,3002,튀르키예,40254363,11573
2024-09,바이오의약품·톡신,3002,폴란드,1482396,4918
2024-09,바이오의약품·톡신,3002,필리핀,1480606,8436
2024-09,바이오의약품·톡신,3002,호주,2651267,2587
2024-09,바이오의약품·톡신,3002,홍콩,1888651,3105
2024-09,반도체 장비,8486,네덜란드,17715513,20095
2024-09,반도체 장비,8486,대만,112782579,679902
2024-09,반도체 장비,8486,독일,4241356,5065
2024-09,반도체 장비,8486,말레이시아,21063050,116540
2024-09,반도체 장비,8486,멕시코,460301,1907
2024-09,반도체 장비,8486,미국,94280590,384263
2024-09,반도체 장비,8486,베트남,6056067,65960
2024-09,반도체 장비,8486,싱가포르,98483676,348073
2024-09,반도체 장비,8486,아랍에미리트,18128,95
2024-09,반도체 장비,8486,영국,2600557,10928
2024-09,반도체 장비,8486,인도,112807,497
2024-09,반도체 장비,8486,인도네시아,41948,127
2024-09,반도체 장비,8486,일본,49343723,193673
2024-09,반도체 장비,8486,전체,698349648,3934519
2024-09,반도체 장비,8486,중국,271212616,1919296
2024-09,반도체 장비,8486,캐나다,4615,14
2024-09,반도체 장비,8486,태국,293865,1860
2024-09,반도체 장비,8486,튀르키예,0,0
2024-09,반도체 장비,8486,폴란드,0,0
2024-09,반도체 장비,8486,필리핀,3331346,29348
2024-09,반도체 장비,8486,호주,1412,2
2024-09,반도체 장비,8486,홍콩,1909580,5906
2024-09,변압기·전력변환기,8504,네덜란드,3367783,58386
2024-09,변압기·전력변환기,8504,대만,4010428,427668
2024-09,변압기·전력변환기,8504,독일,2006568,26779
2024-09,변압기·전력변환기,8504,러시아,82790,5102
2024-09,변압기·전력변환기,8504,말레이시아,19065920,1279667
2024-09,변압기·전력변환기,8504,멕시코,3187415,104313
2024-09,변압기·전력변환기,8504,미국,132755857,10463346
2024-09,변압기·전력변환기,8504,베트남,25813735,713477
2024-09,변압기·전력변환기,8504,사우디아라비아,67704166,3938567
2024-09,변압기·전력변환기,8504,싱가포르,1945974,102332
2024-09,변압기·전력변환기,8504,아랍에미리트,1128905,64343
2024-09,변압기·전력변환기,8504,영국,6620053,450192
2024-09,변압기·전력변환기,8504,인도,6887725,411507
2024-09,변압기·전력변환기,8504,인도네시아,2559202,353914
2024-09,변압기·전력변환기,8504,일본,6157519,487945
2024-09,변압기·전력변환기,8504,전체,354457679,21986034
2024-09,변압기·전력변환기,8504,중국,19009348,644688
2024-09,변압기·전력변환기,8504,카자흐스탄,211363,35713
2024-09,변압기·전력변환기,8504,캐나다,7294748,300712
2024-09,변압기·전력변환기,8504,태국,2578233,152662
2024-09,변압기·전력변환기,8504,튀르키예,382258,9277
2024-09,변압기·전력변환기,8504,폴란드,1449848,23919
2024-09,변압기·전력변환기,8504,필리핀,3754292,415748
2024-09,변압기·전력변환기,8504,호주,2946051,315895
2024-09,변압기·전력변환기,8504,홍콩,2454515,119023
2024-09,선박,8901,미국,0,0
2024-09,선박,8901,사우디아라비아,417,2
2024-09,선박,8901,싱가포르,125773566,159285312
2024-09,선박,8901,아랍에미리트,2670,140
2024-09,선박,8901,인도,6341,500
2024-09,선박,8901,인도네시아,1700000,1502000
2024-09,선박,8901,일본,0,0
2024-09,선박,8901,전체,2197221599,906908854
2024-09,선박,8901,중국,0,0
2024-09,선박,8901,필리핀,430000,158000
2024-09,선박,8901,홍콩,270392,1997000
2024-09,승용차,8703,네덜란드,79535604,4998083
2024-09,승용차,8703,대만,42574612,3036403
2024-09,승용차,8703,독일,75281524,4518471
2024-09,승용차,8703,러시아,60067884,5420383
2024-09,승용차,8703,말레이시아,909930,34515
2024-09,승용차,8703,멕시코,37131226,2799345
2024-09,승용차,8703,미국,2566107343,170780559
2024-09,승용차,8703,베트남,18886603,1623757
2024-09,승용차,8703,사우디아라비아,105125352,8161242
2024-09,승용차,8703,싱가포르,7321780,523144
2024-09,승용차,8703,아랍에미리트,36019883,4531750
2024-09,승용차,8703,영국,201079464,11106780
2024-09,승용차,8703,인도,627373,25115
2024-09,승용차,8703,인도네시아,16784339,1044780
2024-09,승용차,8703,일본,1221778,90477
2024-09,승용차,8703,전체,5302122965,401902428
2024-09,승용차,8703,중국,14174649,343481
2024-09,승용차,8703,카자흐스탄,140299483,10356159
2024-09,승용차,8703,캐나다,401495136,27369068
2024-09,승용차,8703,태국,1119932,59940
2024-09,승용차,8703,튀르키예,30939238,6524706
2024-09,승용차,8703,폴란드,39571394,2653373
2024-09,승용차,8703,필리핀,14073744,961801
2024-09,승용차,8703,호주,266374862,19627749
2024-09,승용차,8703,홍콩,1201115,68845
2024-09,시스템반도체,854231,네덜란드,11781652,2999
2024-09,시스템반도체,854231,대만,201768072,72391
2024-09,시스템반도체,854231,독일,3690860,1808
2024-09,시스템반도체,854231,말레이시아,92559133,34942
2024-09,시스템반도체,854231,멕시코,10872081,4683
2024-09,시스템반도체,854231,미국,124143452,14489
2024-09,시스템반도체,854231,베트남,638352522,86524
2024-09,시스템반도체,854231,사우디아라비아,300,0
2024-09,시스템반도체,854231,싱가포르,247243431,52677
2024-09,시스템반도체,854231,아랍에미리트,155290,31
2024-09,시스템반도체,854231,영국,144733,73
2024-09,시스템반도체,854231,인도,102746050,24525
2024-09,시스템반도체,854231,인도네시아,14248451,3360
2024-09,시스템반도체,854231,일본,21985012,11391
2024-09,시스템반도체,854231,전체,3062308261,591188
2024-09,시스템반도체,854231,중국,1079118695,125446
2024-09,시스템반도체,854231,캐나다,68065,43
2024-09,시스템반도체,854231,태국,25606034,11442
2024-09,시스템반도체,854231,튀르키예,1275746,53
2024-09,시스템반도체,854231,폴란드,13535900,11244
2024-09,시스템반도체,854231,필리핀,61290257,32929
2024-09,시스템반도체,854231,호주,17630,15
2024-09,시스템반도체,854231,홍콩,302069843,69203
2024-09,완제의약품,3004,네덜란드,67391,107
2024-09,완제의약품,3004,대만,1898711,278474
2024-09,완제의약품,3004,독일,1850222,7701
2024-09,완제의약품,3004,러시아,301432,4341
2024-09,완제의약품,3004,말레이시아,652954,15550
2024-09,완제의약품,3004,멕시코,3991710,20865
2024-09,완제의약품,3004,미국,2068965,42155
2024-09,완제의약품,3004,베트남,12244463,602452
2024-09,완제의약품,3004,사우디아라비아,309338,19723
2024-09,완제의약품,3004,싱가포르,566564,10426
2024-09,완제의약품,3004,아랍에미리트,1400124,5635
2024-09,완제의약품,3004,영국,871884,1539
2024-09,완제의약품,3004,인도,20746,39
2024-09,완제의약품,3004,인도네시아,1167670,12320
2024-09,완제의약품,3004,일본,9424415,83893
2024-09,완제의약품,3004,전체,66451281,1777767
2024-09,완제의약품,3004,중국,2037846,21465
2024-09,완제의약품,3004,카자흐스탄,227381,1378
2024-09,완제의약품,3004,캐나다,301,13
2024-09,완제의약품,3004,태국,2912131,58535
2024-09,완제의약품,3004,튀르키예,518714,2107
2024-09,완제의약품,3004,폴란드,226260,2377
2024-09,완제의약품,3004,필리핀,3528518,80791
2024-09,완제의약품,3004,호주,167487,15075
2024-09,완제의약품,3004,홍콩,2970973,14080
2024-09,의료기기,9018,네덜란드,4052038,25151
2024-09,의료기기,9018,대만,4909994,39085
2024-09,의료기기,9018,독일,4540692,34777
2024-09,의료기기,9018,러시아,13963431,58843
2024-09,의료기기,9018,말레이시아,1847846,19854
2024-09,의료기기,9018,멕시코,1947603,15686
2024-09,의료기기,9018,미국,42529579,501887
2024-09,의료기기,9018,베트남,3750925,89774
2024-09,의료기기,9018,사우디아라비아,1759653,10591
2024-09,의료기기,9018,싱가포르,4594976,25257
2024-09,의료기기,9018,아랍에미리트,6253521,18646
2024-09,의료기기,9018,영국,2945894,22318
2024-09,의료기기,9018,인도,7120572,76773
2024-09,의료기기,9018,인도네시아,3348247,35994
2024-09,의료기기,9018,일본,16500675,95062
2024-09,의료기기,9018,전체,204791081,1781501
2024-09,의료기기,9018,중국,12692432,97940
2024-09,의료기기,9018,카자흐스탄,953768,5566
2024-09,의료기기,9018,캐나다,1656163,11303
2024-09,의료기기,9018,태국,6428313,55232
2024-09,의료기기,9018,튀르키예,3095541,14592
2024-09,의료기기,9018,폴란드,3155603,16438
2024-09,의료기기,9018,필리핀,2238655,58940
2024-09,의료기기,9018,호주,2392618,16594
2024-09,의료기기,9018,홍콩,2543025,11934
2024-09,전선·케이블,8544,네덜란드,17447872,1370932
2024-09,전선·케이블,8544,대만,43001785,6253028
2024-09,전선·케이블,8544,독일,1962034,113529
2024-09,전선·케이블,8544,러시아,210591,16810
2024-09,전선·케이블,8544,말레이시아,6411072,572589
2024-09,전선·케이블,8544,멕시코,24264966,1232965
2024-09,전선·케이블,8544,미국,71147436,6299994
2024-09,전선·케이블,8544,베트남,35711699,2190603
2024-09,전선·케이블,8544,사우디아라비아,2231183,182340
2024-09,전선·케이블,8544,싱가포르,6207590,605721
2024-09,전선·케이블,8544,아랍에미리트,5022558,514946
2024-09,전선·케이블,8544,영국,1086540,52073
2024-09,전선·케이블,8544,인도,8457936,372745
2024-09,전선·케이블,8544,인도네시아,3934027,332343
2024-09,전선·케이블,8544,일본,13175276,1265196
2024-09,전선·케이블,8544,전체,351434684,29876458
2024-09,전선·케이블,8544,중국,45103729,3037351
2024-09,전선·케이블,8544,카자흐스탄,741568,36028
2024-09,전선·케이블,8544,캐나다,1609645,57020
2024-09,전선·케이블,8544,태국,2337929,196927
2024-09,전선·케이블,8544,튀르키예,3030106,182653
2024-09,전선·케이블,8544,폴란드,4201141,254978
2024-09,전선·케이블,8544,필리핀,15805643,1461964
2024-09,전선·케이블,8544,호주,4336744,383190
2024-09,전선·케이블,8544,홍콩,4749276,865557
2024-09,태양광 모듈,854143,네덜란드,8850,7
2024-09,태양광 모듈,854143,대만,0,0
2024-09,태양광 모듈,854143,미국,32429,192
2024-09,태양광 모듈,854143,베트남,0,0
2024-09,태양광 모듈,854143,싱가포르,140802,25154
2024-09,태양광 모듈,854143,인도네시아,0,0
2024-09,태양광 모듈,854143,일본,930589,200578
2024-09,태양광 모듈,854143,전체,6130987,1126777
2024-09,태양광 모듈,854143,중국,2448,643
2024-09,태양광 모듈,854143,태국,0,0
2024-09,태양광 모듈,854143,필리핀,4800,1436
2024-09,태양광 모듈,854143,호주,3084,5
2024-09,태양광 모듈,854143,홍콩,0,0
2024-09,화장품,3304,네덜란드,5460678,153196
2024-09,화장품,3304,대만,18508649,924558
2024-09,화장품,3304,독일,4164241,103582
2024-09,화장품,3304,러시아,26775668,1138659
2024-09,화장품,3304,말레이시아,9015564,366494
2024-09,화장품,3304,멕시코,2862590,57593
2024-09,화장품,3304,미국,145557383,4533599
2024-09,화장품,3304,베트남,30280527,849245
2024-09,화장품,3304,사우디아라비아,5986456,157887
2024-09,화장품,3304,싱가포르,10118742,276098
2024-09,화장품,3304,아랍에미리트,16432690,266556
2024-09,화장품,3304,영국,12668061,397939
2024-09,화장품,3304,인도,5687259,202356
2024-09,화장품,3304,인도네시아,8911332,246559
2024-09,화장품,3304,일본,78384545,2196155
2024-09,화장품,3304,전체,773237403,22551952
2024-09,화장품,3304,중국,220574150,5560871
2024-09,화장품,3304,카자흐스탄,4772835,143282
2024-09,화장품,3304,캐나다,7606674,259195
2024-09,화장품,3304,태국,16093920,472045
2024-09,화장품,3304,튀르키예,6352904,94806
2024-09,화장품,3304,폴란드,9079267,320679
2024-09,화장품,3304,필리핀,6500541,355789
2024-09,화장품,3304,호주,9904129,388275
2024-09,화장품,3304,홍콩,39191983,908864
2024-10,라면,190230,네덜란드,7673686,1911038
2024-10,라면,190230,대만,2674441,765279
2024-10,라면,190230,독일,3856647,935291
2024-10,라면,190230,러시아,3594939,838483
2024-10,라면,190230,말레이시아,3930286,895796
2024-10,라면,190230,멕시코,2967588,713744
2024-10,라면,190230,미국,22314003,4654002
2024-10,라면,190230,베트남,2018765,570746
2024-10,라면,190230,사우디아라비아,2303455,503602
2024-10,라면,190230,싱가포르,930758,231621
2024-10,라면,190230,아랍에미리트,2649497,593858
2024-10,라면,190230,영국,4855539,993034
2024-10,라면,190230,인도,1334719,324343
2024-10,라면,190230,인도네시아,1038508,263097
2024-10,라면,190230,일본,6372600,1953968
2024-10,라면,190230,전체,126251357,32294687
2024-10,라면,190230,중국,26194702,7838508
2024-10,라면,190230,카자흐스탄,1639632,380099
2024-10,라면,190230,캐나다,3197593,996822
2024-10,라면,190230,태국,3348162,845223
2024-10,라면,190230,튀르키예,18712,2722
2024-10,라면,190230,폴란드,150531,39592
2024-10,라면,190230,필리핀,5475201,1365541
2024-10,라면,190230,호주,3966419,1106312
2024-10,라면,190230,홍콩,1837416,599329
2024-10,리튬이온 배터리,850760,네덜란드,166517,1428
2024-10,리튬이온 배터리,850760,대만,221441,1826
2024-10,리튬이온 배터리,850760,독일,2289408,65086
2024-10,리튬이온 배터리,850760,말레이시아,2069,21
2024-10,리튬이온 배터리,850760,멕시코,989866,29269
2024-10,리튬이온 배터리,850760,미국,228566889,9674638
2024-10,리튬이온 배터리,850760,베트남,23348308,257099
2024-10,리튬이온 배터리,850760,사우디아라비아,8504,17
2024-10,리튬이온 배터리,850760,싱가포르,184716,2130
2024-10,리튬이온 배터리,850760,아랍에미리트,386387,6383
2024-10,리튬이온 배터리,850760,영국,40098,462
2024-10,리튬이온 배터리,850760,인도,17284877,694335
2024-10,리튬이온 배터리,850760,인도네시아,79398,839
2024-10,리튬이온 배터리,850760,일본,15087624,486490
2024-10,리튬이온 배터리,850760,전체,401779727,14180783
2024-10,리튬이온 배터리,850760,중국,42969322,1184141
2024-10,리튬이온 배터리,850760,카자흐스탄,2991,51
2024-10,리튬이온 배터리,850760,캐나다,609151,21768
2024-10,리튬이온 배터리,850760,태국,44911,288
2024-10,리튬이온 배터리,850760,튀르키예,275173,5588
2024-10,리튬이온 배터리,850760,폴란드,4088895,47462
2024-10,리튬이온 배터리,850760,필리핀,5953383,168257
2024-10,리튬이온 배터리,850760,호주,3173362,100439
2024-10,리튬이온 배터리,850760,홍콩,1291416,49663
2024-10,메모리 반도체,854232,네덜란드,4069115,245
2024-10,메모리 반도체,854232,대만,1954206550,28080
2024-10,메모리 반도체,854232,독일,13493926,847
2024-10,메모리 반도체,854232,말레이시아,305763795,2321
2024-10,메모리 반도체,854232,멕시코,9830518,771
2024-10,메모리 반도체,854232,미국,9248801,766
2024-10,메모리 반도체,854232,베트남,604133947,32434
2024-10,메모리 반도체,854232,싱가포르,15228866,2775
2024-10,메모리 반도체,854232,영국,626,2
2024-10,메모리 반도체,854232,인도,82916830,3619
2024-10,메모리 반도체,854232,인도네시아,20447178,1309
2024-10,메모리 반도체,854232,일본,29763585,1789
2024-10,메모리 반도체,854232,전체,6220656370,212502
2024-10,메모리 반도체,854232,중국,2017122323,81602
2024-10,메모리 반도체,854232,캐나다,1721357,31
2024-10,메모리 반도체,854232,태국,4923900,666
2024-10,메모리 반도체,854232,튀르키예,5417124,270
2024-10,메모리 반도체,854232,폴란드,2805132,821
2024-10,메모리 반도체,854232,필리핀,100092839,2714
2024-10,메모리 반도체,854232,호주,41,0
2024-10,메모리 반도체,854232,홍콩,986707405,47943
2024-10,바이오의약품·톡신,3002,네덜란드,47733713,3445
2024-10,바이오의약품·톡신,3002,대만,793273,808
2024-10,바이오의약품·톡신,3002,독일,32656984,3076
2024-10,바이오의약품·톡신,3002,러시아,3839759,10536
2024-10,바이오의약품·톡신,3002,말레이시아,875030,30954
2024-10,바이오의약품·톡신,3002,멕시코,560328,2071
2024-10,바이오의약품·톡신,3002,미국,102519801,15961
2024-10,바이오의약품·톡신,3002,베트남,5217908,18007
2024-10,바이오의약품·톡신,3002,사우디아라비아,672895,419
2024-10,바이오의약품·톡신,3002,싱가포르,67980,47
2024-10,바이오의약품·톡신,3002,아랍에미리트,202432,20693
2024-10,바이오의약품·톡신,3002,영국,26165303,614
2024-10,바이오의약품·톡신,3002,인도,1226562,7427
2024-10,바이오의약품·톡신,3002,인도네시아,610444,2348
2024-10,바이오의약품·톡신,3002,일본,6670255,3775
2024-10,바이오의약품·톡신,3002,전체,562688837,379856
2024-10,바이오의약품·톡신,3002,중국,17088688,36098
2024-10,바이오의약품·톡신,3002,카자흐스탄,407505,792
2024-10,바이오의약품·톡신,3002,캐나다,9129704,1342
2024-10,바이오의약품·톡신,3002,태국,2677097,8846
2024-10,바이오의약품·톡신,3002,튀르키예,44722483,3455
2024-10,바이오의약품·톡신,3002,폴란드,155709,461
2024-10,바이오의약품·톡신,3002,필리핀,1636035,12728
2024-10,바이오의약품·톡신,3002,호주,4034736,4161
2024-10,바이오의약품·톡신,3002,홍콩,1677097,2597
2024-10,반도체 장비,8486,네덜란드,15651025,23893
2024-10,반도체 장비,8486,대만,87855412,448549
2024-10,반도체 장비,8486,독일,3099786,23693
2024-10,반도체 장비,8486,말레이시아,7441003,43774
2024-10,반도체 장비,8486,멕시코,44384,3586
2024-10,반도체 장비,8486,미국,108867988,725679
2024-10,반도체 장비,8486,베트남,29138006,438031
2024-10,반도체 장비,8486,싱가포르,78140034,431150
2024-10,반도체 장비,8486,아랍에미리트,46900,14
2024-10,반도체 장비,8486,영국,4023266,12265
2024-10,반도체 장비,8486,인도,120809,865
2024-10,반도체 장비,8486,인도네시아,334541,1214
2024-10,반도체 장비,8486,일본,48866463,193167
2024-10,반도체 장비,8486,전체,657358610,4465204
2024-10,반도체 장비,8486,중국,252343158,2057917
2024-10,반도체 장비,8486,캐나다,12830,12
2024-10,반도체 장비,8486,태국,872704,6969
2024-10,반도체 장비,8486,폴란드,43390,2365
2024-10,반도체 장비,8486,필리핀,3499183,16653
2024-10,반도체 장비,8486,호주,4935,67
2024-10,반도체 장비,8486,홍콩,1497519,3601
2024-10,변압기·전력변환기,8504,네덜란드,2152582,36880
2024-10,변압기·전력변환기,8504,대만,3845596,363656
2024-10,변압기·전력변환기,8504,독일,2508353,18154
2024-10,변압기·전력변환기,8504,말레이시아,880300,11203
2024-10,변압기·전력변환기,8504,멕시코,4458396,157025
2024-10,변압기·전력변환기,8504,미국,193226833,13975463
2024-10,변압기·전력변환기,8504,베트남,26572040,606210
2024-10,변압기·전력변환기,8504,사우디아라비아,10069501,466403
2024-10,변압기·전력변환기,8504,싱가포르,4300217,321894
2024-10,변압기·전력변환기,8504,아랍에미리트,744138,17693
2024-10,변압기·전력변환기,8504,영국,10413255,563866
2024-10,변압기·전력변환기,8504,인도,4599705,104424
2024-10,변압기·전력변환기,8504,인도네시아,2045933,144003
2024-10,변압기·전력변환기,8504,일본,7983850,507181
2024-10,변압기·전력변환기,8504,전체,359282957,21416693
2024-10,변압기·전력변환기,8504,중국,23409736,943683
2024-10,변압기·전력변환기,8504,카자흐스탄,359259,69434
2024-10,변압기·전력변환기,8504,캐나다,4860488,210119
2024-10,변압기·전력변환기,8504,태국,2682325,128076
2024-10,변압기·전력변환기,8504,튀르키예,870344,17973
2024-10,변압기·전력변환기,8504,폴란드,1768465,27293
2024-10,변압기·전력변환기,8504,필리핀,8518413,717948
2024-10,변압기·전력변환기,8504,호주,226020,9877
2024-10,변압기·전력변환기,8504,홍콩,2783726,114495
2024-10,선박,8901,독일,165640000,66844000
2024-10,선박,8901,말레이시아,480000,556000
2024-10,선박,8901,미국,9089218,1993000
2024-10,선박,8901,베트남,9750000,11820000
2024-10,선박,8901,싱가포르,501440779,377791800
2024-10,선박,8901,아랍에미리트,1200000,2736000
2024-10,선박,8901,영국,45056935,13792000
2024-10,선박,8901,인도네시아,8550000,3900000
2024-10,선박,8901,전체,1912882020,927852700
2024-10,선박,8901,중국,0,0
2024-10,선박,8901,필리핀,1320000,1952000
2024-10,선박,8901,호주,21110000,58950000
2024-10,승용차,8703,네덜란드,101724311,6737675
2024-10,승용차,8703,대만,25506462,1913636
2024-10,승용차,8703,독일,92426983,5702048
2024-10,승용차,8703,러시아,54062425,4836571
2024-10,승용차,8703,말레이시아,478790,4710
2024-10,승용차,8703,멕시코,28796940,2194835
2024-10,승용차,8703,미국,2989375139,201675942
2024-10,승용차,8703,베트남,32757253,2780808
2024-10,승용차,8703,사우디아라비아,119118636,9555132
2024-10,승용차,8703,싱가포르,9037099,595941
2024-10,승용차,8703,아랍에미리트,46496103,7339642
2024-10,승용차,8703,영국,241905872,12935962
2024-10,승용차,8703,인도,2600771,105135
2024-10,승용차,8703,인도네시아,20278321,1426256
2024-10,승용차,8703,일본,1646008,133753
2024-10,승용차,8703,전체,6004017108,470067763
2024-10,승용차,8703,중국,22293745,895395
2024-10,승용차,8703,카자흐스탄,158448748,12274265
2024-10,승용차,8703,캐나다,462843022,33802952
2024-10,승용차,8703,태국,1622850,83346
2024-10,승용차,8703,튀르키예,44712489,9178430
2024-10,승용차,8703,폴란드,41251885,2912273
2024-10,승용차,8703,필리핀,18579340,1251529
2024-10,승용차,8703,호주,217517580,16728314
2024-10,승용차,8703,홍콩,1439019,107619
2024-10,시스템반도체,854231,네덜란드,4095063,1651
2024-10,시스템반도체,854231,대만,280398280,66602
2024-10,시스템반도체,854231,독일,8862084,2532
2024-10,시스템반도체,854231,말레이시아,81580941,29829
2024-10,시스템반도체,854231,멕시코,6363083,3268
2024-10,시스템반도체,854231,미국,133106413,10725
2024-10,시스템반도체,854231,베트남,878191373,91529
2024-10,시스템반도체,854231,사우디아라비아,2050,1
2024-10,시스템반도체,854231,싱가포르,248693248,59095
2024-10,시스템반도체,854231,아랍에미리트,53916,25
2024-10,시스템반도체,854231,영국,80553,55
2024-10,시스템반도체,854231,인도,118748434,18952
2024-10,시스템반도체,854231,인도네시아,17998878,3586
2024-10,시스템반도체,854231,일본,18162791,7982
2024-10,시스템반도체,854231,전체,3622917709,570969
2024-10,시스템반도체,854231,중국,1426929083,136197
2024-10,시스템반도체,854231,캐나다,39768,7
2024-10,시스템반도체,854231,태국,27351449,15267
2024-10,시스템반도체,854231,튀르키예,719172,88
2024-10,시스템반도체,854231,폴란드,15193492,9134
2024-10,시스템반도체,854231,필리핀,59157498,32217
2024-10,시스템반도체,854231,호주,11668,31
2024-10,시스템반도체,854231,홍콩,212303506,63624
2024-10,완제의약품,3004,네덜란드,1135659,1941
2024-10,완제의약품,3004,대만,386907,36103
2024-10,완제의약품,3004,독일,2137863,15783
2024-10,완제의약품,3004,러시아,263566,1399
2024-10,완제의약품,3004,말레이시아,915582,12678
2024-10,완제의약품,3004,멕시코,1826917,13077
2024-10,완제의약품,3004,미국,2234481,53090
2024-10,완제의약품,3004,베트남,13935383,519113
2024-10,완제의약품,3004,사우디아라비아,209491,560
2024-10,완제의약품,3004,싱가포르,724512,10866
2024-10,완제의약품,3004,아랍에미리트,2068405,13417
2024-10,완제의약품,3004,영국,1649542,2062
2024-10,완제의약품,3004,인도,5480,17
2024-10,완제의약품,3004,인도네시아,886280,25132
2024-10,완제의약품,3004,일본,9215135,92644
2024-10,완제의약품,3004,전체,75174497,1500032
2024-10,완제의약품,3004,중국,4441974,40803
2024-10,완제의약품,3004,카자흐스탄,108353,3847
2024-10,완제의약품,3004,캐나다,1869,9
2024-10,완제의약품,3004,태국,5200546,26261
2024-10,완제의약품,3004,튀르키예,44549,171
2024-10,완제의약품,3004,폴란드,539939,907
2024-10,완제의약품,3004,필리핀,4592778,71299
2024-10,완제의약품,3004,호주,58695,1334
2024-10,완제의약품,3004,홍콩,1524184,37054
2024-10,의료기기,9018,네덜란드,3317124,27400
2024-10,의료기기,9018,대만,5480002,47079
2024-10,의료기기,9018,독일,7387569,46154
2024-10,의료기기,9018,러시아,8985624,73012
2024-10,의료기기,9018,말레이시아,3622695,27225
2024-10,의료기기,9018,멕시코,2246255,37116
2024-10,의료기기,9018,미국,49184233,573514
2024-10,의료기기,9018,베트남,4886485,113576
2024-10,의료기기,9018,사우디아라비아,2128600,31454
2024-10,의료기기,9018,싱가포르,3133688,19089
2024-10,의료기기,9018,아랍에미리트,3027209,19527
2024-10,의료기기,9018,영국,2546052,19597
2024-10,의료기기,9018,인도,11598981,169373
2024-10,의료기기,9018,인도네시아,3498130,40864
2024-10,의료기기,9018,일본,16805275,109368
2024-10,의료기기,9018,전체,217225206,2270049
2024-10,의료기기,9018,중국,12815904,122111
2024-10,의료기기,9018,카자흐스탄,2088810,24725
2024-10,의료기기,9018,캐나다,1200806,14184
2024-10,의료기기,9018,태국,5399311,31486
2024-10,의료기기,9018,튀르키예,1853944,10017
2024-10,의료기기,9018,폴란드,4211106,17948
2024-10,의료기기,9018,필리핀,2244805,77275
2024-10,의료기기,9018,호주,3080388,20824
2024-10,의료기기,9018,홍콩,2103133,10492
2024-10,전선·케이블,8544,네덜란드,262005,3887
2024-10,전선·케이블,8544,대만,3648795,318680
2024-10,전선·케이블,8544,독일,1810070,85603
2024-10,전선·케이블,8544,러시아,35382,1478
2024-10,전선·케이블,8544,말레이시아,20657453,1127297
2024-10,전선·케이블,8544,멕시코,25557851,1370359
2024-10,전선·케이블,8544,미국,95097026,10239819
2024-10,전선·케이블,8544,베트남,43126252,2660162
2024-10,전선·케이블,8544,사우디아라비아,306333,25471
2024-10,전선·케이블,8544,싱가포르,8197818,774146
2024-10,전선·케이블,8544,아랍에미리트,9732181,1160422
2024-10,전선·케이블,8544,영국,15058418,1407019
2024-10,전선·케이블,8544,인도,12876108,602516
2024-10,전선·케이블,8544,인도네시아,4289149,297690
2024-10,전선·케이블,8544,일본,14201702,1379231
2024-10,전선·케이블,8544,전체,385664851,31626654
2024-10,전선·케이블,8544,중국,52438707,3569275
2024-10,전선·케이블,8544,카자흐스탄,740016,60066
2024-10,전선·케이블,8544,캐나다,1286867,91256
2024-10,전선·케이블,8544,태국,2503688,218192
2024-10,전선·케이블,8544,튀르키예,2854405,150048
2024-10,전선·케이블,8544,폴란드,2806636,137667
2024-10,전선·케이블,8544,필리핀,15823421,1424499
2024-10,전선·케이블,8544,호주,4576756,401179
2024-10,전선·케이블,8544,홍콩,3732085,606267
2024-10,태양광 모듈,854143,독일,2826,510
2024-10,태양광 모듈,854143,멕시코,0,0
2024-10,태양광 모듈,854143,미국,16704,256
2024-10,태양광 모듈,854143,베트남,4912,1056
2024-10,태양광 모듈,854143,인도,5019,21
2024-10,태양광 모듈,854143,인도네시아,135899,14496
2024-10,태양광 모듈,854143,일본,4294952,917270
2024-10,태양광 모듈,854143,전체,4761258,1293367
2024-10,태양광 모듈,854143,중국,78709,10967
2024-10,태양광 모듈,854143,캐나다,1058,246
2024-10,태양광 모듈,854143,태국,13879,416
2024-10,태양광 모듈,854143,필리핀,4405,1400
2024-10,태양광 모듈,854143,홍콩,1220,1
2024-10,화장품,3304,네덜란드,6220252,205749
2024-10,화장품,3304,대만,19999965,1196915
2024-10,화장품,3304,독일,4749922,114930
2024-10,화장품,3304,러시아,28189484,1236731
2024-10,화장품,3304,말레이시아,10766556,525856
2024-10,화장품,3304,멕시코,2166850,47750
2024-10,화장품,3304,미국,132445207,4426993
2024-10,화장품,3304,베트남,39674662,1145968
2024-10,화장품,3304,사우디아라비아,7280841,115884
2024-10,화장품,3304,싱가포르,11070648,361209
2024-10,화장품,3304,아랍에미리트,16167699,306561
2024-10,화장품,3304,영국,10856889,314997
2024-10,화장품,3304,인도,5719302,208243
2024-10,화장품,3304,인도네시아,9712373,209548
2024-10,화장품,3304,일본,85240109,2375696
2024-10,화장품,3304,전체,874725192,24052539
2024-10,화장품,3304,중국,298417751,5520450
2024-10,화장품,3304,카자흐스탄,6412576,251460
2024-10,화장품,3304,캐나다,7875044,256276
2024-10,화장품,3304,태국,15294103,552655
2024-10,화장품,3304,튀르키예,5576706,112740
2024-10,화장품,3304,폴란드,6070213,217689
2024-10,화장품,3304,필리핀,6852334,397154
2024-10,화장품,3304,호주,8292496,304142
2024-10,화장품,3304,홍콩,50955066,1188867
2024-11,라면,190230,네덜란드,7498173,1752296
2024-11,라면,190230,대만,3690069,1080351
2024-11,라면,190230,독일,3949447,938000
2024-11,라면,190230,러시아,3394165,778928
2024-11,라면,190230,말레이시아,4485171,1046719
2024-11,라면,190230,멕시코,3098595,721441
2024-11,라면,190230,미국,22330407,4761260
2024-11,라면,190230,베트남,1644859,479120
2024-11,라면,190230,사우디아라비아,688700,164304
2024-11,라면,190230,싱가포르,1251710,284921
2024-11,라면,190230,아랍에미리트,1852931,443961
2024-11,라면,190230,영국,3648526,752510
2024-11,라면,190230,인도,843043,206027
2024-11,라면,190230,인도네시아,510000,154669
2024-11,라면,190230,일본,7114516,2584174
2024-11,라면,190230,전체,126268858,33442584
2024-11,라면,190230,중국,28174077,8723877
2024-11,라면,190230,카자흐스탄,1536512,352434
2024-11,라면,190230,캐나다,3737710,1190400
2024-11,라면,190230,태국,4406409,1082231
2024-11,라면,190230,튀르키예,10054,6700
2024-11,라면,190230,폴란드,346782,115739
2024-11,라면,190230,필리핀,5894935,1533767
2024-11,라면,190230,호주,3606024,996175
2024-11,라면,190230,홍콩,2122255,717982
2024-11,리튬이온 배터리,850760,네덜란드,150423,1633
2024-11,리튬이온 배터리,850760,대만,141598,994
2024-11,리튬이온 배터리,850760,독일,10018419,253531
2024-11,리튬이온 배터리,850760,말레이시아,5202,155
2024-11,리튬이온 배터리,850760,멕시코,614,10
2024-11,리튬이온 배터리,850760,미국,267039207,12978531
2024-11,리튬이온 배터리,850760,베트남,15588225,201077
2024-11,리튬이온 배터리,850760,싱가포르,273317,5363
2024-11,리튬이온 배터리,850760,아랍에미리트,69124,878
2024-11,리튬이온 배터리,850760,영국,107708,1036
2024-11,리튬이온 배터리,850760,인도,19016333,842691
2024-11,리튬이온 배터리,850760,인도네시아,65532,357
2024-11,리튬이온 배터리,850760,일본,18029570,508469
2024-11,리튬이온 배터리,850760,전체,410027316,16851682
2024-11,리튬이온 배터리,850760,중국,51473824,1459051
2024-11,리튬이온 배터리,850760,카자흐스탄,1366,22
2024-11,리튬이온 배터리,850760,캐나다,932114,16669
2024-11,리튬이온 배터리,850760,태국,153956,543
2024-11,리튬이온 배터리,850760,튀르키예,167266,683
2024-11,리튬이온 배터리,850760,폴란드,3614159,34854
2024-11,리튬이온 배터리,850760,필리핀,3465688,114368
2024-11,리튬이온 배터리,850760,호주,173451,3488
2024-11,리튬이온 배터리,850760,홍콩,1351670,2414
2024-11,메모리 반도체,854232,네덜란드,3575669,224
2024-11,메모리 반도체,854232,대만,1836649833,23552
2024-11,메모리 반도체,854232,독일,18852116,815
2024-11,메모리 반도체,854232,말레이시아,123679026,2048
2024-11,메모리 반도체,854232,멕시코,6538682,413
2024-11,메모리 반도체,854232,미국,63654417,837
2024-11,메모리 반도체,854232,베트남,744609174,42220
2024-11,메모리 반도체,854232,사우디아라비아,4060,1
2024-11,메모리 반도체,854232,싱가포르,9247003,3597
2024-11,메모리 반도체,854232,영국,2574,1
2024-11,메모리 반도체,854232,인도,118852458,4661
2024-11,메모리 반도체,854232,인도네시아,19869712,1158
2024-11,메모리 반도체,854232,일본,37933660,1935
2024-11,메모리 반도체,854232,전체,6443621669,257840
2024-11,메모리 반도체,854232,중국,2061000511,83260
2024-11,메모리 반도체,854232,캐나다,3190,0
2024-11,메모리 반도체,854232,태국,15082272,1275
2024-11,메모리 반도체,854232,튀르키예,6921860,266
2024-11,메모리 반도체,854232,폴란드,2075595,729
2024-11,메모리 반도체,854232,필리핀,53594570,2387
2024-11,메모리 반도체,854232,호주,14,0
2024-11,메모리 반도체,854232,홍콩,1276100643,84858
2024-11,바이오의약품·톡신,3002,네덜란드,32483151,2861
2024-11,바이오의약품·톡신,3002,대만,2741472,597
2024-11,바이오의약품·톡신,3002,독일,13589832,4138
2024-11,바이오의약품·톡신,3002,러시아,752221,3113
2024-11,바이오의약품·톡신,3002,말레이시아,2570912,7292
2024-11,바이오의약품·톡신,3002,멕시코,880981,2191
2024-11,바이오의약품·톡신,3002,미국,163655532,46227
2024-11,바이오의약품·톡신,3002,베트남,8412085,36629
2024-11,바이오의약품·톡신,3002,사우디아라비아,2765117,4119
2024-11,바이오의약품·톡신,3002,싱가포르,442947,876
2024-11,바이오의약품·톡신,3002,아랍에미리트,165231,3651
2024-11,바이오의약품·톡신,3002,영국,15027790,430
2024-11,바이오의약품·톡신,3002,인도,1255495,5750
2024-11,바이오의약품·톡신,3002,인도네시아,434281,4669
2024-11,바이오의약품·톡신,3002,일본,12958084,9987
2024-11,바이오의약품·톡신,3002,전체,671858077,427843
2024-11,바이오의약품·톡신,3002,중국,4888561,21363
2024-11,바이오의약품·톡신,3002,카자흐스탄,431516,898
2024-11,바이오의약품·톡신,3002,캐나다,4552317,3999
2024-11,바이오의약품·톡신,3002,태국,2965645,5735
2024-11,바이오의약품·톡신,3002,튀르키예,38983268,13059
2024-11,바이오의약품·톡신,3002,폴란드,1133131,3400
2024-11,바이오의약품·톡신,3002,필리핀,2347020,9389
2024-11,바이오의약품·톡신,3002,호주,2376581,2479
2024-11,바이오의약품·톡신,3002,홍콩,4640669,7844
2024-11,반도체 장비,8486,네덜란드,19349902,22170
2024-11,반도체 장비,8486,대만,97512855,476785
2024-11,반도체 장비,8486,독일,2755783,10418
2024-11,반도체 장비,8486,말레이시아,21871724,103045
2024-11,반도체 장비,8486,멕시코,86382,1675
2024-11,반도체 장비,8486,미국,66466611,309898
2024-11,반도체 장비,8486,베트남,21454087,246759
2024-11,반도체 장비,8486,사우디아라비아,910,1
2024-11,반도체 장비,8486,싱가포르,55354036,282061
2024-11,반도체 장비,8486,영국,3163778,13371
2024-11,반도체 장비,8486,인도,635239,5463
2024-11,반도체 장비,8486,인도네시아,37852,127
2024-11,반도체 장비,8486,일본,45545414,236487
2024-11,반도체 장비,8486,전체,741200189,5069331
2024-11,반도체 장비,8486,중국,388816861,3299530
2024-11,반도체 장비,8486,카자흐스탄,75300,1278
2024-11,반도체 장비,8486,캐나다,2586,12
2024-11,반도체 장비,8486,태국,2388985,17049
2024-11,반도체 장비,8486,폴란드,3978,9
2024-11,반도체 장비,8486,필리핀,1265210,3530
2024-11,반도체 장비,8486,호주,1459,1
2024-11,반도체 장비,8486,홍콩,2380615,9422
2024-11,변압기·전력변환기,8504,네덜란드,3332247,58172
2024-11,변압기·전력변환기,8504,대만,4595906,435410
2024-11,변압기·전력변환기,8504,독일,2246531,25218
2024-11,변압기·전력변환기,8504,러시아,7849,311
2024-11,변압기·전력변환기,8504,말레이시아,958500,14395
2024-11,변압기·전력변환기,8504,멕시코,5097082,139170
2024-11,변압기·전력변환기,8504,미국,128789623,10518751
2024-11,변압기·전력변환기,8504,베트남,25153792,722936
2024-11,변압기·전력변환기,8504,사우디아라비아,15806843,843636
2024-11,변압기·전력변환기,8504,싱가포르,1711841,111236
2024-11,변압기·전력변환기,8504,아랍에미리트,2305628,177443
2024-11,변압기·전력변환기,8504,영국,6340935,354615
2024-11,변압기·전력변환기,8504,인도,5305499,175277
2024-11,변압기·전력변환기,8504,인도네시아,3275347,242592
2024-11,변압기·전력변환기,8504,일본,7855661,624689
2024-11,변압기·전력변환기,8504,전체,284375937,17000255
2024-11,변압기·전력변환기,8504,중국,22133948,723619
2024-11,변압기·전력변환기,8504,카자흐스탄,27007,483
2024-11,변압기·전력변환기,8504,캐나다,349116,7208
2024-11,변압기·전력변환기,8504,태국,3384916,146811
2024-11,변압기·전력변환기,8504,튀르키예,532338,11533
2024-11,변압기·전력변환기,8504,폴란드,2156458,34446
2024-11,변압기·전력변환기,8504,필리핀,5793779,512832
2024-11,변압기·전력변환기,8504,호주,423526,32279
2024-11,변압기·전력변환기,8504,홍콩,2345106,38840
2024-11,선박,8901,말레이시아,735000,575000
2024-11,선박,8901,싱가포르,547293844,227779100
2024-11,선박,8901,영국,45056935,13792000
2024-11,선박,8901,일본,0,0
2024-11,선박,8901,전체,2396395392,878883800
2024-11,선박,8901,중국,14200000,25645000
2024-11,선박,8901,필리핀,900000,208000
2024-11,선박,8901,호주,0,0
2024-11,선박,8901,홍콩,0,0
2024-11,승용차,8703,네덜란드,95879713,6474555
2024-11,승용차,8703,대만,41583934,3183966
2024-11,승용차,8703,독일,140261949,8806914
2024-11,승용차,8703,러시아,37437121,3396783
2024-11,승용차,8703,말레이시아,3700,2000
2024-11,승용차,8703,멕시코,35050668,2732852
2024-11,승용차,8703,미국,2563206232,171116448
2024-11,승용차,8703,베트남,17729917,1512257
2024-11,승용차,8703,사우디아라비아,139293959,10811108
2024-11,승용차,8703,싱가포르,7896440,573220
2024-11,승용차,8703,아랍에미리트,40013860,6130671
2024-11,승용차,8703,영국,157308114,8677670
2024-11,승용차,8703,인도,1017737,49357
2024-11,승용차,8703,인도네시아,12365559,930010
2024-11,승용차,8703,일본,3148332,250984
2024-11,승용차,8703,전체,5449951127,426085931
2024-11,승용차,8703,중국,31139251,777952
2024-11,승용차,8703,카자흐스탄,159399775,12946006
2024-11,승용차,8703,캐나다,383230842,27740334
2024-11,승용차,8703,태국,886207,50630
2024-11,승용차,8703,튀르키예,33579047,6664816
2024-11,승용차,8703,폴란드,25735825,1904651
2024-11,승용차,8703,필리핀,21513775,1322527
2024-11,승용차,8703,호주,238866952,17709025
2024-11,승용차,8703,홍콩,362736,27257
2024-11,시스템반도체,854231,네덜란드,3076428,1490
2024-11,시스템반도체,854231,대만,183568737,69686
2024-11,시스템반도체,854231,독일,979955,430
2024-11,시스템반도체,854231,말레이시아,87320019,30551
2024-11,시스템반도체,854231,멕시코,6630985,5262
2024-11,시스템반도체,854231,미국,100901745,9423
2024-11,시스템반도체,854231,베트남,665290313,73763
2024-11,시스템반도체,854231,싱가포르,237272903,52901
2024-11,시스템반도체,854231,아랍에미리트,288207,45
2024-11,시스템반도체,854231,영국,50646,50
2024-11,시스템반도체,854231,인도,126600387,19530
2024-11,시스템반도체,854231,인도네시아,19655254,4272
2024-11,시스템반도체,854231,일본,11347256,3770
2024-11,시스템반도체,854231,전체,3056340413,524947
2024-11,시스템반도체,854231,중국,1237355872,121156
2024-11,시스템반도체,854231,캐나다,169534,61
2024-11,시스템반도체,854231,태국,22930942,14027
2024-11,시스템반도체,854231,튀르키예,1607352,144
2024-11,시스템반도체,854231,폴란드,19786152,11101
2024-11,시스템반도체,854231,필리핀,53925851,28986
2024-11,시스템반도체,854231,호주,21674,32
2024-11,시스템반도체,854231,홍콩,186476651,56307
2024-11,완제의약품,3004,네덜란드,12456,26
2024-11,완제의약품,3004,대만,3631222,333531
2024-11,완제의약품,3004,독일,419055,5802
2024-11,완제의약품,3004,러시아,388459,3119
2024-11,완제의약품,3004,말레이시아,586053,8561
2024-11,완제의약품,3004,멕시코,2900423,10460
2024-11,완제의약품,3004,미국,2331283,49760
2024-11,완제의약품,3004,베트남,14798866,783828
2024-11,완제의약품,3004,사우디아라비아,572752,40388
2024-11,완제의약품,3004,싱가포르,522425,11178
2024-11,완제의약품,3004,아랍에미리트,1743955,24968
2024-11,완제의약품,3004,영국,789472,1282
2024-11,완제의약품,3004,인도,12190,12
2024-11,완제의약품,3004,인도네시아,520145,6325
2024-11,완제의약품,3004,일본,12705025,125147
2024-11,완제의약품,3004,전체,85880997,2432822
2024-11,완제의약품,3004,중국,6803492,186374
2024-11,완제의약품,3004,카자흐스탄,438645,3916
2024-11,완제의약품,3004,캐나다,2893,13
2024-11,완제의약품,3004,태국,6379132,65839
2024-11,완제의약품,3004,튀르키예,566013,5344
2024-11,완제의약품,3004,폴란드,139450,317
2024-11,완제의약품,3004,필리핀,6478440,161129
2024-11,완제의약품,3004,호주,368995,10502
2024-11,완제의약품,3004,홍콩,2056049,17307
2024-11,의료기기,9018,네덜란드,3515021,27568
2024-11,의료기기,9018,대만,4957143,40239
2024-11,의료기기,9018,독일,5842057,37267
2024-11,의료기기,9018,러시아,11885540,83249
2024-11,의료기기,9018,말레이시아,2912011,23610
2024-11,의료기기,9018,멕시코,3820144,39840
2024-11,의료기기,9018,미국,49375411,528298
2024-11,의료기기,9018,베트남,7329760,203702
2024-11,의료기기,9018,사우디아라비아,2628183,30075
2024-11,의료기기,9018,싱가포르,3487216,18233
2024-11,의료기기,9018,아랍에미리트,3403417,21847
2024-11,의료기기,9018,영국,2321108,21671
2024-11,의료기기,9018,인도,9596611,130583
2024-11,의료기기,9018,인도네시아,3575589,58851
2024-11,의료기기,9018,일본,16679403,121452
2024-11,의료기기,9018,전체,235723746,2232441
2024-11,의료기기,9018,중국,17095776,113382
2024-11,의료기기,9018,카자흐스탄,1958688,24753
2024-11,의료기기,9018,캐나다,2478994,16216
2024-11,의료기기,9018,태국,5630289,47913
2024-11,의료기기,9018,튀르키예,2880808,18031
2024-11,의료기기,9018,폴란드,4160127,21134
2024-11,의료기기,9018,필리핀,1696439,63725
2024-11,의료기기,9018,호주,2884157,27250
2024-11,의료기기,9018,홍콩,2960762,13638
2024-11,전선·케이블,8544,네덜란드,317773,15477
2024-11,전선·케이블,8544,대만,6146359,559945
2024-11,전선·케이블,8544,독일,1960379,109198
2024-11,전선·케이블,8544,러시아,79943,1941
2024-11,전선·케이블,8544,말레이시아,11102569,640802
2024-11,전선·케이블,8544,멕시코,22711312,1190939
2024-11,전선·케이블,8544,미국,65245054,7016281
2024-11,전선·케이블,8544,베트남,43748887,2788401
2024-11,전선·케이블,8544,사우디아라비아,470866,37464
2024-11,전선·케이블,8544,싱가포르,9372339,649633
2024-11,전선·케이블,8544,아랍에미리트,6355141,665480
2024-11,전선·케이블,8544,영국,1560651,79837
2024-11,전선·케이블,8544,인도,8835961,408533
2024-11,전선·케이블,8544,인도네시아,4420978,323810
2024-11,전선·케이블,8544,일본,12764452,1269945
2024-11,전선·케이블,8544,전체,317665682,25146984
2024-11,전선·케이블,8544,중국,53071470,3605223
2024-11,전선·케이블,8544,카자흐스탄,98452,6207
2024-11,전선·케이블,8544,캐나다,2608997,57979
2024-11,전선·케이블,8544,태국,2332462,179648
2024-11,전선·케이블,8544,튀르키예,3301671,206720
2024-11,전선·케이블,8544,폴란드,2005236,88005
2024-11,전선·케이블,8544,필리핀,14083370,1286877
2024-11,전선·케이블,8544,호주,4051617,384145
2024-11,전선·케이블,8544,홍콩,3005206,483972
2024-11,태양광 모듈,854143,독일,582,650
2024-11,태양광 모듈,854143,미국,58780,2311
2024-11,태양광 모듈,854143,베트남,0,0
2024-11,태양광 모듈,854143,싱가포르,1606,205
2024-11,태양광 모듈,854143,인도,440,116
2024-11,태양광 모듈,854143,인도네시아,0,0
2024-11,태양광 모듈,854143,일본,1569907,337798
2024-11,태양광 모듈,854143,전체,2023348,635486
2024-11,태양광 모듈,854143,중국,4260,634
2024-11,태양광 모듈,854143,태국,240,113
2024-11,태양광 모듈,854143,필리핀,6407,220
2024-11,화장품,3304,네덜란드,4654528,145001
2024-11,화장품,3304,대만,23353357,1214322
2024-11,화장품,3304,독일,4632805,107382
2024-11,화장품,3304,러시아,35015991,1251826
2024-11,화장품,3304,말레이시아,10020785,337665
2024-11,화장품,3304,멕시코,1291128,23111
2024-11,화장품,3304,미국,128632862,4160042
2024-11,화장품,3304,베트남,43119613,1050412
2024-11,화장품,3304,사우디아라비아,4018031,106695
2024-11,화장품,3304,싱가포르,10293078,308378
2024-11,화장품,3304,아랍에미리트,15858047,300145
2024-11,화장품,3304,영국,11553991,292514
2024-11,화장품,3304,인도,5683909,155372
2024-11,화장품,3304,인도네시아,11875436,279438
2024-11,화장품,3304,일본,84937166,2085005
2024-11,화장품,3304,전체,762432150,22124093
2024-11,화장품,3304,중국,163762512,4579164
2024-11,화장품,3304,카자흐스탄,8744867,303288
2024-11,화장품,3304,캐나다,8695866,213399
2024-11,화장품,3304,태국,17182206,470219
2024-11,화장품,3304,튀르키예,5687879,132849
2024-11,화장품,3304,폴란드,10905644,414043
2024-11,화장품,3304,필리핀,5794268,267940
2024-11,화장품,3304,호주,9260411,296333
2024-11,화장품,3304,홍콩,52790824,1107023
2024-12,라면,190230,네덜란드,7449952,1881829
2024-12,라면,190230,대만,4603246,1233960
2024-12,라면,190230,독일,3849628,974889
2024-12,라면,190230,러시아,2995491,781181
2024-12,라면,190230,말레이시아,4366663,1045724
2024-12,라면,190230,멕시코,1970967,465061
2024-12,라면,190230,미국,23943320,5058504
2024-12,라면,190230,베트남,1908080,557641
2024-12,라면,190230,사우디아라비아,990771,223599
2024-12,라면,190230,싱가포르,892982,228051
2024-12,라면,190230,아랍에미리트,1186814,302164
2024-12,라면,190230,영국,3002966,649109
2024-12,라면,190230,인도,941665,230109
2024-12,라면,190230,인도네시아,953434,247234
2024-12,라면,190230,일본,4151994,1392666
2024-12,라면,190230,전체,118455775,30933214
2024-12,라면,190230,중국,26130434,7865998
2024-12,라면,190230,카자흐스탄,2028195,487171
2024-12,라면,190230,캐나다,2292959,847089
2024-12,라면,190230,태국,4788143,1136127
2024-12,라면,190230,튀르키예,9890,7912
2024-12,라면,190230,폴란드,298485,73880
2024-12,라면,190230,필리핀,4668315,1251174
2024-12,라면,190230,호주,2564334,680029
2024-12,라면,190230,홍콩,1863963,668715
2024-12,리튬이온 배터리,850760,네덜란드,189324,1297
2024-12,리튬이온 배터리,850760,대만,25964348,1144754
2024-12,리튬이온 배터리,850760,독일,15527859,579551
2024-12,리튬이온 배터리,850760,말레이시아,9914,57
2024-12,리튬이온 배터리,850760,멕시코,4051,12
2024-12,리튬이온 배터리,850760,미국,370167726,18307381
2024-12,리튬이온 배터리,850760,베트남,16618226,225733
2024-12,리튬이온 배터리,850760,사우디아라비아,410,1
2024-12,리튬이온 배터리,850760,싱가포르,3432031,96955
2024-12,리튬이온 배터리,850760,아랍에미리트,30397,479
2024-12,리튬이온 배터리,850760,영국,644665,3975
2024-12,리튬이온 배터리,850760,인도,16062813,698432
2024-12,리튬이온 배터리,850760,인도네시아,101756,834
2024-12,리튬이온 배터리,850760,일본,27292467,668927
2024-12,리튬이온 배터리,850760,전체,574203223,24441999
2024-12,리튬이온 배터리,850760,중국,35253173,785881
2024-12,리튬이온 배터리,850760,카자흐스탄,384,6
2024-12,리튬이온 배터리,850760,캐나다,383963,7352
2024-12,리튬이온 배터리,850760,태국,50673,201
2024-12,리튬이온 배터리,850760,튀르키예,15115,129
2024-12,리튬이온 배터리,850760,폴란드,330388,8853
2024-12,리튬이온 배터리,850760,필리핀,2026538,66237
2024-12,리튬이온 배터리,850760,호주,4992456,134992
2024-12,리튬이온 배터리,850760,홍콩,2844413,12857
2024-12,메모리 반도체,854232,네덜란드,1349482,74
2024-12,메모리 반도체,854232,대만,2181976275,29737
2024-12,메모리 반도체,854232,독일,34288924,1586
2024-12,메모리 반도체,854232,말레이시아,118130236,2214
2024-12,메모리 반도체,854232,멕시코,5456619,279
2024-12,메모리 반도체,854232,미국,24455079,1361
2024-12,메모리 반도체,854232,베트남,662435659,52111
2024-12,메모리 반도체,854232,사우디아라비아,960,1
2024-12,메모리 반도체,854232,싱가포르,66038885,6553
2024-12,메모리 반도체,854232,영국,706307,42
2024-12,메모리 반도체,854232,인도,57758704,1929
2024-12,메모리 반도체,854232,인도네시아,18981977,786
2024-12,메모리 반도체,854232,일본,46315456,1758
2024-12,메모리 반도체,854232,전체,7444169908,285751
2024-12,메모리 반도체,854232,중국,2085275391,86453
2024-12,메모리 반도체,854232,캐나다,3400231,100
2024-12,메모리 반도체,854232,태국,11339934,838
2024-12,메모리 반도체,854232,튀르키예,2159984,91
2024-12,메모리 반도체,854232,폴란드,1304537,396
2024-12,메모리 반도체,854232,필리핀,97003102,4355
2024-12,메모리 반도체,854232,호주,5,0
2024-12,메모리 반도체,854232,홍콩,1965712904,90799
2024-12,바이오의약품·톡신,3002,네덜란드,42305059,7186
2024-12,바이오의약품·톡신,3002,대만,1150641,1162
2024-12,바이오의약품·톡신,3002,독일,3349411,3653
2024-12,바이오의약품·톡신,3002,러시아,267402,444
2024-12,바이오의약품·톡신,3002,말레이시아,896969,14625
2024-12,바이오의약품·톡신,3002,멕시코,326745,33157
2024-12,바이오의약품·톡신,3002,미국,86875408,14367
2024-12,바이오의약품·톡신,3002,베트남,6169210,40535
2024-12,바이오의약품·톡신,3002,사우디아라비아,6664712,7871
2024-12,바이오의약품·톡신,3002,싱가포르,2824136,6735
2024-12,바이오의약품·톡신,3002,아랍에미리트,1539403,9361
2024-12,바이오의약품·톡신,3002,영국,2527240,564
2024-12,바이오의약품·톡신,3002,인도,3195419,9968
2024-12,바이오의약품·톡신,3002,인도네시아,153497,260
2024-12,바이오의약품·톡신,3002,일본,29349068,21022
2024-12,바이오의약품·톡신,3002,전체,463785045,391337
2024-12,바이오의약품·톡신,3002,중국,7986184,24446
2024-12,바이오의약품·톡신,3002,카자흐스탄,392398,572
2024-12,바이오의약품·톡신,3002,캐나다,9023,0
2024-12,바이오의약품·톡신,3002,태국,3739987,6447
2024-12,바이오의약품·톡신,3002,튀르키예,26716505,11844
2024-12,바이오의약품·톡신,3002,폴란드,278645,960
2024-12,바이오의약품·톡신,3002,필리핀,991929,5720
2024-12,바이오의약품·톡신,3002,호주,1971674,1907
2024-12,바이오의약품·톡신,3002,홍콩,1687150,2662
2024-12,반도체 장비,8486,네덜란드,28540442,24733
2024-12,반도체 장비,8486,대만,101965641,527274
2024-12,반도체 장비,8486,독일,2386648,8940
2024-12,반도체 장비,8486,말레이시아,21411606,126642
2024-12,반도체 장비,8486,멕시코,87833,2076
2024-12,반도체 장비,8486,미국,77751144,791441
2024-12,반도체 장비,8486,베트남,16666357,207485
2024-12,반도체 장비,8486,사우디아라비아,0,0
2024-12,반도체 장비,8486,싱가포르,81799686,332643
2024-12,반도체 장비,8486,아랍에미리트,0,0
2024-12,반도체 장비,8486,영국,6748344,33717
2024-12,반도체 장비,8486,인도,25333,487
2024-12,반도체 장비,8486,인도네시아,141529,2125
2024-12,반도체 장비,8486,일본,65176317,274217
2024-12,반도체 장비,8486,전체,791862972,6372487
2024-12,반도체 장비,8486,중국,355100820,3942696
2024-12,반도체 장비,8486,캐나다,2949,1
2024-12,반도체 장비,8486,태국,516377,2286
2024-12,반도체 장비,8486,폴란드,27401,46
2024-12,반도체 장비,8486,필리핀,2852305,18364
2024-12,반도체 장비,8486,호주,305,0
2024-12,반도체 장비,8486,홍콩,2220734,13203
2024-12,변압기·전력변환기,8504,네덜란드,2415892,51676
2024-12,변압기·전력변환기,8504,대만,5938485,674102
2024-12,변압기·전력변환기,8504,독일,2061949,17927
2024-12,변압기·전력변환기,8504,말레이시아,2018450,130012
2024-12,변압기·전력변환기,8504,멕시코,4515755,112113
2024-12,변압기·전력변환기,8504,미국,243818883,16745749
2024-12,변압기·전력변환기,8504,베트남,27986712,729500
2024-12,변압기·전력변환기,8504,사우디아라비아,5948195,290936
2024-12,변압기·전력변환기,8504,싱가포르,1538940,17511
2024-12,변압기·전력변환기,8504,아랍에미리트,1969184,171593
2024-12,변압기·전력변환기,8504,영국,2780336,266929
2024-12,변압기·전력변환기,8504,인도,9481091,773257
2024-12,변압기·전력변환기,8504,인도네시아,2743219,291423
2024-12,변압기·전력변환기,8504,일본,7686128,489698
2024-12,변압기·전력변환기,8504,전체,416490463,25584088
2024-12,변압기·전력변환기,8504,중국,25371465,1129817
2024-12,변압기·전력변환기,8504,카자흐스탄,26849,1207
2024-12,변압기·전력변환기,8504,캐나다,9979841,506350
2024-12,변압기·전력변환기,8504,태국,2574857,129526
2024-12,변압기·전력변환기,8504,튀르키예,569600,12091
2024-12,변압기·전력변환기,8504,폴란드,2193874,36248
2024-12,변압기·전력변환기,8504,필리핀,5842232,467516
2024-12,변압기·전력변환기,8504,호주,1258601,121341
2024-12,변압기·전력변환기,8504,홍콩,2229068,111223
2024-12,선박,8901,멕시코,0,0
2024-12,선박,8901,베트남,0,0
2024-12,선박,8901,사우디아라비아,4600000,3546000
2024-12,선박,8901,싱가포르,314907634,374685300
2024-12,선박,8901,인도,3455,21
2024-12,선박,8901,일본,0,0
2024-12,선박,8901,전체,2035533965,1072967821
2024-12,선박,8901,중국,300000,999000
2024-12,선박,8901,필리핀,890000,2780000
2024-12,승용차,8703,네덜란드,98455262,6790797
2024-12,승용차,8703,대만,47289179,3355296
2024-12,승용차,8703,독일,129358628,7663077
2024-12,승용차,8703,러시아,21394693,1933151
2024-12,승용차,8703,멕시코,35791334,2949090
2024-12,승용차,8703,미국,2705342249,185401579
2024-12,승용차,8703,베트남,27991799,2451707
2024-12,승용차,8703,사우디아라비아,159720498,12511382
2024-12,승용차,8703,싱가포르,12069305,842519
2024-12,승용차,8703,아랍에미리트,51343998,8136526
2024-12,승용차,8703,영국,199560445,11087393
2024-12,승용차,8703,인도,178102,11999
2024-12,승용차,8703,인도네시아,13409378,845956
2024-12,승용차,8703,일본,3801504,369721
2024-12,승용차,8703,전체,5833631158,486844986
2024-12,승용차,8703,중국,40699374,1053799
2024-12,승용차,8703,카자흐스탄,179874248,14627357
2024-12,승용차,8703,캐나다,443589539,34384998
2024-12,승용차,8703,태국,646685,39141
2024-12,승용차,8703,튀르키예,112216574,32048566
2024-12,승용차,8703,폴란드,15090149,1164238
2024-12,승용차,8703,필리핀,6633774,451440
2024-12,승용차,8703,호주,284570504,22343282
2024-12,승용차,8703,홍콩,564652,33198
2024-12,시스템반도체,854231,네덜란드,4639973,3269
2024-12,시스템반도체,854231,대만,173857363,66526
2024-12,시스템반도체,854231,독일,657669,414
2024-12,시스템반도체,854231,말레이시아,96640786,39567
2024-12,시스템반도체,854231,멕시코,27576049,11398
2024-12,시스템반도체,854231,미국,86485763,17346
2024-12,시스템반도체,854231,베트남,544898890,65892
2024-12,시스템반도체,854231,싱가포르,261931944,61006
2024-12,시스템반도체,854231,아랍에미리트,42741,6
2024-12,시스템반도체,854231,영국,120178,71
2024-12,시스템반도체,854231,인도,99677765,16786
2024-12,시스템반도체,854231,인도네시아,10528096,4390
2024-12,시스템반도체,854231,일본,30060603,11319
2024-12,시스템반도체,854231,전체,2913087578,557406
2024-12,시스템반도체,854231,중국,1215445882,132663
2024-12,시스템반도체,854231,카자흐스탄,1018,3
2024-12,시스템반도체,854231,캐나다,123189,83
2024-12,시스템반도체,854231,태국,23535341,17454
2024-12,시스템반도체,854231,튀르키예,1117217,121
2024-12,시스템반도체,854231,폴란드,8111552,4318
2024-12,시스템반도체,854231,필리핀,44579090,25437
2024-12,시스템반도체,854231,호주,376984,386
2024-12,시스템반도체,854231,홍콩,219779014,67205
2024-12,완제의약품,3004,네덜란드,1372488,3192
2024-12,완제의약품,3004,대만,2863980,88966
2024-12,완제의약품,3004,독일,1745988,13961
2024-12,완제의약품,3004,러시아,101940,1838
2024-12,완제의약품,3004,말레이시아,1250486,18275
2024-12,완제의약품,3004,멕시코,3509796,17268
2024-12,완제의약품,3004,미국,3724693,182611
2024-12,완제의약품,3004,베트남,20419615,971403
2024-12,완제의약품,3004,사우디아라비아,8059,32
2024-12,완제의약품,3004,싱가포르,941022,7776
2024-12,완제의약품,3004,아랍에미리트,3119588,28504
2024-12,완제의약품,3004,영국,452467,1417
2024-12,완제의약품,3004,인도,15155,95
2024-12,완제의약품,3004,인도네시아,1317798,14938
2024-12,완제의약품,3004,일본,11718597,128900
2024-12,완제의약품,3004,전체,93235484,2407649
2024-12,완제의약품,3004,중국,8637780,212080
2024-12,완제의약품,3004,카자흐스탄,729151,5766
2024-12,완제의약품,3004,캐나다,117082,2874
2024-12,완제의약품,3004,태국,5201627,34387
2024-12,완제의약품,3004,튀르키예,666325,1514
2024-12,완제의약품,3004,폴란드,137940,340
2024-12,완제의약품,3004,필리핀,1888097,33262
2024-12,완제의약품,3004,호주,102734,2981
2024-12,완제의약품,3004,홍콩,1517803,12529
2024-12,의료기기,9018,네덜란드,4358338,33144
2024-12,의료기기,9018,대만,10254054,51002
2024-12,의료기기,9018,독일,6576026,42685
2024-12,의료기기,9018,러시아,12024981,74263
2024-12,의료기기,9018,말레이시아,2559541,24953
2024-12,의료기기,9018,멕시코,2719916,48813
2024-12,의료기기,9018,미국,48660263,586553
2024-12,의료기기,9018,베트남,6388542,156302
2024-12,의료기기,9018,사우디아라비아,1934701,22128
2024-12,의료기기,9018,싱가포르,3497210,15854
2024-12,의료기기,9018,아랍에미리트,7732257,42186
2024-12,의료기기,9018,영국,4671498,28059
2024-12,의료기기,9018,인도,12055175,236011
2024-12,의료기기,9018,인도네시아,3958220,34202
2024-12,의료기기,9018,일본,20232588,112434
2024-12,의료기기,9018,전체,246487888,2298553
2024-12,의료기기,9018,중국,20945457,157655
2024-12,의료기기,9018,카자흐스탄,1635063,30028
2024-12,의료기기,9018,캐나다,1353376,7854
2024-12,의료기기,9018,태국,4824739,35816
2024-12,의료기기,9018,튀르키예,2254101,10951
2024-12,의료기기,9018,폴란드,3521679,14273
2024-12,의료기기,9018,필리핀,2029627,45538
2024-12,의료기기,9018,호주,2475721,16891
2024-12,의료기기,9018,홍콩,3268959,9718
2024-12,전선·케이블,8544,네덜란드,10686646,903398
2024-12,전선·케이블,8544,대만,4688880,428808
2024-12,전선·케이블,8544,독일,1844638,100469
2024-12,전선·케이블,8544,러시아,231026,16233
2024-12,전선·케이블,8544,말레이시아,20277872,1207980
2024-12,전선·케이블,8544,멕시코,23837191,1276231
2024-12,전선·케이블,8544,미국,76778951,8501876
2024-12,전선·케이블,8544,베트남,35977306,2454043
2024-12,전선·케이블,8544,사우디아라비아,466035,56403
2024-12,전선·케이블,8544,싱가포르,6849894,862933
2024-12,전선·케이블,8544,아랍에미리트,1425959,154994
2024-12,전선·케이블,8544,영국,5542126,397806
2024-12,전선·케이블,8544,인도,10889806,619642
2024-12,전선·케이블,8544,인도네시아,3963061,277432
2024-12,전선·케이블,8544,일본,12392531,1144997
2024-12,전선·케이블,8544,전체,353803154,29078664
2024-12,전선·케이블,8544,중국,47429175,3246649
2024-12,전선·케이블,8544,카자흐스탄,777218,16974
2024-12,전선·케이블,8544,캐나다,7949933,653149
2024-12,전선·케이블,8544,태국,3455716,284341
2024-12,전선·케이블,8544,튀르키예,2830442,182614
2024-12,전선·케이블,8544,폴란드,1732694,46962
2024-12,전선·케이블,8544,필리핀,16362715,1509410
2024-12,전선·케이블,8544,호주,4514256,446370
2024-12,전선·케이블,8544,홍콩,4014466,584411
2024-12,태양광 모듈,854143,네덜란드,0,0
2024-12,태양광 모듈,854143,대만,2230,148
2024-12,태양광 모듈,854143,독일,1486,350
2024-12,태양광 모듈,854143,미국,24196,889
2024-12,태양광 모듈,854143,베트남,2473,6
2024-12,태양광 모듈,854143,인도네시아,5492,2737
2024-12,태양광 모듈,854143,일본,1951593,497050
2024-12,태양광 모듈,854143,전체,2127569,637858
2024-12,태양광 모듈,854143,중국,74422,78085
2024-12,태양광 모듈,854143,태국,4146,31
2024-12,태양광 모듈,854143,필리핀,13606,4000
2024-12,태양광 모듈,854143,홍콩,4150,4
2024-12,화장품,3304,네덜란드,3684460,79298
2024-12,화장품,3304,대만,20055281,1297189
2024-12,화장품,3304,독일,3237504,83194
2024-12,화장품,3304,러시아,28434583,1061870
2024-12,화장품,3304,말레이시아,10650805,453702
2024-12,화장품,3304,멕시코,2631960,44699
2024-12,화장품,3304,미국,127371415,3794638
2024-12,화장품,3304,베트남,44665099,2863592
2024-12,화장품,3304,사우디아라비아,4124484,106347
2024-12,화장품,3304,싱가포르,8108395,216815
2024-12,화장품,3304,아랍에미리트,16454104,316822
2024-12,화장품,3304,영국,12245378,262518
2024-12,화장품,3304,인도,6506873,221308
2024-12,화장품,3304,인도네시아,10227532,296352
2024-12,화장품,3304,일본,66490780,1630476
2024-12,화장품,3304,전체,733631281,23733944
2024-12,화장품,3304,중국,152052175,4803565
2024-12,화장품,3304,카자흐스탄,6674322,244877
2024-12,화장품,3304,캐나다,10246758,349202
2024-12,화장품,3304,태국,15720706,410061
2024-12,화장품,3304,튀르키예,5280734,125676
2024-12,화장품,3304,폴란드,12790701,504198
2024-12,화장품,3304,필리핀,8119571,490181
2024-12,화장품,3304,호주,8473402,360540
2024-12,화장품,3304,홍콩,66768119,1062919
2025-01,라면,190230,네덜란드,6360183,1570711
2025-01,라면,190230,대만,4342294,1322930
2025-01,라면,190230,독일,3914792,1002100
2025-01,라면,190230,러시아,3155372,729355
2025-01,라면,190230,말레이시아,4835321,1156355
2025-01,라면,190230,멕시코,1817529,428960
2025-01,라면,190230,미국,20785910,4488154
2025-01,라면,190230,베트남,1667649,462095
2025-01,라면,190230,사우디아라비아,1683086,398038
2025-01,라면,190230,싱가포르,933422,252773
2025-01,라면,190230,아랍에미리트,2392679,514065
2025-01,라면,190230,영국,3853033,767201
2025-01,라면,190230,인도,1579445,376479
2025-01,라면,190230,인도네시아,1303798,305709
2025-01,라면,190230,일본,6087711,2139613
2025-01,라면,190230,전체,114524139,29747403
2025-01,라면,190230,중국,20365657,5850936
2025-01,라면,190230,카자흐스탄,1393433,320244
2025-01,라면,190230,캐나다,3023478,852713
2025-01,라면,190230,태국,3153436,814209
2025-01,라면,190230,튀르키예,0,0
2025-01,라면,190230,폴란드,310009,96971
2025-01,라면,190230,필리핀,5467298,1444998
2025-01,라면,190230,호주,3196622,899368
2025-01,라면,190230,홍콩,2316056,786498
2025-01,리튬이온 배터리,850760,네덜란드,1276370,49757
2025-01,리튬이온 배터리,850760,대만,67936,69
2025-01,리튬이온 배터리,850760,독일,1463661,22665
2025-01,리튬이온 배터리,850760,말레이시아,7893,167
2025-01,리튬이온 배터리,850760,멕시코,64,1
2025-01,리튬이온 배터리,850760,미국,177292158,8442831
2025-01,리튬이온 배터리,850760,베트남,11382178,200053
2025-01,리튬이온 배터리,850760,사우디아라비아,810,6
2025-01,리튬이온 배터리,850760,싱가포르,1905978,53732
2025-01,리튬이온 배터리,850760,아랍에미리트,144819,1347
2025-01,리튬이온 배터리,850760,영국,33122,477
2025-01,리튬이온 배터리,850760,인도,9212010,334204
2025-01,리튬이온 배터리,850760,인도네시아,72984,469
2025-01,리튬이온 배터리,850760,일본,24356824,553439
2025-01,리튬이온 배터리,850760,전체,296028843,11820264
2025-01,리튬이온 배터리,850760,중국,11794883,298158
2025-01,리튬이온 배터리,850760,카자흐스탄,672,11
2025-01,리튬이온 배터리,850760,캐나다,313050,7448
2025-01,리튬이온 배터리,850760,태국,840122,23153
2025-01,리튬이온 배터리,850760,튀르키예,200195,7399
2025-01,리튬이온 배터리,850760,폴란드,4986487,58200
2025-01,리튬이온 배터리,850760,필리핀,2270963,79012
2025-01,리튬이온 배터리,850760,호주,621011,15213
2025-01,리튬이온 배터리,850760,홍콩,4046770,48502
2025-01,메모리 반도체,854232,네덜란드,1429239,123
2025-01,메모리 반도체,854232,대만,1035692987,16855
2025-01,메모리 반도체,854232,독일,6255958,461
2025-01,메모리 반도체,854232,말레이시아,310694078,2822
2025-01,메모리 반도체,854232,멕시코,6084120,426
2025-01,메모리 반도체,854232,미국,22845506,1686
2025-01,메모리 반도체,854232,베트남,872976828,68111
2025-01,메모리 반도체,854232,싱가포르,10136076,1737
2025-01,메모리 반도체,854232,아랍에미리트,1800,16
2025-01,메모리 반도체,854232,영국,267598,19
2025-01,메모리 반도체,854232,인도,116166205,3379
2025-01,메모리 반도체,854232,인도네시아,15109919,683
2025-01,메모리 반도체,854232,일본,26927564,1608
2025-01,메모리 반도체,854232,전체,4765687489,229221
2025-01,메모리 반도체,854232,중국,1691586414,71951
2025-01,메모리 반도체,854232,캐나다,5685293,134
2025-01,메모리 반도체,854232,태국,10247886,1389
2025-01,메모리 반도체,854232,튀르키예,2954606,94
2025-01,메모리 반도체,854232,폴란드,2862330,788
2025-01,메모리 반도체,854232,필리핀,69356885,3071
2025-01,메모리 반도체,854232,홍콩,501991459,50799
2025-01,바이오의약품·톡신,3002,네덜란드,37393244,5201
2025-01,바이오의약품·톡신,3002,대만,1596352,6205
2025-01,바이오의약품·톡신,3002,독일,69771280,5008
2025-01,바이오의약품·톡신,3002,러시아,242127,1094
2025-01,바이오의약품·톡신,3002,말레이시아,791294,12222
2025-01,바이오의약품·톡신,3002,멕시코,309455,400
2025-01,바이오의약품·톡신,3002,미국,174341950,15621
2025-01,바이오의약품·톡신,3002,베트남,1889097,7208
2025-01,바이오의약품·톡신,3002,사우디아라비아,2550589,1556
2025-01,바이오의약품·톡신,3002,싱가포르,355001,528
2025-01,바이오의약품·톡신,3002,아랍에미리트,201201,25538
2025-01,바이오의약품·톡신,3002,영국,33543281,818
2025-01,바이오의약품·톡신,3002,인도,1104892,5565
2025-01,바이오의약품·톡신,3002,인도네시아,136815,840
2025-01,바이오의약품·톡신,3002,일본,3739175,4009
2025-01,바이오의약품·톡신,3002,전체,591084157,356186
2025-01,바이오의약품·톡신,3002,중국,5147487,28891
2025-01,바이오의약품·톡신,3002,카자흐스탄,1151265,3857
2025-01,바이오의약품·톡신,3002,캐나다,1502336,790
2025-01,바이오의약품·톡신,3002,태국,1957437,10948
2025-01,바이오의약품·톡신,3002,튀르키예,25679937,2456
2025-01,바이오의약품·톡신,3002,폴란드,496481,893
2025-01,바이오의약품·톡신,3002,필리핀,959827,8719
2025-01,바이오의약품·톡신,3002,호주,90108,159
2025-01,바이오의약품·톡신,3002,홍콩,1324737,2040
2025-01,반도체 장비,8486,네덜란드,26492134,38909
2025-01,반도체 장비,8486,대만,97377542,430321
2025-01,반도체 장비,8486,독일,2060116,3697
2025-01,반도체 장비,8486,말레이시아,8509840,60477
2025-01,반도체 장비,8486,멕시코,391399,3448
2025-01,반도체 장비,8486,미국,85666520,495899
2025-01,반도체 장비,8486,베트남,15649727,229786
2025-01,반도체 장비,8486,싱가포르,37800734,222945
2025-01,반도체 장비,8486,영국,2005766,10948
2025-01,반도체 장비,8486,인도,336135,1310
2025-01,반도체 장비,8486,인도네시아,53648,112
2025-01,반도체 장비,8486,일본,54838004,228909
2025-01,반도체 장비,8486,전체,599463929,4193197
2025-01,반도체 장비,8486,중국,260514969,2423179
2025-01,반도체 장비,8486,카자흐스탄,42000,1360
2025-01,반도체 장비,8486,캐나다,0,0
2025-01,반도체 장비,8486,태국,208195,551
2025-01,반도체 장비,8486,폴란드,475620,9978
2025-01,반도체 장비,8486,필리핀,1038960,6067
2025-01,반도체 장비,8486,홍콩,927125,2946
2025-01,변압기·전력변환기,8504,네덜란드,6718912,377697
2025-01,변압기·전력변환기,8504,대만,3905813,346796
2025-01,변압기·전력변환기,8504,독일,2058308,19199
2025-01,변압기·전력변환기,8504,러시아,54132,7684
2025-01,변압기·전력변환기,8504,말레이시아,6727273,471815
2025-01,변압기·전력변환기,8504,멕시코,6651708,94779
2025-01,변압기·전력변환기,8504,미국,141813528,9491318
2025-01,변압기·전력변환기,8504,베트남,31033930,731747
2025-01,변압기·전력변환기,8504,사우디아라비아,9938719,482416
2025-01,변압기·전력변환기,8504,싱가포르,3965696,149686
2025-01,변압기·전력변환기,8504,아랍에미리트,3728471,212305
2025-01,변압기·전력변환기,8504,영국,9943152,514399
2025-01,변압기·전력변환기,8504,인도,7096482,447142
2025-01,변압기·전력변환기,8504,인도네시아,2655889,330531
2025-01,변압기·전력변환기,8504,일본,8025621,598480
2025-01,변압기·전력변환기,8504,전체,313218812,17238795
2025-01,변압기·전력변환기,8504,중국,26093153,1132582
2025-01,변압기·전력변환기,8504,카자흐스탄,2880,108
2025-01,변압기·전력변환기,8504,캐나다,1306576,12738
2025-01,변압기·전력변환기,8504,태국,2140018,122870
2025-01,변압기·전력변환기,8504,튀르키예,869836,14903
2025-01,변압기·전력변환기,8504,폴란드,2420425,45250
2025-01,변압기·전력변환기,8504,필리핀,5560911,471493
2025-01,변압기·전력변환기,8504,호주,297341,29181
2025-01,변압기·전력변환기,8504,홍콩,1502109,12365
2025-01,선박,8901,독일,166224083,66844000
2025-01,선박,8901,말레이시아,0,0
2025-01,선박,8901,미국,0,0
2025-01,선박,8901,싱가포르,24751311,3332003
2025-01,선박,8901,아랍에미리트,1400000,1996000
2025-01,선박,8901,영국,87565870,27584000
2025-01,선박,8901,일본,3880,10
2025-01,선박,8901,전체,2012617003,682327013
2025-01,선박,8901,중국,158000,311000
2025-01,선박,8901,필리핀,618000,325000
2025-01,선박,8901,호주,0,0
2025-01,선박,8901,홍콩,19200000,5219000
2025-01,승용차,8703,네덜란드,53708560,3762826
2025-01,승용차,8703,대만,49190879,3506451
2025-01,승용차,8703,독일,128926453,8125994
2025-01,승용차,8703,러시아,29706644,2657263
2025-01,승용차,8703,멕시코,32692165,2838969
2025-01,승용차,8703,미국,2230752377,147997465
2025-01,승용차,8703,베트남,12892102,1204562
2025-01,승용차,8703,사우디아라비아,89032601,7121287
2025-01,승용차,8703,싱가포르,6683578,450506
2025-01,승용차,8703,아랍에미리트,36156266,5953851
2025-01,승용차,8703,영국,177283262,10300546
2025-01,승용차,8703,인도,9381486,506267
2025-01,승용차,8703,인도네시아,19325914,1237281
2025-01,승용차,8703,일본,323294,35487
2025-01,승용차,8703,전체,4828883076,397633728
2025-01,승용차,8703,중국,23202644,650591
2025-01,승용차,8703,카자흐스탄,145294366,11386118
2025-01,승용차,8703,캐나다,386514837,30450347
2025-01,승용차,8703,태국,2752904,149250
2025-01,승용차,8703,튀르키예,98630254,27670383
2025-01,승용차,8703,폴란드,35764826,2766169
2025-01,승용차,8703,필리핀,2768927,135468
2025-01,승용차,8703,호주,228906296,17248509
2025-01,시스템반도체,854231,네덜란드,2556460,1005
2025-01,시스템반도체,854231,대만,156373889,56137
2025-01,시스템반도체,854231,독일,664214,499
2025-01,시스템반도체,854231,말레이시아,83369223,29469
2025-01,시스템반도체,854231,멕시코,2834442,7213
2025-01,시스템반도체,854231,미국,46695556,9003
2025-01,시스템반도체,854231,베트남,558088726,71866
2025-01,시스템반도체,854231,싱가포르,242554326,57916
2025-01,시스템반도체,854231,아랍에미리트,66851,17
2025-01,시스템반도체,854231,영국,233426,76
2025-01,시스템반도체,854231,인도,140931999,23030
2025-01,시스템반도체,854231,인도네시아,15064653,5545
2025-01,시스템반도체,854231,일본,23305848,7504
2025-01,시스템반도체,854231,전체,2701226636,548074
2025-01,시스템반도체,854231,중국,986384794,115294
2025-01,시스템반도체,854231,캐나다,168307,84
2025-01,시스템반도체,854231,태국,29373915,24816
2025-01,시스템반도체,854231,튀르키예,620966,68
2025-01,시스템반도체,854231,폴란드,15244158,9948
2025-01,시스템반도체,854231,필리핀,54403924,29771
2025-01,시스템반도체,854231,호주,5928,6
2025-01,시스템반도체,854231,홍콩,266477569,81696
2025-01,완제의약품,3004,네덜란드,450751,618
2025-01,완제의약품,3004,대만,937159,9454
2025-01,완제의약품,3004,독일,1400633,15045
2025-01,완제의약품,3004,러시아,52432,1361
2025-01,완제의약품,3004,말레이시아,1592217,11003
2025-01,완제의약품,3004,멕시코,1569626,14948
2025-01,완제의약품,3004,미국,1662870,41292
2025-01,완제의약품,3004,베트남,3327393,183702
2025-01,완제의약품,3004,사우디아라비아,649427,37520
2025-01,완제의약품,3004,싱가포르,480750,10079
2025-01,완제의약품,3004,아랍에미리트,1894789,24571
2025-01,완제의약품,3004,영국,337961,806
2025-01,완제의약품,3004,인도,16290,39
2025-01,완제의약품,3004,인도네시아,1919198,12220
2025-01,완제의약품,3004,일본,7923683,75015
2025-01,완제의약품,3004,전체,48379040,883367
2025-01,완제의약품,3004,중국,1478730,15603
2025-01,완제의약품,3004,카자흐스탄,100467,702
2025-01,완제의약품,3004,캐나다,1585,1
2025-01,완제의약품,3004,태국,4367653,42384
2025-01,완제의약품,3004,튀르키예,189464,900
2025-01,완제의약품,3004,폴란드,164544,879
2025-01,완제의약품,3004,필리핀,3390120,57769
2025-01,완제의약품,3004,호주,220444,5085
2025-01,완제의약품,3004,홍콩,1647671,15509
2025-01,의료기기,9018,네덜란드,3518039,26063
2025-01,의료기기,9018,대만,4422057,38424
2025-01,의료기기,9018,독일,4047706,29086
2025-01,의료기기,9018,러시아,3897354,55639
2025-01,의료기기,9018,말레이시아,2140820,22068
2025-01,의료기기,9018,멕시코,1735966,43794
2025-01,의료기기,9018,미국,36815532,388410
2025-01,의료기기,9018,베트남,2819336,57367
2025-01,의료기기,9018,사우디아라비아,1255369,17863
2025-01,의료기기,9018,싱가포르,2464697,13508
2025-01,의료기기,9018,아랍에미리트,2439581,32948
2025-01,의료기기,9018,영국,2141581,17522
2025-01,의료기기,9018,인도,11608014,226889
2025-01,의료기기,9018,인도네시아,3027788,25165
2025-01,의료기기,9018,일본,14975100,122416
2025-01,의료기기,9018,전체,176212044,1731095
2025-01,의료기기,9018,중국,12955046,68621
2025-01,의료기기,9018,카자흐스탄,1226228,18808
2025-01,의료기기,9018,캐나다,1179789,12000
2025-01,의료기기,9018,태국,8025673,30387
2025-01,의료기기,9018,튀르키예,1598460,5804
2025-01,의료기기,9018,폴란드,3267801,23172
2025-01,의료기기,9018,필리핀,2122706,56223
2025-01,의료기기,9018,호주,1409275,16284
2025-01,의료기기,9018,홍콩,1467481,9746
2025-01,전선·케이블,8544,네덜란드,451207,35212
2025-01,전선·케이블,8544,대만,4262050,317682
2025-01,전선·케이블,8544,독일,1816280,96287
2025-01,전선·케이블,8544,러시아,196288,15694
2025-01,전선·케이블,8544,말레이시아,755332,60634
2025-01,전선·케이블,8544,멕시코,21470735,1072480
2025-01,전선·케이블,8544,미국,61911090,6765043
2025-01,전선·케이블,8544,베트남,38067727,2376654
2025-01,전선·케이블,8544,사우디아라비아,322382,25935
2025-01,전선·케이블,8544,싱가포르,8897263,1001351
2025-01,전선·케이블,8544,아랍에미리트,13182549,1248964
2025-01,전선·케이블,8544,영국,868456,32026
2025-01,전선·케이블,8544,인도,10299282,561461
2025-01,전선·케이블,8544,인도네시아,3646588,249283
2025-01,전선·케이블,8544,일본,14709184,1584286
2025-01,전선·케이블,8544,전체,298946057,24624993
2025-01,전선·케이블,8544,중국,43528360,2754402
2025-01,전선·케이블,8544,카자흐스탄,378645,7154
2025-01,전선·케이블,8544,캐나다,1094481,59735
2025-01,전선·케이블,8544,태국,3499803,301656
2025-01,전선·케이블,8544,튀르키예,2868725,165679
2025-01,전선·케이블,8544,폴란드,1696207,48606
2025-01,전선·케이블,8544,필리핀,12419341,1104714
2025-01,전선·케이블,8544,호주,3033013,312094
2025-01,전선·케이블,8544,홍콩,1576082,90244
2025-01,태양광 모듈,854143,독일,39942,971
2025-01,태양광 모듈,854143,말레이시아,12569,689
2025-01,태양광 모듈,854143,미국,81474,923
2025-01,태양광 모듈,854143,베트남,78,117
2025-01,태양광 모듈,854143,인도네시아,0,0
2025-01,태양광 모듈,854143,일본,2576091,650912
2025-01,태양광 모듈,854143,전체,2874421,866657
2025-01,태양광 모듈,854143,중국,4460,385
2025-01,태양광 모듈,854143,필리핀,13599,1800
2025-01,태양광 모듈,854143,호주,3005,5
2025-01,태양광 모듈,854143,홍콩,0,0
2025-01,화장품,3304,네덜란드,3926991,75799
2025-01,화장품,3304,대만,14868255,766836
2025-01,화장품,3304,독일,3889388,101979
2025-01,화장품,3304,러시아,23055463,887670
2025-01,화장품,3304,말레이시아,7710317,284347
2025-01,화장품,3304,멕시코,1161272,20890
2025-01,화장품,3304,미국,103623771,3054000
2025-01,화장품,3304,베트남,30440323,927751
2025-01,화장품,3304,사우디아라비아,3176608,56358
2025-01,화장품,3304,싱가포르,7711716,210915
2025-01,화장품,3304,아랍에미리트,11753614,242348
2025-01,화장품,3304,영국,10397100,319938
2025-01,화장품,3304,인도,4385961,192048
2025-01,화장품,3304,인도네시아,12947578,323846
2025-01,화장품,3304,일본,73129250,1935863
2025-01,화장품,3304,전체,632076170,18697178
2025-01,화장품,3304,중국,120749854,3816943
2025-01,화장품,3304,카자흐스탄,4901295,117645
2025-01,화장품,3304,캐나다,9656812,289620
2025-01,화장품,3304,태국,15012373,414378
2025-01,화장품,3304,튀르키예,5286371,124571
2025-01,화장품,3304,폴란드,14249218,400463
2025-01,화장품,3304,필리핀,7811086,407925
2025-01,화장품,3304,호주,9392495,410056
2025-01,화장품,3304,홍콩,53546553,1044342
2025-02,라면,190230,네덜란드,8341965,2038661
2025-02,라면,190230,대만,2960903,853714
2025-02,라면,190230,독일,3651498,978077
2025-02,라면,190230,러시아,2428938,544963
2025-02,라면,190230,말레이시아,4046827,987228
2025-02,라면,190230,멕시코,618908,164008
2025-02,라면,190230,미국,24565127,5332504
2025-02,라면,190230,베트남,1926766,563009
2025-02,라면,190230,사우디아라비아,2010981,459218
2025-02,라면,190230,싱가포르,709051,180074
2025-02,라면,190230,아랍에미리트,2027387,460352
2025-02,라면,190230,영국,3234953,664608
2025-02,라면,190230,인도,1466275,355581
2025-02,라면,190230,인도네시아,1445182,361952
2025-02,라면,190230,일본,5425636,1854246
2025-02,라면,190230,전체,129388492,33535009
2025-02,라면,190230,중국,30163453,8868705
2025-02,라면,190230,카자흐스탄,1939840,430866
2025-02,라면,190230,캐나다,2884947,870880
2025-02,라면,190230,태국,5731274,1395411
2025-02,라면,190230,폴란드,189489,45258
2025-02,라면,190230,필리핀,4701363,1131385
2025-02,라면,190230,호주,4279976,1157265
2025-02,라면,190230,홍콩,2378713,751372
2025-02,리튬이온 배터리,850760,네덜란드,193320,2843
2025-02,리튬이온 배터리,850760,대만,701491,15991
2025-02,리튬이온 배터리,850760,독일,1725048,49355
2025-02,리튬이온 배터리,850760,말레이시아,6886,61
2025-02,리튬이온 배터리,850760,멕시코,8337748,258401
2025-02,리튬이온 배터리,850760,미국,192529660,8645582
2025-02,리튬이온 배터리,850760,베트남,13764959,202773
2025-02,리튬이온 배터리,850760,사우디아라비아,1306,1
2025-02,리튬이온 배터리,850760,싱가포르,2447573,70301
2025-02,리튬이온 배터리,850760,아랍에미리트,97058,2939
2025-02,리튬이온 배터리,850760,영국,6118890,99782
2025-02,리튬이온 배터리,850760,인도,15902680,756825
2025-02,리튬이온 배터리,850760,인도네시아,791627,22613
2025-02,리튬이온 배터리,850760,일본,19037222,610984
2025-02,리튬이온 배터리,850760,전체,367375799,13795166
2025-02,리튬이온 배터리,850760,중국,25295546,538623
2025-02,리튬이온 배터리,850760,카자흐스탄,550,5
2025-02,리튬이온 배터리,850760,캐나다,111690,2875
2025-02,리튬이온 배터리,850760,태국,1372193,38480
2025-02,리튬이온 배터리,850760,튀르키예,9776,137
2025-02,리튬이온 배터리,850760,폴란드,13662816,129215
2025-02,리튬이온 배터리,850760,필리핀,1882662,65366
2025-02,리튬이온 배터리,850760,호주,866351,29945
2025-02,리튬이온 배터리,850760,홍콩,4118777,60757
2025-02,메모리 반도체,854232,네덜란드,5985685,370
2025-02,메모리 반도체,854232,대만,1140800564,18937
2025-02,메모리 반도체,854232,독일,10233370,755
2025-02,메모리 반도체,854232,말레이시아,172487724,2531
2025-02,메모리 반도체,854232,멕시코,2716193,332
2025-02,메모리 반도체,854232,미국,12020755,1252
2025-02,메모리 반도체,854232,베트남,806824273,56259
2025-02,메모리 반도체,854232,싱가포르,11206890,2521
2025-02,메모리 반도체,854232,아랍에미리트,2000,1
2025-02,메모리 반도체,854232,영국,28989,3
2025-02,메모리 반도체,854232,인도,132767207,4083
2025-02,메모리 반도체,854232,인도네시아,18307548,880
2025-02,메모리 반도체,854232,일본,28521303,1530
2025-02,메모리 반도체,854232,전체,4725936715,253710
2025-02,메모리 반도체,854232,중국,1579630509,66662
2025-02,메모리 반도체,854232,캐나다,808901,12
2025-02,메모리 반도체,854232,태국,7096779,936
2025-02,메모리 반도체,854232,튀르키예,6690459,264
2025-02,메모리 반도체,854232,폴란드,2522064,762
2025-02,메모리 반도체,854232,필리핀,47290044,1593
2025-02,메모리 반도체,854232,홍콩,672396479,90499
2025-02,바이오의약품·톡신,3002,네덜란드,59799428,4693
2025-02,바이오의약품·톡신,3002,대만,499675,6207
2025-02,바이오의약품·톡신,3002,독일,83657347,7139
2025-02,바이오의약품·톡신,3002,러시아,308899,679
2025-02,바이오의약품·톡신,3002,말레이시아,519108,4566
2025-02,바이오의약품·톡신,3002,멕시코,975835,1017
2025-02,바이오의약품·톡신,3002,미국,73696851,13100
2025-02,바이오의약품·톡신,3002,베트남,3086329,21644
2025-02,바이오의약품·톡신,3002,사우디아라비아,1221850,731
2025-02,바이오의약품·톡신,3002,싱가포르,915765,581
2025-02,바이오의약품·톡신,3002,아랍에미리트,122977,161
2025-02,바이오의약품·톡신,3002,영국,12979212,474
2025-02,바이오의약품·톡신,3002,인도,1103347,7052
2025-02,바이오의약품·톡신,3002,인도네시아,1117418,6181
2025-02,바이오의약품·톡신,3002,일본,3435765,3882
2025-02,바이오의약품·톡신,3002,전체,553738189,416975
2025-02,바이오의약품·톡신,3002,중국,12081356,60627
2025-02,바이오의약품·톡신,3002,카자흐스탄,578903,802
2025-02,바이오의약품·톡신,3002,캐나다,5604717,2527
2025-02,바이오의약품·톡신,3002,태국,2632824,14733
2025-02,바이오의약품·톡신,3002,튀르키예,36270563,4380
2025-02,바이오의약품·톡신,3002,폴란드,431830,1365
2025-02,바이오의약품·톡신,3002,필리핀,1136720,16259
2025-02,바이오의약품·톡신,3002,호주,4742513,5143
2025-02,바이오의약품·톡신,3002,홍콩,1311387,2020
2025-02,반도체 장비,8486,네덜란드,18194006,30443
2025-02,반도체 장비,8486,대만,107156919,489623
2025-02,반도체 장비,8486,독일,9287636,8275
2025-02,반도체 장비,8486,말레이시아,9740314,57815
2025-02,반도체 장비,8486,멕시코,147065,2083
2025-02,반도체 장비,8486,미국,73176183,510923
2025-02,반도체 장비,8486,베트남,13894751,215495
2025-02,반도체 장비,8486,사우디아라비아,38600,500
2025-02,반도체 장비,8486,싱가포르,60679760,268279
2025-02,반도체 장비,8486,아랍에미리트,14516,128
2025-02,반도체 장비,8486,영국,3436105,18101
2025-02,반도체 장비,8486,인도,443947,236020
2025-02,반도체 장비,8486,인도네시아,120279,1515
2025-02,반도체 장비,8486,일본,61837282,344928
2025-02,반도체 장비,8486,전체,686373172,5610307
2025-02,반도체 장비,8486,중국,303379116,3333148
2025-02,반도체 장비,8486,캐나다,383,0
2025-02,반도체 장비,8486,태국,1973041,14104
2025-02,반도체 장비,8486,튀르키예,27300,450
2025-02,반도체 장비,8486,폴란드,2219,250
2025-02,반도체 장비,8486,필리핀,3119205,24845
2025-02,반도체 장비,8486,홍콩,978254,14459
2025-02,변압기·전력변환기,8504,네덜란드,2930325,57607
2025-02,변압기·전력변환기,8504,대만,4833569,446480
2025-02,변압기·전력변환기,8504,독일,7816952,286476
2025-02,변압기·전력변환기,8504,러시아,459,15
2025-02,변압기·전력변환기,8504,말레이시아,18358661,1174289
2025-02,변압기·전력변환기,8504,멕시코,3930017,97148
2025-02,변압기·전력변환기,8504,미국,151371824,10727351
2025-02,변압기·전력변환기,8504,베트남,27921342,648688
2025-02,변압기·전력변환기,8504,사우디아라비아,36395163,2506697
2025-02,변압기·전력변환기,8504,싱가포르,1453869,16621
2025-02,변압기·전력변환기,8504,아랍에미리트,5445452,410067
2025-02,변압기·전력변환기,8504,영국,4601820,202656
2025-02,변압기·전력변환기,8504,인도,6659399,300052
2025-02,변압기·전력변환기,8504,인도네시아,2293530,121978
2025-02,변압기·전력변환기,8504,일본,7813483,560215
2025-02,변압기·전력변환기,8504,전체,377488093,21950978
2025-02,변압기·전력변환기,8504,중국,22141102,919222
2025-02,변압기·전력변환기,8504,카자흐스탄,33056,447
2025-02,변압기·전력변환기,8504,캐나다,23571045,1265940
2025-02,변압기·전력변환기,8504,태국,3030628,211790
2025-02,변압기·전력변환기,8504,튀르키예,633625,33561
2025-02,변압기·전력변환기,8504,폴란드,1861122,27376
2025-02,변압기·전력변환기,8504,필리핀,3950373,397215
2025-02,변압기·전력변환기,8504,호주,287435,14337
2025-02,변압기·전력변환기,8504,홍콩,1527464,12772
2025-02,선박,8901,네덜란드,0,0
2025-02,선박,8901,싱가포르,336709881,227692100
2025-02,선박,8901,인도네시아,6220000,38853000
2025-02,선박,8901,일본,0,0
2025-02,선박,8901,전체,1426040098,708956200
2025-02,선박,8901,중국,0,0
2025-02,선박,8901,홍콩,19200000,5219000
2025-02,승용차,8703,네덜란드,86683796,5680883
2025-02,승용차,8703,대만,47258698,3307963
2025-02,승용차,8703,독일,181262017,11709979
2025-02,승용차,8703,러시아,54530457,4950269
2025-02,승용차,8703,말레이시아,0,0
2025-02,승용차,8703,멕시코,34415405,2754849
2025-02,승용차,8703,미국,2757670574,184690743
2025-02,승용차,8703,베트남,15205304,1331641
2025-02,승용차,8703,사우디아라비아,78409478,6217246
2025-02,승용차,8703,싱가포르,6207998,470035
2025-02,승용차,8703,아랍에미리트,53629917,8877502
2025-02,승용차,8703,영국,186887094,10939621
2025-02,승용차,8703,인도,11992246,633776
2025-02,승용차,8703,인도네시아,28185354,1948476
2025-02,승용차,8703,일본,843089,67346
2025-02,승용차,8703,전체,5848945289,477662747
2025-02,승용차,8703,중국,27723569,821459
2025-02,승용차,8703,카자흐스탄,166289250,12174584
2025-02,승용차,8703,캐나다,418188339,33347096
2025-02,승용차,8703,태국,4364742,238925
2025-02,승용차,8703,튀르키예,146141154,29114257
2025-02,승용차,8703,폴란드,34773728,2641509
2025-02,승용차,8703,필리핀,8579276,642919
2025-02,승용차,8703,호주,224613748,17151774
2025-02,승용차,8703,홍콩,1297154,116547
2025-02,시스템반도체,854231,네덜란드,3860003,1700
2025-02,시스템반도체,854231,대만,306885229,72710
2025-02,시스템반도체,854231,독일,860829,427
2025-02,시스템반도체,854231,말레이시아,77401240,26851
2025-02,시스템반도체,854231,멕시코,4007094,4417
2025-02,시스템반도체,854231,미국,33256445,7503
2025-02,시스템반도체,854231,베트남,616707660,71014
2025-02,시스템반도체,854231,싱가포르,226136500,56174
2025-02,시스템반도체,854231,아랍에미리트,549472,360
2025-02,시스템반도체,854231,영국,102297,58
2025-02,시스템반도체,854231,인도,147570354,21082
2025-02,시스템반도체,854231,인도네시아,12526626,5002
2025-02,시스템반도체,854231,일본,15981871,3252
2025-02,시스템반도체,854231,전체,2618069357,538689
2025-02,시스템반도체,854231,중국,821246181,106214
2025-02,시스템반도체,854231,캐나다,7246,20
2025-02,시스템반도체,854231,태국,21931530,35421
2025-02,시스템반도체,854231,튀르키예,3479296,140
2025-02,시스템반도체,854231,폴란드,19953768,10668
2025-02,시스템반도체,854231,필리핀,60843670,29835
2025-02,시스템반도체,854231,호주,14801,23
2025-02,시스템반도체,854231,홍콩,154065824,65416
2025-02,완제의약품,3004,네덜란드,73653,144
2025-02,완제의약품,3004,대만,1438095,22574
2025-02,완제의약품,3004,독일,1021321,11561
2025-02,완제의약품,3004,러시아,533419,2128
2025-02,완제의약품,3004,말레이시아,860503,15066
2025-02,완제의약품,3004,멕시코,2127822,13466
2025-02,완제의약품,3004,미국,2493746,54207
2025-02,완제의약품,3004,베트남,7001819,394596
2025-02,완제의약품,3004,사우디아라비아,483365,3238
2025-02,완제의약품,3004,싱가포르,558550,10959
2025-02,완제의약품,3004,아랍에미리트,1727409,28360
2025-02,완제의약품,3004,영국,504972,1049
2025-02,완제의약품,3004,인도,198111,166
2025-02,완제의약품,3004,인도네시아,959561,13012
2025-02,완제의약품,3004,일본,8708458,97338
2025-02,완제의약품,3004,전체,61428143,1485210
2025-02,완제의약품,3004,중국,3253502,35629
2025-02,완제의약품,3004,카자흐스탄,312243,3357
2025-02,완제의약품,3004,캐나다,2076,1
2025-02,완제의약품,3004,태국,5571153,62558
2025-02,완제의약품,3004,튀르키예,291926,2801
2025-02,완제의약품,3004,폴란드,319146,681
2025-02,완제의약품,3004,필리핀,4098872,135359
2025-02,완제의약품,3004,호주,40036,1943
2025-02,완제의약품,3004,홍콩,2734418,15074
2025-02,의료기기,9018,네덜란드,3768312,34166
2025-02,의료기기,9018,대만,5556996,56927
2025-02,의료기기,9018,독일,7177968,43412
2025-02,의료기기,9018,러시아,9118691,72059
2025-02,의료기기,9018,말레이시아,2304477,23511
2025-02,의료기기,9018,멕시코,2727683,69764
2025-02,의료기기,9018,미국,41588222,422349
2025-02,의료기기,9018,베트남,5975561,68688
2025-02,의료기기,9018,사우디아라비아,2959344,31085
2025-02,의료기기,9018,싱가포르,4440037,21698
2025-02,의료기기,9018,아랍에미리트,11957174,45479
2025-02,의료기기,9018,영국,3161649,24193
2025-02,의료기기,9018,인도,13049470,196391
2025-02,의료기기,9018,인도네시아,3447406,28043
2025-02,의료기기,9018,일본,17919901,107179
2025-02,의료기기,9018,전체,224397246,1994029
2025-02,의료기기,9018,중국,13382531,105031
2025-02,의료기기,9018,카자흐스탄,954563,8949
2025-02,의료기기,9018,캐나다,1324241,6209
2025-02,의료기기,9018,태국,6589617,39049
2025-02,의료기기,9018,튀르키예,3116534,21823
2025-02,의료기기,9018,폴란드,3255397,14520
2025-02,의료기기,9018,필리핀,2009473,57966
2025-02,의료기기,9018,호주,2175722,23006
2025-02,의료기기,9018,홍콩,1795116,7680
2025-02,전선·케이블,8544,네덜란드,265672,1858
2025-02,전선·케이블,8544,대만,66351307,9812513
2025-02,전선·케이블,8544,독일,1857452,102595
2025-02,전선·케이블,8544,러시아,258591,11644
2025-02,전선·케이블,8544,말레이시아,1400090,96016
2025-02,전선·케이블,8544,멕시코,17810203,932524
2025-02,전선·케이블,8544,미국,77466440,8225771
2025-02,전선·케이블,8544,베트남,42251566,2709264
2025-02,전선·케이블,8544,사우디아라비아,870214,85889
2025-02,전선·케이블,8544,싱가포르,4414018,467307
2025-02,전선·케이블,8544,아랍에미리트,10972007,1179378
2025-02,전선·케이블,8544,영국,1536117,68723
2025-02,전선·케이블,8544,인도,11298852,646254
2025-02,전선·케이블,8544,인도네시아,5768595,475280
2025-02,전선·케이블,8544,일본,13585484,1443125
2025-02,전선·케이블,8544,전체,421877973,39717835
2025-02,전선·케이블,8544,중국,50277442,3189873
2025-02,전선·케이블,8544,카자흐스탄,1298933,27937
2025-02,전선·케이블,8544,캐나다,1062631,65766
2025-02,전선·케이블,8544,태국,2756594,222280
2025-02,전선·케이블,8544,튀르키예,3549910,239346
2025-02,전선·케이블,8544,폴란드,1839133,58368
2025-02,전선·케이블,8544,필리핀,17743361,1553107
2025-02,전선·케이블,8544,호주,5090180,359087
2025-02,전선·케이블,8544,홍콩,5194332,885611
2025-02,태양광 모듈,854143,독일,1559,850
2025-02,태양광 모듈,854143,멕시코,482,1
2025-02,태양광 모듈,854143,미국,75131,1201
2025-02,태양광 모듈,854143,베트남,0,0
2025-02,태양광 모듈,854143,싱가포르,23769,1451
2025-02,태양광 모듈,854143,영국,0,0
2025-02,태양광 모듈,854143,인도,3,1
2025-02,태양광 모듈,854143,인도네시아,1545,25
2025-02,태양광 모듈,854143,일본,5668,1034
2025-02,태양광 모듈,854143,전체,317708,162438
2025-02,태양광 모듈,854143,중국,16392,17397
2025-02,태양광 모듈,854143,태국,0,0
2025-02,태양광 모듈,854143,튀르키예,0,0
2025-02,태양광 모듈,854143,필리핀,42062,2455
2025-02,화장품,3304,네덜란드,7651738,168874
2025-02,화장품,3304,대만,21012108,1101401
2025-02,화장품,3304,독일,5436597,152982
2025-02,화장품,3304,러시아,24649996,1039489
2025-02,화장품,3304,말레이시아,8958348,303685
2025-02,화장품,3304,멕시코,2204897,48951
2025-02,화장품,3304,미국,118233428,3675794
2025-02,화장품,3304,베트남,39561109,1141711
2025-02,화장품,3304,사우디아라비아,6189227,105929
2025-02,화장품,3304,싱가포르,9348287,259125
2025-02,화장품,3304,아랍에미리트,17152821,349868
2025-02,화장품,3304,영국,11540837,337363
2025-02,화장품,3304,인도,6556418,256123
2025-02,화장품,3304,인도네시아,10479562,263335
2025-02,화장품,3304,일본,74993502,2089587
2025-02,화장품,3304,전체,739463033,22240408
2025-02,화장품,3304,중국,147878354,4235749
2025-02,화장품,3304,카자흐스탄,9770400,386925
2025-02,화장품,3304,캐나다,10330406,328055
2025-02,화장품,3304,태국,15900187,532710
2025-02,화장품,3304,튀르키예,6494485,158111
2025-02,화장품,3304,폴란드,15336625,579745
2025-02,화장품,3304,필리핀,8628551,353056
2025-02,화장품,3304,호주,9777955,398068
2025-02,화장품,3304,홍콩,52320401,1115716
2025-03,라면,190230,네덜란드,10087735,2383996
2025-03,라면,190230,대만,2964895,770522
2025-03,라면,190230,독일,4061231,1119589
2025-03,라면,190230,러시아,1715294,346235
2025-03,라면,190230,말레이시아,5046276,1171040
2025-03,라면,190230,멕시코,1170168,267098
2025-03,라면,190230,미국,27919196,5860869
2025-03,라면,190230,베트남,1563429,456895
2025-03,라면,190230,사우디아라비아,1510143,337058
2025-03,라면,190230,싱가포르,929673,222307
2025-03,라면,190230,아랍에미리트,1945999,435197
2025-03,라면,190230,영국,3520156,696345
2025-03,라면,190230,인도,1229335,297766
2025-03,라면,190230,인도네시아,1242454,318492
2025-03,라면,190230,일본,7629647,2520116
2025-03,라면,190230,전체,126549435,32105592
2025-03,라면,190230,중국,26176779,7561112
2025-03,라면,190230,카자흐스탄,1646077,349284
2025-03,라면,190230,캐나다,3306909,979761
2025-03,라면,190230,태국,2202139,556623
2025-03,라면,190230,튀르키예,0,0
2025-03,라면,190230,폴란드,326932,132791
2025-03,라면,190230,필리핀,4736095,1158650
2025-03,라면,190230,호주,3016610,829499
2025-03,라면,190230,홍콩,2385963,779598
2025-03,리튬이온 배터리,850760,네덜란드,128606,1295
2025-03,리튬이온 배터리,850760,대만,27749821,1253469
2025-03,리튬이온 배터리,850760,독일,4630002,216552
2025-03,리튬이온 배터리,850760,말레이시아,5737,85
2025-03,리튬이온 배터리,850760,멕시코,5562,201
2025-03,리튬이온 배터리,850760,미국,190004238,8359029
2025-03,리튬이온 배터리,850760,베트남,14428128,207506
2025-03,리튬이온 배터리,850760,사우디아라비아,106011,375
2025-03,리튬이온 배터리,850760,싱가포르,229344,6545
2025-03,리튬이온 배터리,850760,아랍에미리트,13711,195
2025-03,리튬이온 배터리,850760,영국,298458,1962
2025-03,리튬이온 배터리,850760,인도,11114266,564831
2025-03,리튬이온 배터리,850760,인도네시아,78426,2258
2025-03,리튬이온 배터리,850760,일본,14528876,444039
2025-03,리튬이온 배터리,850760,전체,369584294,14689460
2025-03,리튬이온 배터리,850760,중국,19747294,478067
2025-03,리튬이온 배터리,850760,카자흐스탄,1969,16
2025-03,리튬이온 배터리,850760,캐나다,715167,25413
2025-03,리튬이온 배터리,850760,태국,2630375,73777
2025-03,리튬이온 배터리,850760,튀르키예,314761,4315
2025-03,리튬이온 배터리,850760,폴란드,17332037,795755
2025-03,리튬이온 배터리,850760,필리핀,5462162,192707
2025-03,리튬이온 배터리,850760,호주,766312,28552
2025-03,리튬이온 배터리,850760,홍콩,3125865,56793
2025-03,메모리 반도체,854232,네덜란드,4756076,294
2025-03,메모리 반도체,854232,대만,2005956959,40722
2025-03,메모리 반도체,854232,독일,15351067,1003
2025-03,메모리 반도체,854232,말레이시아,301333153,3527
2025-03,메모리 반도체,854232,멕시코,4940387,510
2025-03,메모리 반도체,854232,미국,22813483,2137
2025-03,메모리 반도체,854232,베트남,806098501,55571
2025-03,메모리 반도체,854232,싱가포르,84477280,6289
2025-03,메모리 반도체,854232,영국,414739,24
2025-03,메모리 반도체,854232,인도,67105777,2488
2025-03,메모리 반도체,854232,인도네시아,16299781,597
2025-03,메모리 반도체,854232,일본,29560270,1736
2025-03,메모리 반도체,854232,전체,6694283585,333625
2025-03,메모리 반도체,854232,중국,2081033994,90765
2025-03,메모리 반도체,854232,캐나다,101469,2
2025-03,메모리 반도체,854232,태국,18156076,1591
2025-03,메모리 반도체,854232,튀르키예,6874494,268
2025-03,메모리 반도체,854232,폴란드,3566380,537
2025-03,메모리 반도체,854232,필리핀,66568872,2705
2025-03,메모리 반도체,854232,호주,2105,2
2025-03,메모리 반도체,854232,홍콩,1099894103,119369
2025-03,바이오의약품·톡신,3002,네덜란드,35054713,5807
2025-03,바이오의약품·톡신,3002,대만,1158163,1596
2025-03,바이오의약품·톡신,3002,독일,99696396,7065
2025-03,바이오의약품·톡신,3002,러시아,288046,510
2025-03,바이오의약품·톡신,3002,말레이시아,2301168,15382
2025-03,바이오의약품·톡신,3002,멕시코,1098916,2299
2025-03,바이오의약품·톡신,3002,미국,123425265,23960
2025-03,바이오의약품·톡신,3002,베트남,3836041,28528
2025-03,바이오의약품·톡신,3002,사우디아라비아,3746350,6061
2025-03,바이오의약품·톡신,3002,싱가포르,980969,902
2025-03,바이오의약품·톡신,3002,아랍에미리트,856706,4129
2025-03,바이오의약품·톡신,3002,영국,3886857,554
2025-03,바이오의약품·톡신,3002,인도,662992,5205
2025-03,바이오의약품·톡신,3002,인도네시아,1160802,3150
2025-03,바이오의약품·톡신,3002,일본,10927832,9176
2025-03,바이오의약품·톡신,3002,전체,643140652,461275
2025-03,바이오의약품·톡신,3002,중국,5692257,38923
2025-03,바이오의약품·톡신,3002,카자흐스탄,838373,1404
2025-03,바이오의약품·톡신,3002,캐나다,5757091,5550
2025-03,바이오의약품·톡신,3002,태국,10030117,46525
2025-03,바이오의약품·톡신,3002,튀르키예,36939356,8957
2025-03,바이오의약품·톡신,3002,폴란드,226909,754
2025-03,바이오의약품·톡신,3002,필리핀,1282714,16771
2025-03,바이오의약품·톡신,3002,호주,2120580,2074
2025-03,바이오의약품·톡신,3002,홍콩,1165139,2345
2025-03,반도체 장비,8486,네덜란드,29355093,32105
2025-03,반도체 장비,8486,대만,113158952,768464
2025-03,반도체 장비,8486,독일,3389121,6794
2025-03,반도체 장비,8486,말레이시아,10502380,54072
2025-03,반도체 장비,8486,멕시코,93798,1660
2025-03,반도체 장비,8486,미국,115133464,494930
2025-03,반도체 장비,8486,베트남,8056765,84506
2025-03,반도체 장비,8486,싱가포르,58109688,302491
2025-03,반도체 장비,8486,영국,3561672,19948
2025-03,반도체 장비,8486,인도,267041,3751
2025-03,반도체 장비,8486,인도네시아,38662,125
2025-03,반도체 장비,8486,일본,90986844,340460
2025-03,반도체 장비,8486,전체,810112789,6009416
2025-03,반도체 장비,8486,중국,366653414,3873856
2025-03,반도체 장비,8486,캐나다,14566,18
2025-03,반도체 장비,8486,태국,375898,1015
2025-03,반도체 장비,8486,튀르키예,1180,3
2025-03,반도체 장비,8486,필리핀,1198961,3722
2025-03,반도체 장비,8486,호주,687,18
2025-03,반도체 장비,8486,홍콩,1288190,6264
2025-03,변압기·전력변환기,8504,네덜란드,13224233,824223
2025-03,변압기·전력변환기,8504,대만,14777624,518904
2025-03,변압기·전력변환기,8504,독일,2206436,29955
2025-03,변압기·전력변환기,8504,러시아,34,0
2025-03,변압기·전력변환기,8504,말레이시아,872601,46121
2025-03,변압기·전력변환기,8504,멕시코,4284918,104672
2025-03,변압기·전력변환기,8504,미국,161472217,11311115
2025-03,변압기·전력변환기,8504,베트남,25454973,741193
2025-03,변압기·전력변환기,8504,사우디아라비아,30286474,1999541
2025-03,변압기·전력변환기,8504,싱가포르,1339616,64324
2025-03,변압기·전력변환기,8504,아랍에미리트,2308496,178958
2025-03,변압기·전력변환기,8504,영국,11889687,622583
2025-03,변압기·전력변환기,8504,인도,5151886,79604
2025-03,변압기·전력변환기,8504,인도네시아,2015865,226990
2025-03,변압기·전력변환기,8504,일본,6613945,321386
2025-03,변압기·전력변환기,8504,전체,352467091,19690798
2025-03,변압기·전력변환기,8504,중국,26218856,1100323
2025-03,변압기·전력변환기,8504,카자흐스탄,27966,427
2025-03,변압기·전력변환기,8504,캐나다,4519080,199700
2025-03,변압기·전력변환기,8504,태국,3199237,264264
2025-03,변압기·전력변환기,8504,튀르키예,540991,9091
2025-03,변압기·전력변환기,8504,폴란드,2278212,56253
2025-03,변압기·전력변환기,8504,필리핀,3148476,275398
2025-03,변압기·전력변환기,8504,호주,515068,24089
2025-03,변압기·전력변환기,8504,홍콩,1512780,40054
2025-03,선박,8901,네덜란드,0,0
2025-03,선박,8901,대만,4731000,94000
2025-03,선박,8901,독일,165467165,66844000
2025-03,선박,8901,미국,0,0
2025-03,선박,8901,베트남,660000,919000
2025-03,선박,8901,싱가포르,632731394,378305500
2025-03,선박,8901,아랍에미리트,1500,3
2025-03,선박,8901,일본,0,0
2025-03,선박,8901,전체,2772861657,1148021503
2025-03,선박,8901,중국,0,0
2025-03,선박,8901,태국,1900000,2612000
2025-03,선박,8901,튀르키예,260000,74000
2025-03,선박,8901,필리핀,500000,1636000
2025-03,선박,8901,홍콩,34000000,93850000
2025-03,승용차,8703,네덜란드,71244293,4501068
2025-03,승용차,8703,대만,52313957,3862012
2025-03,승용차,8703,독일,159351971,10041880
2025-03,승용차,8703,러시아,72194963,6534870
2025-03,승용차,8703,말레이시아,8000,2559
2025-03,승용차,8703,멕시코,41364028,3399069
2025-03,승용차,8703,미국,2776355721,187081773
2025-03,승용차,8703,베트남,14473105,1259141
2025-03,승용차,8703,사우디아라비아,93238627,7131229
2025-03,승용차,8703,싱가포르,3992746,277756
2025-03,승용차,8703,아랍에미리트,46957992,8362730
2025-03,승용차,8703,영국,205698633,11608726
2025-03,승용차,8703,인도,1257477,51292
2025-03,승용차,8703,인도네시아,13289425,832348
2025-03,승용차,8703,일본,1922084,154849
2025-03,승용차,8703,전체,6011597465,490028060
2025-03,승용차,8703,중국,16814348,447915
2025-03,승용차,8703,카자흐스탄,174999134,12504805
2025-03,승용차,8703,캐나다,487184916,39228760
2025-03,승용차,8703,태국,101373,4460
2025-03,승용차,8703,튀르키예,129974410,28854564
2025-03,승용차,8703,폴란드,41093510,2889925
2025-03,승용차,8703,필리핀,8179507,628568
2025-03,승용차,8703,호주,226640223,17377033
2025-03,승용차,8703,홍콩,374069,9937
2025-03,시스템반도체,854231,네덜란드,2917736,1307
2025-03,시스템반도체,854231,대만,305258643,99036
2025-03,시스템반도체,854231,독일,2605176,880
2025-03,시스템반도체,854231,말레이시아,93919563,28843
2025-03,시스템반도체,854231,멕시코,2849732,2747
2025-03,시스템반도체,854231,미국,41495738,9526
2025-03,시스템반도체,854231,베트남,764926507,81117
2025-03,시스템반도체,854231,싱가포르,227852350,56509
2025-03,시스템반도체,854231,아랍에미리트,1144733,446
2025-03,시스템반도체,854231,영국,104103,88
2025-03,시스템반도체,854231,인도,134516051,19501
2025-03,시스템반도체,854231,인도네시아,11603468,5289
2025-03,시스템반도체,854231,일본,35290244,12532
2025-03,시스템반도체,854231,전체,2714903226,599566
2025-03,시스템반도체,854231,중국,771245192,112581
2025-03,시스템반도체,854231,캐나다,63874,123
2025-03,시스템반도체,854231,태국,23488448,35708
2025-03,시스템반도체,854231,튀르키예,1949421,112
2025-03,시스템반도체,854231,폴란드,29645161,16193
2025-03,시스템반도체,854231,필리핀,55499486,32427
2025-03,시스템반도체,854231,호주,8824,49
2025-03,시스템반도체,854231,홍콩,133723556,67343
2025-03,완제의약품,3004,네덜란드,557954,878
2025-03,완제의약품,3004,대만,1784766,11904
2025-03,완제의약품,3004,독일,3590241,12824
2025-03,완제의약품,3004,러시아,130275,985
2025-03,완제의약품,3004,말레이시아,1753223,21662
2025-03,완제의약품,3004,멕시코,3222015,20090
2025-03,완제의약품,3004,미국,2659684,74490
2025-03,완제의약품,3004,베트남,7931720,569116
2025-03,완제의약품,3004,사우디아라비아,420733,4070
2025-03,완제의약품,3004,싱가포르,389997,7292
2025-03,완제의약품,3004,아랍에미리트,1304704,28752
2025-03,완제의약품,3004,영국,800382,1643
2025-03,완제의약품,3004,인도,57100,56
2025-03,완제의약품,3004,인도네시아,711046,6233
2025-03,완제의약품,3004,일본,13124489,108489
2025-03,완제의약품,3004,전체,83207861,1663364
2025-03,완제의약품,3004,중국,4893245,30899
2025-03,완제의약품,3004,카자흐스탄,685947,14353
2025-03,완제의약품,3004,캐나다,5084,13
2025-03,완제의약품,3004,태국,5759602,66109
2025-03,완제의약품,3004,튀르키예,366269,786
2025-03,완제의약품,3004,폴란드,126172,297
2025-03,완제의약품,3004,필리핀,4428827,86509
2025-03,완제의약품,3004,호주,283273,7103
2025-03,완제의약품,3004,홍콩,2786623,42541
2025-03,의료기기,9018,네덜란드,6167858,40527
2025-03,의료기기,9018,대만,5310276,45265
2025-03,의료기기,9018,독일,7160140,38999
2025-03,의료기기,9018,러시아,8724383,101429
2025-03,의료기기,9018,말레이시아,1653012,26221
2025-03,의료기기,9018,멕시코,2466395,13508
2025-03,의료기기,9018,미국,43284324,474500
2025-03,의료기기,9018,베트남,4197967,54618
2025-03,의료기기,9018,사우디아라비아,3319022,48609
2025-03,의료기기,9018,싱가포르,4397230,20950
2025-03,의료기기,9018,아랍에미리트,6424205,31382
2025-03,의료기기,9018,영국,5592672,34160
2025-03,의료기기,9018,인도,9254414,55279
2025-03,의료기기,9018,인도네시아,3000199,31528
2025-03,의료기기,9018,일본,20154861,142113
2025-03,의료기기,9018,전체,233245045,1874801
2025-03,의료기기,9018,중국,12567553,114995
2025-03,의료기기,9018,카자흐스탄,891635,14182
2025-03,의료기기,9018,캐나다,2421680,14656
2025-03,의료기기,9018,태국,7409573,36536
2025-03,의료기기,9018,튀르키예,3026783,14940
2025-03,의료기기,9018,폴란드,3449833,13781
2025-03,의료기기,9018,필리핀,2102391,54862
2025-03,의료기기,9018,호주,3757553,23909
2025-03,의료기기,9018,홍콩,2898307,9914
2025-03,전선·케이블,8544,네덜란드,311150,3399
2025-03,전선·케이블,8544,대만,77414902,11374021
2025-03,전선·케이블,8544,독일,1724061,85881
2025-03,전선·케이블,8544,러시아,154196,7304
2025-03,전선·케이블,8544,말레이시아,12348937,860574
2025-03,전선·케이블,8544,멕시코,19088882,1132844
2025-03,전선·케이블,8544,미국,88205427,9791532
2025-03,전선·케이블,8544,베트남,43591609,2798705
2025-03,전선·케이블,8544,사우디아라비아,4827198,613219
2025-03,전선·케이블,8544,싱가포르,14654674,1693280
2025-03,전선·케이블,8544,아랍에미리트,2047740,170721
2025-03,전선·케이블,8544,영국,7640222,633857
2025-03,전선·케이블,8544,인도,14235646,889631
2025-03,전선·케이블,8544,인도네시아,4745623,396663
2025-03,전선·케이블,8544,일본,11663324,1194304
2025-03,전선·케이블,8544,전체,440037064,41740260
2025-03,전선·케이블,8544,중국,52833883,3342085
2025-03,전선·케이블,8544,카자흐스탄,1715971,38432
2025-03,전선·케이블,8544,캐나다,9013678,704491
2025-03,전선·케이블,8544,태국,2736614,224574
2025-03,전선·케이블,8544,튀르키예,3533001,219219
2025-03,전선·케이블,8544,폴란드,1846737,62334
2025-03,전선·케이블,8544,필리핀,15241822,1333887
2025-03,전선·케이블,8544,호주,4150533,372257
2025-03,전선·케이블,8544,홍콩,4314600,524925
2025-03,태양광 모듈,854143,독일,3918,492
2025-03,태양광 모듈,854143,미국,20920,555
2025-03,태양광 모듈,854143,베트남,0,0
2025-03,태양광 모듈,854143,싱가포르,56600,120
2025-03,태양광 모듈,854143,영국,0,0
2025-03,태양광 모듈,854143,인도네시아,1910,555
2025-03,태양광 모듈,854143,일본,1125142,285140
2025-03,태양광 모듈,854143,전체,1380289,547696
2025-03,태양광 모듈,854143,중국,31149,19308
2025-03,태양광 모듈,854143,태국,0,0
2025-03,태양광 모듈,854143,필리핀,19,22
2025-03,태양광 모듈,854143,호주,3084,5
2025-03,태양광 모듈,854143,홍콩,0,0
2025-03,화장품,3304,네덜란드,8177104,194646
2025-03,화장품,3304,대만,18132544,968049
2025-03,화장품,3304,독일,4885745,130647
2025-03,화장품,3304,러시아,28846980,1044905
2025-03,화장품,3304,말레이시아,8719404,285136
2025-03,화장품,3304,멕시코,3666628,61545
2025-03,화장품,3304,미국,126078829,4234779
2025-03,화장품,3304,베트남,38085226,1032028
2025-03,화장품,3304,사우디아라비아,4854398,105499
2025-03,화장품,3304,싱가포르,8780478,210877
2025-03,화장품,3304,아랍에미리트,22391631,522352
2025-03,화장품,3304,영국,12256607,356937
2025-03,화장품,3304,인도,9263037,343352
2025-03,화장품,3304,인도네시아,9051500,221636
2025-03,화장품,3304,일본,79394192,1986355
2025-03,화장품,3304,전체,788968609,23581680
2025-03,화장품,3304,중국,179578531,5321134
2025-03,화장품,3304,카자흐스탄,8829669,246665
2025-03,화장품,3304,캐나다,11887415,354269
2025-03,화장품,3304,태국,18062488,552988
2025-03,화장품,3304,튀르키예,4712515,111553
2025-03,화장품,3304,폴란드,23925432,771398
2025-03,화장품,3304,필리핀,5312246,304893
2025-03,화장품,3304,호주,9535587,369466
2025-03,화장품,3304,홍콩,43643100,1075182
2025-04,라면,190230,네덜란드,11519618,2740972
2025-04,라면,190230,대만,2550193,709620
2025-04,라면,190230,독일,4081827,975639
2025-04,라면,190230,러시아,4211944,909506
2025-04,라면,190230,말레이시아,6555194,1482979
2025-04,라면,190230,멕시코,1022875,214622
2025-04,라면,190230,미국,29595570,6249601
2025-04,라면,190230,베트남,1883753,574296
2025-04,라면,190230,사우디아라비아,2004745,431922
2025-04,라면,190230,싱가포르,1463124,361932
2025-04,라면,190230,아랍에미리트,1989330,421078
2025-04,라면,190230,영국,3751205,774632
2025-04,라면,190230,인도,1088373,264836
2025-04,라면,190230,인도네시아,1896641,477971
2025-04,라면,190230,일본,9199545,2897957
2025-04,라면,190230,전체,147513911,36891001
2025-04,라면,190230,중국,28760180,8070873
2025-04,라면,190230,카자흐스탄,1696438,375416
2025-04,라면,190230,캐나다,3199402,1014784
2025-04,라면,190230,태국,3259778,834037
2025-04,라면,190230,튀르키예,19008,2765
2025-04,라면,190230,폴란드,289036,77951
2025-04,라면,190230,필리핀,4596983,1085908
2025-04,라면,190230,호주,5480546,1609524
2025-04,라면,190230,홍콩,2692893,838680
2025-04,리튬이온 배터리,850760,네덜란드,100495,1098
2025-04,리튬이온 배터리,850760,대만,1850226,45920
2025-04,리튬이온 배터리,850760,독일,8157296,233716
2025-04,리튬이온 배터리,850760,말레이시아,7487,68
2025-04,리튬이온 배터리,850760,멕시코,149900,3682
2025-04,리튬이온 배터리,850760,미국,253908560,9136894
2025-04,리튬이온 배터리,850760,베트남,12350671,187058
2025-04,리튬이온 배터리,850760,사우디아라비아,2376,19
2025-04,리튬이온 배터리,850760,싱가포르,1650129,43459
2025-04,리튬이온 배터리,850760,아랍에미리트,123915,1746
2025-04,리튬이온 배터리,850760,영국,2723622,87705
2025-04,리튬이온 배터리,850760,인도,11082223,551121
2025-04,리튬이온 배터리,850760,인도네시아,14171,136
2025-04,리튬이온 배터리,850760,일본,15612663,500189
2025-04,리튬이온 배터리,850760,전체,398530882,13676498
2025-04,리튬이온 배터리,850760,중국,29511976,745719
2025-04,리튬이온 배터리,850760,카자흐스탄,28023,2081
2025-04,리튬이온 배터리,850760,캐나다,2245551,105186
2025-04,리튬이온 배터리,850760,태국,1668268,46556
2025-04,리튬이온 배터리,850760,튀르키예,84276,2524
2025-04,리튬이온 배터리,850760,폴란드,5075527,57471
2025-04,리튬이온 배터리,850760,필리핀,21079,82
2025-04,리튬이온 배터리,850760,호주,1032036,28699
2025-04,리튬이온 배터리,850760,홍콩,3279998,80978
2025-04,메모리 반도체,854232,네덜란드,9098335,566
2025-04,메모리 반도체,854232,대만,1622357258,26832
2025-04,메모리 반도체,854232,독일,12872812,996
2025-04,메모리 반도체,854232,말레이시아,71721062,2273
2025-04,메모리 반도체,854232,멕시코,10835647,1086
2025-04,메모리 반도체,854232,미국,15845318,1722
2025-04,메모리 반도체,854232,베트남,513455642,39411
2025-04,메모리 반도체,854232,사우디아라비아,2264,9
2025-04,메모리 반도체,854232,싱가포르,45779716,6463
2025-04,메모리 반도체,854232,아랍에미리트,1840,13
2025-04,메모리 반도체,854232,영국,295892,44
2025-04,메모리 반도체,854232,인도,95020641,6305
2025-04,메모리 반도체,854232,인도네시아,22259480,1503
2025-04,메모리 반도체,854232,일본,38943339,2331
2025-04,메모리 반도체,854232,전체,5761054144,282830
2025-04,메모리 반도체,854232,중국,2245427334,99287
2025-04,메모리 반도체,854232,카자흐스탄,1987,15
2025-04,메모리 반도체,854232,캐나다,852375,55
2025-04,메모리 반도체,854232,태국,12546200,908
2025-04,메모리 반도체,854232,튀르키예,4631184,233
2025-04,메모리 반도체,854232,폴란드,4725224,1104
2025-04,메모리 반도체,854232,필리핀,69932122,2976
2025-04,메모리 반도체,854232,호주,3979,44
2025-04,메모리 반도체,854232,홍콩,908792547,85073
2025-04,바이오의약품·톡신,3002,네덜란드,50991754,4394
2025-04,바이오의약품·톡신,3002,대만,3554491,1699
2025-04,바이오의약품·톡신,3002,독일,114691713,8221
2025-04,바이오의약품·톡신,3002,러시아,3068112,1441
2025-04,바이오의약품·톡신,3002,말레이시아,1486743,4215
2025-04,바이오의약품·톡신,3002,멕시코,445999,1459
2025-04,바이오의약품·톡신,3002,미국,81605450,20521
2025-04,바이오의약품·톡신,3002,베트남,3962482,15999
2025-04,바이오의약품·톡신,3002,사우디아라비아,440945,2873
2025-04,바이오의약품·톡신,3002,싱가포르,2812765,7600
2025-04,바이오의약품·톡신,3002,아랍에미리트,163069,1053
2025-04,바이오의약품·톡신,3002,영국,2593929,278
2025-04,바이오의약품·톡신,3002,인도,1030392,3416
2025-04,바이오의약품·톡신,3002,인도네시아,877665,3639
2025-04,바이오의약품·톡신,3002,일본,12857199,11803
2025-04,바이오의약품·톡신,3002,전체,646144872,435232
2025-04,바이오의약품·톡신,3002,중국,13394637,34154
2025-04,바이오의약품·톡신,3002,카자흐스탄,514072,1018
2025-04,바이오의약품·톡신,3002,캐나다,11367133,11550
2025-04,바이오의약품·톡신,3002,태국,7052100,32335
2025-04,바이오의약품·톡신,3002,튀르키예,53424578,4038
2025-04,바이오의약품·톡신,3002,폴란드,1108925,262
2025-04,바이오의약품·톡신,3002,필리핀,2227231,11706
2025-04,바이오의약품·톡신,3002,호주,5286422,4381
2025-04,바이오의약품·톡신,3002,홍콩,612092,1031
2025-04,반도체 장비,8486,네덜란드,24243890,36740
2025-04,반도체 장비,8486,대만,120239647,581265
2025-04,반도체 장비,8486,독일,1688996,1702
2025-04,반도체 장비,8486,말레이시아,16384885,77791
2025-04,반도체 장비,8486,멕시코,676780,42622
2025-04,반도체 장비,8486,미국,76254489,361870
2025-04,반도체 장비,8486,베트남,19663687,337456
2025-04,반도체 장비,8486,싱가포르,66039582,405045
2025-04,반도체 장비,8486,영국,2795127,20972
2025-04,반도체 장비,8486,인도,2716500,23183
2025-04,반도체 장비,8486,인도네시아,62257,119
2025-04,반도체 장비,8486,일본,42993804,250522
2025-04,반도체 장비,8486,전체,823493300,9280983
2025-04,반도체 장비,8486,중국,436325640,7060421
2025-04,반도체 장비,8486,캐나다,4125,127
2025-04,반도체 장비,8486,태국,855922,5356
2025-04,반도체 장비,8486,폴란드,2000,3
2025-04,반도체 장비,8486,필리핀,1780288,12696
2025-04,반도체 장비,8486,홍콩,2635385,13490
2025-04,변압기·전력변환기,8504,네덜란드,4359578,72791
2025-04,변압기·전력변환기,8504,대만,9564084,811380
2025-04,변압기·전력변환기,8504,독일,3635385,49494
2025-04,변압기·전력변환기,8504,말레이시아,2134052,43892
2025-04,변압기·전력변환기,8504,멕시코,5821176,116482
2025-04,변압기·전력변환기,8504,미국,220320740,15996415
2025-04,변압기·전력변환기,8504,베트남,30302566,745528
2025-04,변압기·전력변환기,8504,사우디아라비아,10887265,688942
2025-04,변압기·전력변환기,8504,싱가포르,2650440,115828
2025-04,변압기·전력변환기,8504,아랍에미리트,469312,8990
2025-04,변압기·전력변환기,8504,영국,16961383,914599
2025-04,변압기·전력변환기,8504,인도,8427748,526029
2025-04,변압기·전력변환기,8504,인도네시아,2919337,275748
2025-04,변압기·전력변환기,8504,일본,8764166,562601
2025-04,변압기·전력변환기,8504,전체,409219316,24207555
2025-04,변압기·전력변환기,8504,중국,27063024,1284058
2025-04,변압기·전력변환기,8504,카자흐스탄,23013,418
2025-04,변압기·전력변환기,8504,캐나다,670714,23448
2025-04,변압기·전력변환기,8504,태국,1681139,109575
2025-04,변압기·전력변환기,8504,튀르키예,756862,18458
2025-04,변압기·전력변환기,8504,폴란드,2434399,43619
2025-04,변압기·전력변환기,8504,필리핀,3424608,423226
2025-04,변압기·전력변환기,8504,호주,3090984,240434
2025-04,변압기·전력변환기,8504,홍콩,2182699,19890
2025-04,선박,8901,싱가포르,166834600,41975700
2025-04,선박,8901,인도,9879,732
2025-04,선박,8901,인도네시아,4880,6
2025-04,선박,8901,일본,0,0
2025-04,선박,8901,전체,1593980774,770306883
2025-04,선박,8901,중국,0,0
2025-04,선박,8901,필리핀,700000,174000
2025-04,선박,8901,호주,132438000,181952000
2025-04,선박,8901,홍콩,56000000,63555000
2025-04,승용차,8703,네덜란드,75438722,4933464
2025-04,승용차,8703,대만,33770354,2337621
2025-04,승용차,8703,독일,202057481,11735343
2025-04,승용차,8703,러시아,89905019,7962248
2025-04,승용차,8703,말레이시아,215439,15398
2025-04,승용차,8703,멕시코,18530973,1395265
2025-04,승용차,8703,미국,2887451834,195131090
2025-04,승용차,8703,베트남,10503857,990114
2025-04,승용차,8703,사우디아라비아,71352509,5949648
2025-04,승용차,8703,싱가포르,3111008,218372
2025-04,승용차,8703,아랍에미리트,36711050,9634625
2025-04,승용차,8703,영국,190371783,10804608
2025-04,승용차,8703,인도,265796,15310
2025-04,승용차,8703,인도네시아,13048760,919885
2025-04,승용차,8703,일본,3493018,313795
2025-04,승용차,8703,전체,6298092143,507795993
2025-04,승용차,8703,중국,35983244,949574
2025-04,승용차,8703,카자흐스탄,157857371,10876357
2025-04,승용차,8703,캐나다,465215636,36889091
2025-04,승용차,8703,태국,269195,18577
2025-04,승용차,8703,튀르키예,97471867,21440957
2025-04,승용차,8703,폴란드,36270236,2540756
2025-04,승용차,8703,필리핀,6367228,488549
2025-04,승용차,8703,호주,263893122,21132244
2025-04,승용차,8703,홍콩,955955,74782
2025-04,시스템반도체,854231,네덜란드,3125195,1235
2025-04,시스템반도체,854231,대만,330947918,96884
2025-04,시스템반도체,854231,독일,1003099,459
2025-04,시스템반도체,854231,말레이시아,95159897,26231
2025-04,시스템반도체,854231,멕시코,4568170,3837
2025-04,시스템반도체,854231,미국,40808128,11586
2025-04,시스템반도체,854231,베트남,850566216,76463
2025-04,시스템반도체,854231,싱가포르,376230200,62235
2025-04,시스템반도체,854231,아랍에미리트,333411,105
2025-04,시스템반도체,854231,영국,58485,49
2025-04,시스템반도체,854231,인도,158332455,20351
2025-04,시스템반도체,854231,인도네시아,20481707,7476
2025-04,시스템반도체,854231,일본,25674866,7307
2025-04,시스템반도체,854231,전체,3088211254,598602
2025-04,시스템반도체,854231,중국,798318370,121291
2025-04,시스템반도체,854231,캐나다,9199,55
2025-04,시스템반도체,854231,태국,32546878,21979
2025-04,시스템반도체,854231,튀르키예,1258707,128
2025-04,시스템반도체,854231,폴란드,34723820,19574
2025-04,시스템반도체,854231,필리핀,55400050,25942
2025-04,시스템반도체,854231,호주,250004,27
2025-04,시스템반도체,854231,홍콩,178425518,74926
2025-04,완제의약품,3004,네덜란드,572637,642
2025-04,완제의약품,3004,대만,926656,33289
2025-04,완제의약품,3004,독일,1396216,11776
2025-04,완제의약품,3004,러시아,92274,835
2025-04,완제의약품,3004,말레이시아,714288,4775
2025-04,완제의약품,3004,멕시코,2426521,17081
2025-04,완제의약품,3004,미국,2749632,61973
2025-04,완제의약품,3004,베트남,7640216,408727
2025-04,완제의약품,3004,사우디아라비아,146103,6963
2025-04,완제의약품,3004,싱가포르,1122498,12380
2025-04,완제의약품,3004,아랍에미리트,1338123,27749
2025-04,완제의약품,3004,영국,878768,1579
2025-04,완제의약품,3004,인도,169155,134
2025-04,완제의약품,3004,인도네시아,2210594,12565
2025-04,완제의약품,3004,일본,12741218,102088
2025-04,완제의약품,3004,전체,75597975,1622979
2025-04,완제의약품,3004,중국,5408467,88299
2025-04,완제의약품,3004,카자흐스탄,387166,5368
2025-04,완제의약품,3004,캐나다,5586,11
2025-04,완제의약품,3004,태국,4969006,66671
2025-04,완제의약품,3004,튀르키예,455665,1422
2025-04,완제의약품,3004,폴란드,132142,265
2025-04,완제의약품,3004,필리핀,4238014,74947
2025-04,완제의약품,3004,호주,528647,1748
2025-04,완제의약품,3004,홍콩,1706066,20668
2025-04,의료기기,9018,네덜란드,5746619,45266
2025-04,의료기기,9018,대만,4449726,38481
2025-04,의료기기,9018,독일,7640809,38606
2025-04,의료기기,9018,러시아,7671786,85627
2025-04,의료기기,9018,말레이시아,2877345,32124
2025-04,의료기기,9018,멕시코,2779811,28902
2025-04,의료기기,9018,미국,63292717,583966
2025-04,의료기기,9018,베트남,6133197,125691
2025-04,의료기기,9018,사우디아라비아,2970167,26916
2025-04,의료기기,9018,싱가포르,4319705,18813
2025-04,의료기기,9018,아랍에미리트,6875002,35959
2025-04,의료기기,9018,영국,2490277,20641
2025-04,의료기기,9018,인도,9327093,57600
2025-04,의료기기,9018,인도네시아,2873065,57425
2025-04,의료기기,9018,일본,15321809,109847
2025-04,의료기기,9018,전체,243358790,2156822
2025-04,의료기기,9018,중국,12889926,97597
2025-04,의료기기,9018,카자흐스탄,1202008,27910
2025-04,의료기기,9018,캐나다,1628333,10351
2025-04,의료기기,9018,태국,6017701,34972
2025-04,의료기기,9018,튀르키예,1740765,7379
2025-04,의료기기,9018,폴란드,3864885,30144
2025-04,의료기기,9018,필리핀,1899191,48248
2025-04,의료기기,9018,호주,2977897,25592
2025-04,의료기기,9018,홍콩,2618321,9358
2025-04,전선·케이블,8544,네덜란드,753295,31594
2025-04,전선·케이블,8544,대만,40585221,4792276
2025-04,전선·케이블,8544,독일,2605189,129297
2025-04,전선·케이블,8544,러시아,346057,29769
2025-04,전선·케이블,8544,말레이시아,3227831,296385
2025-04,전선·케이블,8544,멕시코,22469659,1315094
2025-04,전선·케이블,8544,미국,102328769,10645764
2025-04,전선·케이블,8544,베트남,47687015,3131126
2025-04,전선·케이블,8544,사우디아라비아,926728,128346
2025-04,전선·케이블,8544,싱가포르,9264582,1110282
2025-04,전선·케이블,8544,아랍에미리트,2638649,248983
2025-04,전선·케이블,8544,영국,947999,24881
2025-04,전선·케이블,8544,인도,11823708,662943
2025-04,전선·케이블,8544,인도네시아,4244084,296187
2025-04,전선·케이블,8544,일본,14537591,1502153
2025-04,전선·케이블,8544,전체,416990160,36060570
2025-04,전선·케이블,8544,중국,54431615,3751432
2025-04,전선·케이블,8544,카자흐스탄,1980965,45191
2025-04,전선·케이블,8544,캐나다,1942199,105134
2025-04,전선·케이블,8544,태국,2663953,222173
2025-04,전선·케이블,8544,튀르키예,3297260,197415
2025-04,전선·케이블,8544,폴란드,2188439,40137
2025-04,전선·케이블,8544,필리핀,18795529,1658461
2025-04,전선·케이블,8544,호주,4096984,424324
2025-04,전선·케이블,8544,홍콩,3621562,456334
2025-04,태양광 모듈,854143,네덜란드,0,0
2025-04,태양광 모듈,854143,독일,0,0
2025-04,태양광 모듈,854143,멕시코,0,0
2025-04,태양광 모듈,854143,미국,121142,18211
2025-04,태양광 모듈,854143,베트남,3619,188
2025-04,태양광 모듈,854143,싱가포르,7634,39
2025-04,태양광 모듈,854143,인도네시아,277,16
2025-04,태양광 모듈,854143,일본,768759,198555
2025-04,태양광 모듈,854143,전체,6844953,1954106
2025-04,태양광 모듈,854143,중국,82576,855
2025-04,태양광 모듈,854143,태국,450,34
2025-04,태양광 모듈,854143,필리핀,0,0
2025-04,태양광 모듈,854143,호주,0,0
2025-04,태양광 모듈,854143,홍콩,0,0
2025-04,화장품,3304,네덜란드,6667069,134768
2025-04,화장품,3304,대만,22992083,1080044
2025-04,화장품,3304,독일,5004925,135599
2025-04,화장품,3304,러시아,35825700,1323765
2025-04,화장품,3304,말레이시아,10618851,363777
2025-04,화장품,3304,멕시코,3474890,70071
2025-04,화장품,3304,미국,150934626,5619314
2025-04,화장품,3304,베트남,32517003,1012630
2025-04,화장품,3304,사우디아라비아,5913149,127083
2025-04,화장품,3304,싱가포르,9404453,283373
2025-04,화장품,3304,아랍에미리트,17281197,390285
2025-04,화장품,3304,영국,15210461,455996
2025-04,화장품,3304,인도,7158790,316020
2025-04,화장품,3304,인도네시아,10830971,313549
2025-04,화장품,3304,일본,74362818,1838138
2025-04,화장품,3304,전체,849739554,27137980
2025-04,화장품,3304,중국,185395746,6480184
2025-04,화장품,3304,카자흐스탄,9274188,235659
2025-04,화장품,3304,캐나다,12911454,344634
2025-04,화장품,3304,태국,18312951,555475
2025-04,화장품,3304,튀르키예,7578846,144291
2025-04,화장품,3304,폴란드,22849662,706354
2025-04,화장품,3304,필리핀,7723483,426968
2025-04,화장품,3304,호주,9055586,379228
2025-04,화장품,3304,홍콩,54424814,1236628
2025-05,라면,190230,네덜란드,7421515,1741964
2025-05,라면,190230,대만,4471968,1250573
2025-05,라면,190230,독일,4176703,1080488
2025-05,라면,190230,러시아,4194691,954800
2025-05,라면,190230,말레이시아,4442649,1032517
2025-05,라면,190230,멕시코,1827203,379886
2025-05,라면,190230,미국,27865549,5999270
2025-05,라면,190230,베트남,1831052,529182
2025-05,라면,190230,사우디아라비아,912205,203676
2025-05,라면,190230,싱가포르,1008890,259195
2025-05,라면,190230,아랍에미리트,1550425,358062
2025-05,라면,190230,영국,3261970,706152
2025-05,라면,190230,인도,1766602,436898
2025-05,라면,190230,인도네시아,1759014,421504
2025-05,라면,190230,일본,9235143,2810599
2025-05,라면,190230,전체,138156234,34698639
2025-05,라면,190230,중국,32526265,8734937
2025-05,라면,190230,카자흐스탄,1470136,312077
2025-05,라면,190230,캐나다,2202642,775125
2025-05,라면,190230,태국,3714761,878167
2025-05,라면,190230,튀르키예,0,0
2025-05,라면,190230,폴란드,172871,57170
2025-05,라면,190230,필리핀,4980070,1081764
2025-05,라면,190230,호주,4338570,1215162
2025-05,라면,190230,홍콩,2131990,658172
2025-05,리튬이온 배터리,850760,네덜란드,170684,4400
2025-05,리튬이온 배터리,850760,대만,432591,9890
2025-05,리튬이온 배터리,850760,독일,2397074,87505
2025-05,리튬이온 배터리,850760,말레이시아,5707,166
2025-05,리튬이온 배터리,850760,멕시코,577850,18513
2025-05,리튬이온 배터리,850760,미국,173053278,6140087
2025-05,리튬이온 배터리,850760,베트남,12322956,174180
2025-05,리튬이온 배터리,850760,싱가포르,938836,26277
2025-05,리튬이온 배터리,850760,아랍에미리트,248713,4430
2025-05,리튬이온 배터리,850760,영국,2584932,77282
2025-05,리튬이온 배터리,850760,인도,9235344,480799
2025-05,리튬이온 배터리,850760,인도네시아,46742,652
2025-05,리튬이온 배터리,850760,일본,15171615,510850
2025-05,리튬이온 배터리,850760,전체,283756687,9986584
2025-05,리튬이온 배터리,850760,중국,27707026,933795
2025-05,리튬이온 배터리,850760,캐나다,592325,26642
2025-05,리튬이온 배터리,850760,태국,3128082,92551
2025-05,리튬이온 배터리,850760,튀르키예,160042,894
2025-05,리튬이온 배터리,850760,폴란드,497292,17397
2025-05,리튬이온 배터리,850760,필리핀,14880,138
2025-05,리튬이온 배터리,850760,호주,684539,17800
2025-05,리튬이온 배터리,850760,홍콩,1144880,20089
2025-05,메모리 반도체,854232,네덜란드,7099413,397
2025-05,메모리 반도체,854232,대만,2075074454,28800
2025-05,메모리 반도체,854232,독일,18767220,1175
2025-05,메모리 반도체,854232,말레이시아,353030489,3828
2025-05,메모리 반도체,854232,멕시코,10808951,900
2025-05,메모리 반도체,854232,미국,16350664,1359
2025-05,메모리 반도체,854232,베트남,809765443,64761
2025-05,메모리 반도체,854232,싱가포르,50361971,4775
2025-05,메모리 반도체,854232,영국,258942,17
2025-05,메모리 반도체,854232,인도,111444363,3775
2025-05,메모리 반도체,854232,인도네시아,19081745,1337
2025-05,메모리 반도체,854232,일본,50186057,2203
2025-05,메모리 반도체,854232,전체,7337463885,341368
2025-05,메모리 반도체,854232,중국,2351241371,109844
2025-05,메모리 반도체,854232,캐나다,384272,4
2025-05,메모리 반도체,854232,태국,15491121,835
2025-05,메모리 반도체,854232,튀르키예,4474045,219
2025-05,메모리 반도체,854232,폴란드,4452395,1120
2025-05,메모리 반도체,854232,필리핀,129137993,6009
2025-05,메모리 반도체,854232,홍콩,1247302519,106744
2025-05,바이오의약품·톡신,3002,네덜란드,28105656,4051
2025-05,바이오의약품·톡신,3002,대만,291491,7504
2025-05,바이오의약품·톡신,3002,독일,45281219,3644
2025-05,바이오의약품·톡신,3002,러시아,841558,2131
2025-05,바이오의약품·톡신,3002,말레이시아,1242919,33208
2025-05,바이오의약품·톡신,3002,멕시코,714520,4585
2025-05,바이오의약품·톡신,3002,미국,181005365,33741
2025-05,바이오의약품·톡신,3002,베트남,3984914,24302
2025-05,바이오의약품·톡신,3002,사우디아라비아,3123965,3110
2025-05,바이오의약품·톡신,3002,싱가포르,1592279,1414
2025-05,바이오의약품·톡신,3002,아랍에미리트,332666,917
2025-05,바이오의약품·톡신,3002,영국,1964948,286
2025-05,바이오의약품·톡신,3002,인도,1163654,6227
2025-05,바이오의약품·톡신,3002,인도네시아,627052,2496
2025-05,바이오의약품·톡신,3002,일본,9447642,6985
2025-05,바이오의약품·톡신,3002,전체,642094576,391106
2025-05,바이오의약품·톡신,3002,중국,15197491,29234
2025-05,바이오의약품·톡신,3002,카자흐스탄,622078,1384
2025-05,바이오의약품·톡신,3002,캐나다,1114014,1188
2025-05,바이오의약품·톡신,3002,태국,6323320,18596
2025-05,바이오의약품·톡신,3002,튀르키예,30831576,5255
2025-05,바이오의약품·톡신,3002,폴란드,350486,670
2025-05,바이오의약품·톡신,3002,필리핀,1837107,15886
2025-05,바이오의약품·톡신,3002,호주,7402647,1115
2025-05,바이오의약품·톡신,3002,홍콩,678235,1031
2025-05,반도체 장비,8486,네덜란드,15913340,25837
2025-05,반도체 장비,8486,대만,122072412,735354
2025-05,반도체 장비,8486,독일,1439545,4448
2025-05,반도체 장비,8486,러시아,0,0
2025-05,반도체 장비,8486,말레이시아,18625425,81134
2025-05,반도체 장비,8486,멕시코,653617,3090
2025-05,반도체 장비,8486,미국,66040939,309907
2025-05,반도체 장비,8486,베트남,20539415,287685
2025-05,반도체 장비,8486,싱가포르,40527781,215426
2025-05,반도체 장비,8486,아랍에미리트,7650,9
2025-05,반도체 장비,8486,영국,2606766,10722
2025-05,반도체 장비,8486,인도,1164925,12301
2025-05,반도체 장비,8486,인도네시아,98743,15767
2025-05,반도체 장비,8486,일본,46022580,184489
2025-05,반도체 장비,8486,전체,766799461,6258262
2025-05,반도체 장비,8486,중국,420249171,4339605
2025-05,반도체 장비,8486,캐나다,3953,35
2025-05,반도체 장비,8486,태국,649787,3936
2025-05,반도체 장비,8486,필리핀,1048298,5421
2025-05,반도체 장비,8486,호주,0,0
2025-05,반도체 장비,8486,홍콩,4048098,7791
2025-05,변압기·전력변환기,8504,네덜란드,3753915,67093
2025-05,변압기·전력변환기,8504,대만,4012305,295749
2025-05,변압기·전력변환기,8504,독일,8080527,237772
2025-05,변압기·전력변환기,8504,말레이시아,5452696,281230
2025-05,변압기·전력변환기,8504,멕시코,4440882,103447
2025-05,변압기·전력변환기,8504,미국,189544909,13694867
2025-05,변압기·전력변환기,8504,베트남,36174258,881301
2025-05,변압기·전력변환기,8504,사우디아라비아,2043336,172261
2025-05,변압기·전력변환기,8504,싱가포르,1064274,8150
2025-05,변압기·전력변환기,8504,아랍에미리트,423989,8799
2025-05,변압기·전력변환기,8504,영국,25632038,1520619
2025-05,변압기·전력변환기,8504,인도,11557147,1003381
2025-05,변압기·전력변환기,8504,인도네시아,3789710,482135
2025-05,변압기·전력변환기,8504,일본,7751909,393810
2025-05,변압기·전력변환기,8504,전체,383358415,22371061
2025-05,변압기·전력변환기,8504,중국,24733841,1157200
2025-05,변압기·전력변환기,8504,카자흐스탄,94084,2027
2025-05,변압기·전력변환기,8504,캐나다,7211605,285351
2025-05,변압기·전력변환기,8504,태국,1819888,122858
2025-05,변압기·전력변환기,8504,튀르키예,508436,11001
2025-05,변압기·전력변환기,8504,폴란드,1869739,37199
2025-05,변압기·전력변환기,8504,필리핀,3468111,472470
2025-05,변압기·전력변환기,8504,호주,629700,45754
2025-05,변압기·전력변환기,8504,홍콩,1932420,23872
2025-05,선박,8901,독일,333543310,133688000
2025-05,선박,8901,미국,0,0
2025-05,선박,8901,싱가포르,257355387,309921900
2025-05,선박,8901,아랍에미리트,550000,1581000
2025-05,선박,8901,일본,4300000,3571000
2025-05,선박,8901,전체,2121014590,1021967200
2025-05,선박,8901,중국,13900000,10892000
2025-05,선박,8901,필리핀,3210000,651000
2025-05,선박,8901,호주,34900000,79340000
2025-05,승용차,8703,네덜란드,59307050,3683728
2025-05,승용차,8703,대만,38726726,2534329
2025-05,승용차,8703,독일,192670443,10714946
2025-05,승용차,8703,러시아,85817782,7254130
2025-05,승용차,8703,말레이시아,5473665,366315
2025-05,승용차,8703,멕시코,76952854,6076597
2025-05,승용차,8703,미국,2512031027,184506175
2025-05,승용차,8703,베트남,13338877,1178841
2025-05,승용차,8703,사우디아라비아,58828518,4964715
2025-05,승용차,8703,싱가포르,5925904,411522
2025-05,승용차,8703,아랍에미리트,48641141,10686517
2025-05,승용차,8703,영국,206840837,11075479
2025-05,승용차,8703,인도,140687,13046
2025-05,승용차,8703,인도네시아,24350103,1621468
2025-05,승용차,8703,일본,1494171,138518
2025-05,승용차,8703,전체,5939575213,489159634
2025-05,승용차,8703,중국,42078750,971176
2025-05,승용차,8703,카자흐스탄,156717631,11005680
2025-05,승용차,8703,캐나다,563126560,44855645
2025-05,승용차,8703,튀르키예,94777983,19258776
2025-05,승용차,8703,폴란드,31726880,2081698
2025-05,승용차,8703,필리핀,14847536,999510
2025-05,승용차,8703,호주,273513358,21227584
2025-05,승용차,8703,홍콩,2163315,167887
2025-05,시스템반도체,854231,네덜란드,3430231,1440
2025-05,시스템반도체,854231,대만,316325333,83771
2025-05,시스템반도체,854231,독일,1857898,738
2025-05,시스템반도체,854231,말레이시아,81532257,30128
2025-05,시스템반도체,854231,멕시코,9772903,6119
2025-05,시스템반도체,854231,미국,29652557,9582
2025-05,시스템반도체,854231,베트남,965783215,93255
2025-05,시스템반도체,854231,싱가포르,438619758,69075
2025-05,시스템반도체,854231,아랍에미리트,22752,10
2025-05,시스템반도체,854231,영국,276004,73
2025-05,시스템반도체,854231,인도,164118352,20636
2025-05,시스템반도체,854231,인도네시아,21014082,4110
2025-05,시스템반도체,854231,일본,30337856,9367
2025-05,시스템반도체,854231,전체,3232688772,573063
2025-05,시스템반도체,854231,중국,792710917,107449
2025-05,시스템반도체,854231,캐나다,74888,76
2025-05,시스템반도체,854231,태국,24768412,16544
2025-05,시스템반도체,854231,튀르키예,1399603,100
2025-05,시스템반도체,854231,폴란드,25949036,13409
2025-05,시스템반도체,854231,필리핀,64583279,27872
2025-05,시스템반도체,854231,호주,40143,27
2025-05,시스템반도체,854231,홍콩,175880675,60639
2025-05,완제의약품,3004,네덜란드,558969,704
2025-05,완제의약품,3004,대만,400621,7940
2025-05,완제의약품,3004,독일,1377124,8472
2025-05,완제의약품,3004,러시아,616041,3607
2025-05,완제의약품,3004,말레이시아,717610,13012
2025-05,완제의약품,3004,멕시코,3576438,10652
2025-05,완제의약품,3004,미국,3121903,90855
2025-05,완제의약품,3004,베트남,8613026,347912
2025-05,완제의약품,3004,사우디아라비아,584512,22621
2025-05,완제의약품,3004,싱가포르,335568,7401
2025-05,완제의약품,3004,아랍에미리트,1398306,11598
2025-05,완제의약품,3004,영국,985262,2650
2025-05,완제의약품,3004,인도,305428,245
2025-05,완제의약품,3004,인도네시아,958333,9315
2025-05,완제의약품,3004,일본,12367907,80403
2025-05,완제의약품,3004,전체,76647450,1353297
2025-05,완제의약품,3004,중국,4385364,38371
2025-05,완제의약품,3004,카자흐스탄,626917,13098
2025-05,완제의약품,3004,캐나다,10272,22
2025-05,완제의약품,3004,태국,6711837,74220
2025-05,완제의약품,3004,튀르키예,329992,3176
2025-05,완제의약품,3004,폴란드,279436,992
2025-05,완제의약품,3004,필리핀,3088423,55155
2025-05,완제의약품,3004,호주,399300,8137
2025-05,완제의약품,3004,홍콩,1008888,10917
2025-05,의료기기,9018,네덜란드,4321173,30906
2025-05,의료기기,9018,대만,6022141,35287
2025-05,의료기기,9018,독일,6196334,57220
2025-05,의료기기,9018,러시아,7353044,68415
2025-05,의료기기,9018,말레이시아,2862997,28398
2025-05,의료기기,9018,멕시코,2536508,27291
2025-05,의료기기,9018,미국,45080508,466309
2025-05,의료기기,9018,베트남,4413677,110103
2025-05,의료기기,9018,사우디아라비아,1947360,30573
2025-05,의료기기,9018,싱가포르,2543717,14756
2025-05,의료기기,9018,아랍에미리트,6197801,31950
2025-05,의료기기,9018,영국,3007862,23162
2025-05,의료기기,9018,인도,11560295,82616
2025-05,의료기기,9018,인도네시아,3923103,47589
2025-05,의료기기,9018,일본,15222551,91484
2025-05,의료기기,9018,전체,208870270,1878383
2025-05,의료기기,9018,중국,12629845,113113
2025-05,의료기기,9018,카자흐스탄,820905,4695
2025-05,의료기기,9018,캐나다,1671097,11763
2025-05,의료기기,9018,태국,6929633,39508
2025-05,의료기기,9018,튀르키예,2114509,9325
2025-05,의료기기,9018,폴란드,4448193,22609
2025-05,의료기기,9018,필리핀,1946021,38579
2025-05,의료기기,9018,호주,3149816,38047
2025-05,의료기기,9018,홍콩,2052631,7070
2025-05,전선·케이블,8544,네덜란드,727861,20669
2025-05,전선·케이블,8544,대만,3937024,355573
2025-05,전선·케이블,8544,독일,2129470,95461
2025-05,전선·케이블,8544,러시아,129087,4038
2025-05,전선·케이블,8544,말레이시아,7017053,459124
2025-05,전선·케이블,8544,멕시코,20240190,1184088
2025-05,전선·케이블,8544,미국,90463982,11174112
2025-05,전선·케이블,8544,베트남,48232752,3103810
2025-05,전선·케이블,8544,사우디아라비아,189640,3764
2025-05,전선·케이블,8544,싱가포르,7634656,774618
2025-05,전선·케이블,8544,아랍에미리트,16731840,1535061
2025-05,전선·케이블,8544,영국,6012212,378847
2025-05,전선·케이블,8544,인도,8395186,390760
2025-05,전선·케이블,8544,인도네시아,3140608,214011
2025-05,전선·케이블,8544,일본,12650465,1227981
2025-05,전선·케이블,8544,전체,336024096,28440274
2025-05,전선·케이블,8544,중국,49116544,3209160
2025-05,전선·케이블,8544,카자흐스탄,1882245,39060
2025-05,전선·케이블,8544,캐나다,1291324,68947
2025-05,전선·케이블,8544,태국,2227475,177522
2025-05,전선·케이블,8544,튀르키예,1986730,143088
2025-05,전선·케이블,8544,폴란드,1994307,45387
2025-05,전선·케이블,8544,필리핀,14889982,1249279
2025-05,전선·케이블,8544,호주,3844597,345574
2025-05,전선·케이블,8544,홍콩,2774736,414236
2025-05,태양광 모듈,854143,대만,0,0
2025-05,태양광 모듈,854143,독일,1806,420
2025-05,태양광 모듈,854143,말레이시아,0,0
2025-05,태양광 모듈,854143,미국,4614224,1237439
2025-05,태양광 모듈,854143,영국,3354,5
2025-05,태양광 모듈,854143,일본,166596,41031
2025-05,태양광 모듈,854143,전체,5556903,1731827
2025-05,태양광 모듈,854143,중국,252571,25040
2025-05,태양광 모듈,854143,캐나다,1028,125
2025-05,태양광 모듈,854143,태국,0,0
2025-05,태양광 모듈,854143,튀르키예,7578,16840
2025-05,태양광 모듈,854143,필리핀,1685,609
2025-05,화장품,3304,네덜란드,8375589,193827
2025-05,화장품,3304,대만,22344533,1167279
2025-05,화장품,3304,독일,5551541,143120
2025-05,화장품,3304,러시아,31104144,1141661
2025-05,화장품,3304,말레이시아,9399248,301058
2025-05,화장품,3304,멕시코,3677331,97118
2025-05,화장품,3304,미국,166126958,5500838
2025-05,화장품,3304,베트남,29315375,774279
2025-05,화장품,3304,사우디아라비아,4227691,117607
2025-05,화장품,3304,싱가포르,9706071,247187
2025-05,화장품,3304,아랍에미리트,20832923,393679
2025-05,화장품,3304,영국,17023499,406280
2025-05,화장품,3304,인도,6989354,260386
2025-05,화장품,3304,인도네시아,7106041,155162
2025-05,화장품,3304,일본,73728466,1830430
2025-05,화장품,3304,전체,795998089,24530134
2025-05,화장품,3304,중국,148945982,5140836
2025-05,화장품,3304,카자흐스탄,9842340,266593
2025-05,화장품,3304,캐나다,11082130,342529
2025-05,화장품,3304,태국,17715751,471103
2025-05,화장품,3304,튀르키예,7165631,143740
2025-05,화장품,3304,폴란드,21838744,639582
2025-05,화장품,3304,필리핀,7163476,437472
2025-05,화장품,3304,호주,10286798,381681
2025-05,화장품,3304,홍콩,45126443,1110571
2025-06,라면,190230,네덜란드,5593179,1315577
2025-06,라면,190230,대만,2798387,696851
2025-06,라면,190230,독일,3414471,814496
2025-06,라면,190230,러시아,3577842,783092
2025-06,라면,190230,말레이시아,3604809,842229
2025-06,라면,190230,멕시코,1702002,382979
2025-06,라면,190230,미국,32678106,6587126
2025-06,라면,190230,베트남,1744625,491714
2025-06,라면,190230,사우디아라비아,1274793,285582
2025-06,라면,190230,싱가포르,970125,258288
2025-06,라면,190230,아랍에미리트,1952784,477895
2025-06,라면,190230,영국,5233131,1148721
2025-06,라면,190230,인도,1196977,296864
2025-06,라면,190230,인도네시아,1863423,456295
2025-06,라면,190230,일본,6292238,1861994
2025-06,라면,190230,전체,135865058,32722243
2025-06,라면,190230,중국,28069492,7413259
2025-06,라면,190230,카자흐스탄,1890066,405515
2025-06,라면,190230,캐나다,4174998,1126105
2025-06,라면,190230,태국,3126337,768122
2025-06,라면,190230,튀르키예,56115,20635
2025-06,라면,190230,폴란드,166380,45445
2025-06,라면,190230,필리핀,4339857,971926
2025-06,라면,190230,호주,4763799,1337411
2025-06,라면,190230,홍콩,2466002,775306
2025-06,리튬이온 배터리,850760,네덜란드,88846,803
2025-06,리튬이온 배터리,850760,대만,745378,24920
2025-06,리튬이온 배터리,850760,독일,13015190,699719
2025-06,리튬이온 배터리,850760,말레이시아,15933,78
2025-06,리튬이온 배터리,850760,멕시코,6770571,208482
2025-06,리튬이온 배터리,850760,미국,230259478,9036264
2025-06,리튬이온 배터리,850760,베트남,12049743,192654
2025-06,리튬이온 배터리,850760,사우디아라비아,691,4
2025-06,리튬이온 배터리,850760,싱가포르,884660,25647
2025-06,리튬이온 배터리,850760,아랍에미리트,15250,244
2025-06,리튬이온 배터리,850760,영국,1683744,10820
2025-06,리튬이온 배터리,850760,인도,11348872,607446
2025-06,리튬이온 배터리,850760,인도네시아,101326,4092
2025-06,리튬이온 배터리,850760,일본,12337690,394525
2025-06,리튬이온 배터리,850760,전체,353384032,13410824
2025-06,리튬이온 배터리,850760,중국,27531152,781367
2025-06,리튬이온 배터리,850760,카자흐스탄,93,1
2025-06,리튬이온 배터리,850760,캐나다,1200286,37537
2025-06,리튬이온 배터리,850760,태국,1405514,38026
2025-06,리튬이온 배터리,850760,튀르키예,448404,22571
2025-06,리튬이온 배터리,850760,폴란드,2942979,85875
2025-06,리튬이온 배터리,850760,필리핀,21242,89
2025-06,리튬이온 배터리,850760,호주,494081,17590
2025-06,리튬이온 배터리,850760,홍콩,3880780,52287
2025-06,메모리 반도체,854232,네덜란드,6596694,384
2025-06,메모리 반도체,854232,대만,2731033579,30336
2025-06,메모리 반도체,854232,독일,29074075,1456
2025-06,메모리 반도체,854232,말레이시아,266711985,2944
2025-06,메모리 반도체,854232,멕시코,13575476,2560
2025-06,메모리 반도체,854232,미국,13301810,1047
2025-06,메모리 반도체,854232,베트남,688007107,44210
2025-06,메모리 반도체,854232,싱가포르,38467453,3393
2025-06,메모리 반도체,854232,아랍에미리트,61502,3
2025-06,메모리 반도체,854232,영국,1207194,74
2025-06,메모리 반도체,854232,인도,80730673,3219
2025-06,메모리 반도체,854232,인도네시아,24571335,1464
2025-06,메모리 반도체,854232,일본,64712673,2993
2025-06,메모리 반도체,854232,전체,8230251105,378327
2025-06,메모리 반도체,854232,중국,2431832095,118794
2025-06,메모리 반도체,854232,캐나다,198252,3
2025-06,메모리 반도체,854232,태국,27167605,2116
2025-06,메모리 반도체,854232,튀르키예,6087199,225
2025-06,메모리 반도체,854232,폴란드,3315400,639
2025-06,메모리 반도체,854232,필리핀,126544493,7156
2025-06,메모리 반도체,854232,홍콩,1622161916,151342
2025-06,바이오의약품·톡신,3002,네덜란드,42379361,9548
2025-06,바이오의약품·톡신,3002,대만,5728872,2350
2025-06,바이오의약품·톡신,3002,독일,11143077,4446
2025-06,바이오의약품·톡신,3002,러시아,641473,1380
2025-06,바이오의약품·톡신,3002,말레이시아,1562033,8289
2025-06,바이오의약품·톡신,3002,멕시코,519609,1137
2025-06,바이오의약품·톡신,3002,미국,453166780,69465
2025-06,바이오의약품·톡신,3002,베트남,4595256,19293
2025-06,바이오의약품·톡신,3002,사우디아라비아,5133559,8588
2025-06,바이오의약품·톡신,3002,싱가포르,767490,307
2025-06,바이오의약품·톡신,3002,아랍에미리트,719190,25955
2025-06,바이오의약품·톡신,3002,영국,1998750,174
2025-06,바이오의약품·톡신,3002,인도,1649587,6395
2025-06,바이오의약품·톡신,3002,인도네시아,1161963,5422
2025-06,바이오의약품·톡신,3002,일본,31263947,22211
2025-06,바이오의약품·톡신,3002,전체,850321774,431365
2025-06,바이오의약품·톡신,3002,중국,12239811,29681
2025-06,바이오의약품·톡신,3002,카자흐스탄,1160568,2475
2025-06,바이오의약품·톡신,3002,캐나다,5471737,5227
2025-06,바이오의약품·톡신,3002,태국,6057266,15207
2025-06,바이오의약품·톡신,3002,튀르키예,11128268,3977
2025-06,바이오의약품·톡신,3002,폴란드,725478,4058
2025-06,바이오의약품·톡신,3002,필리핀,2099934,9535
2025-06,바이오의약품·톡신,3002,호주,1652653,2391
2025-06,바이오의약품·톡신,3002,홍콩,846550,1572
2025-06,반도체 장비,8486,네덜란드,18114858,27134
2025-06,반도체 장비,8486,대만,144037795,789223
2025-06,반도체 장비,8486,독일,1486507,3352
2025-06,반도체 장비,8486,말레이시아,11342272,69637
2025-06,반도체 장비,8486,멕시코,295943,3639
2025-06,반도체 장비,8486,미국,70604394,437585
2025-06,반도체 장비,8486,베트남,25022513,264174
2025-06,반도체 장비,8486,싱가포르,78668949,314444
2025-06,반도체 장비,8486,아랍에미리트,0,0
2025-06,반도체 장비,8486,영국,2497956,13252
2025-06,반도체 장비,8486,인도,1495369,16295
2025-06,반도체 장비,8486,인도네시아,29582,48
2025-06,반도체 장비,8486,일본,80768088,331866
2025-06,반도체 장비,8486,전체,888902227,6106176
2025-06,반도체 장비,8486,중국,441047715,3763574
2025-06,반도체 장비,8486,캐나다,500,0
2025-06,반도체 장비,8486,태국,1109938,26834
2025-06,반도체 장비,8486,폴란드,24232,49
2025-06,반도체 장비,8486,필리핀,1967473,8376
2025-06,반도체 장비,8486,홍콩,1936197,3854
2025-06,변압기·전력변환기,8504,네덜란드,3181086,49609
2025-06,변압기·전력변환기,8504,대만,5446845,196482
2025-06,변압기·전력변환기,8504,독일,3773661,51365
2025-06,변압기·전력변환기,8504,러시아,1733,171
2025-06,변압기·전력변환기,8504,말레이시아,5703611,433230
2025-06,변압기·전력변환기,8504,멕시코,5772739,117196
2025-06,변압기·전력변환기,8504,미국,232374766,15070485
2025-06,변압기·전력변환기,8504,베트남,26126975,737941
2025-06,변압기·전력변환기,8504,사우디아라비아,13094078,793311
2025-06,변압기·전력변환기,8504,싱가포르,1568185,34596
2025-06,변압기·전력변환기,8504,아랍에미리트,10629457,903636
2025-06,변압기·전력변환기,8504,영국,19227725,1072201
2025-06,변압기·전력변환기,8504,인도,11414637,1105236
2025-06,변압기·전력변환기,8504,인도네시아,2046442,262748
2025-06,변압기·전력변환기,8504,일본,6401121,427914
2025-06,변압기·전력변환기,8504,전체,482450493,27075841
2025-06,변압기·전력변환기,8504,중국,25755680,685219
2025-06,변압기·전력변환기,8504,카자흐스탄,3221156,180767
2025-06,변압기·전력변환기,8504,캐나다,13890698,776551
2025-06,변압기·전력변환기,8504,태국,1370479,90335
2025-06,변압기·전력변환기,8504,튀르키예,1104321,21964
2025-06,변압기·전력변환기,8504,폴란드,2120299,38402
2025-06,변압기·전력변환기,8504,필리핀,3909542,516047
2025-06,변압기·전력변환기,8504,호주,485705,19267
2025-06,변압기·전력변환기,8504,홍콩,1853584,51877
2025-06,선박,8901,대만,0,0
2025-06,선박,8901,싱가포르,291149051,197812308
2025-06,선박,8901,아랍에미리트,0,0
2025-06,선박,8901,일본,1602,1
2025-06,선박,8901,전체,2272274171,982963909
2025-06,선박,8901,중국,0,0
2025-06,선박,8901,캐나다,22100000,43956000
2025-06,선박,8901,호주,0,0
2025-06,승용차,8703,네덜란드,85403350,5649869
2025-06,승용차,8703,대만,34746217,2274170
2025-06,승용차,8703,독일,146247342,8520491
2025-06,승용차,8703,러시아,84713883,6911456
2025-06,승용차,8703,멕시코,29124902,2235069
2025-06,승용차,8703,미국,2688144848,196979949
2025-06,승용차,8703,베트남,19432995,1706420
2025-06,승용차,8703,사우디아라비아,185773412,11967337
2025-06,승용차,8703,싱가포르,6297047,457451
2025-06,승용차,8703,아랍에미리트,44538648,10137328
2025-06,승용차,8703,영국,268255743,14651614
2025-06,승용차,8703,인도,109969,8685
2025-06,승용차,8703,인도네시아,12074080,751557
2025-06,승용차,8703,일본,4576107,410109
2025-06,승용차,8703,전체,5995652378,479492996
2025-06,승용차,8703,중국,22804246,564526
2025-06,승용차,8703,카자흐스탄,143715264,9981723
2025-06,승용차,8703,캐나다,518776332,39503081
2025-06,승용차,8703,태국,510785,29900
2025-06,승용차,8703,튀르키예,123430377,19727880
2025-06,승용차,8703,폴란드,40523017,2492081
2025-06,승용차,8703,필리핀,9971659,693680
2025-06,승용차,8703,호주,229929122,17977294
2025-06,승용차,8703,홍콩,1479826,111378
2025-06,시스템반도체,854231,네덜란드,4647865,1712
2025-06,시스템반도체,854231,대만,293242954,79969
2025-06,시스템반도체,854231,독일,1890132,694
2025-06,시스템반도체,854231,말레이시아,78671372,32855
2025-06,시스템반도체,854231,멕시코,15308267,10155
2025-06,시스템반도체,854231,미국,69217086,11915
2025-06,시스템반도체,854231,베트남,876112557,81967
2025-06,시스템반도체,854231,싱가포르,373467640,61798
2025-06,시스템반도체,854231,아랍에미리트,290451,141
2025-06,시스템반도체,854231,영국,301549,126
2025-06,시스템반도체,854231,인도,129408612,28549
2025-06,시스템반도체,854231,인도네시아,18286864,2900
2025-06,시스템반도체,854231,일본,39864212,13444
2025-06,시스템반도체,854231,전체,2982927210,571494
2025-06,시스템반도체,854231,중국,737580838,111840
2025-06,시스템반도체,854231,캐나다,13275,81
2025-06,시스템반도체,854231,태국,30569683,15227
2025-06,시스템반도체,854231,튀르키예,1268006,112
2025-06,시스템반도체,854231,폴란드,24071129,15129
2025-06,시스템반도체,854231,필리핀,62380973,28589
2025-06,시스템반도체,854231,호주,19100,100
2025-06,시스템반도체,854231,홍콩,149931776,56140
2025-06,완제의약품,3004,네덜란드,9142,45
2025-06,완제의약품,3004,대만,1134602,13257
2025-06,완제의약품,3004,독일,1094052,7120
2025-06,완제의약품,3004,러시아,246805,1068
2025-06,완제의약품,3004,말레이시아,1359897,14249
2025-06,완제의약품,3004,멕시코,2699375,15141
2025-06,완제의약품,3004,미국,3865011,102893
2025-06,완제의약품,3004,베트남,7470120,495941
2025-06,완제의약품,3004,사우디아라비아,104193,9256
2025-06,완제의약품,3004,싱가포르,361819,7215
2025-06,완제의약품,3004,아랍에미리트,1470887,31525
2025-06,완제의약품,3004,영국,705647,1914
2025-06,완제의약품,3004,인도,6692,33
2025-06,완제의약품,3004,인도네시아,855071,8667
2025-06,완제의약품,3004,일본,12289622,128709
2025-06,완제의약품,3004,전체,81001156,1710602
2025-06,완제의약품,3004,중국,8092603,65483
2025-06,완제의약품,3004,카자흐스탄,1054517,14431
2025-06,완제의약품,3004,캐나다,360296,5322
2025-06,완제의약품,3004,태국,5860694,101816
2025-06,완제의약품,3004,튀르키예,397830,854
2025-06,완제의약품,3004,폴란드,254217,518
2025-06,완제의약품,3004,필리핀,4538703,54502
2025-06,완제의약품,3004,호주,479855,21294
2025-06,완제의약품,3004,홍콩,2559096,27504
2025-06,의료기기,9018,네덜란드,5333257,29330
2025-06,의료기기,9018,대만,8886831,50523
2025-06,의료기기,9018,독일,8269899,43275
2025-06,의료기기,9018,러시아,9482049,129497
2025-06,의료기기,9018,말레이시아,2682869,20095
2025-06,의료기기,9018,멕시코,3720502,72661
2025-06,의료기기,9018,미국,63251024,566751
2025-06,의료기기,9018,베트남,7768181,183416
2025-06,의료기기,9018,사우디아라비아,2388335,25463
2025-06,의료기기,9018,싱가포르,4566192,20288
2025-06,의료기기,9018,아랍에미리트,7524295,33761
2025-06,의료기기,9018,영국,3124373,21616
2025-06,의료기기,9018,인도,9820653,70861
2025-06,의료기기,9018,인도네시아,4598960,35424
2025-06,의료기기,9018,일본,17061789,124278
2025-06,의료기기,9018,전체,255089261,2129433
2025-06,의료기기,9018,중국,14271957,91556
2025-06,의료기기,9018,카자흐스탄,1258644,9056
2025-06,의료기기,9018,캐나다,2125676,9954
2025-06,의료기기,9018,태국,8734332,37338
2025-06,의료기기,9018,튀르키예,2599662,24408
2025-06,의료기기,9018,폴란드,6089036,30402
2025-06,의료기기,9018,필리핀,2597211,53976
2025-06,의료기기,9018,호주,4158617,20776
2025-06,의료기기,9018,홍콩,3509447,11437
2025-06,전선·케이블,8544,네덜란드,683032,32442
2025-06,전선·케이블,8544,대만,3616821,277714
2025-06,전선·케이블,8544,독일,3664138,234993
2025-06,전선·케이블,8544,러시아,94335,1538
2025-06,전선·케이블,8544,말레이시아,24890588,1440823
2025-06,전선·케이블,8544,멕시코,24970463,1435852
2025-06,전선·케이블,8544,미국,117220736,13665267
2025-06,전선·케이블,8544,베트남,43875537,2791189
2025-06,전선·케이블,8544,사우디아라비아,2112949,254245
2025-06,전선·케이블,8544,싱가포르,11851888,1247091
2025-06,전선·케이블,8544,아랍에미리트,5803775,628459
2025-06,전선·케이블,8544,영국,791638,16574
2025-06,전선·케이블,8544,인도,7183759,335340
2025-06,전선·케이블,8544,인도네시아,4235274,293891
2025-06,전선·케이블,8544,일본,15495223,1485619
2025-06,전선·케이블,8544,전체,409417620,35273047
2025-06,전선·케이블,8544,중국,51634091,3583587
2025-06,전선·케이블,8544,카자흐스탄,1445865,29076
2025-06,전선·케이블,8544,캐나다,1869691,105945
2025-06,전선·케이블,8544,태국,2335063,183339
2025-06,전선·케이블,8544,튀르키예,1943238,93641
2025-06,전선·케이블,8544,폴란드,1910249,44657
2025-06,전선·케이블,8544,필리핀,18755394,1617533
2025-06,전선·케이블,8544,호주,5770930,571490
2025-06,전선·케이블,8544,홍콩,2868857,434380
2025-06,태양광 모듈,854143,독일,1002,272
2025-06,태양광 모듈,854143,미국,3138539,812135
2025-06,태양광 모듈,854143,베트남,4162,157
2025-06,태양광 모듈,854143,싱가포르,38650,62
2025-06,태양광 모듈,854143,인도네시아,92,5
2025-06,태양광 모듈,854143,일본,314846,79948
2025-06,태양광 모듈,854143,전체,3942481,1198683
2025-06,태양광 모듈,854143,중국,100383,46422
2025-06,태양광 모듈,854143,태국,3,43
2025-06,태양광 모듈,854143,필리핀,0,0
2025-06,태양광 모듈,854143,호주,24129,40
2025-06,태양광 모듈,854143,홍콩,2500,13
2025-06,화장품,3304,네덜란드,7543104,205167
2025-06,화장품,3304,대만,22354533,1051245
2025-06,화장품,3304,독일,6607120,174205
2025-06,화장품,3304,러시아,28184680,1168500
2025-06,화장품,3304,말레이시아,10054019,381543
2025-06,화장품,3304,멕시코,6372114,116238
2025-06,화장품,3304,미국,149918840,5441627
2025-06,화장품,3304,베트남,23874204,718126
2025-06,화장품,3304,사우디아라비아,4312104,96538
2025-06,화장품,3304,싱가포르,8713441,236095
2025-06,화장품,3304,아랍에미리트,22017634,390285
2025-06,화장품,3304,영국,18392384,430631
2025-06,화장품,3304,인도,7683197,244263
2025-06,화장품,3304,인도네시아,11336477,284270
2025-06,화장품,3304,일본,78323844,1994258
2025-06,화장품,3304,전체,772856860,24200894
2025-06,화장품,3304,중국,112482335,4263856
2025-06,화장품,3304,카자흐스탄,7974487,263718
2025-06,화장품,3304,캐나다,11527668,360319
2025-06,화장품,3304,태국,16881881,539984
2025-06,화장품,3304,튀르키예,6223657,162673
2025-06,화장품,3304,폴란드,29890875,798963
2025-06,화장품,3304,필리핀,7852004,502101
2025-06,화장품,3304,호주,12681260,447994
2025-06,화장품,3304,홍콩,50402713,988120
2025-07,라면,190230,네덜란드,5175029,1273105
2025-07,라면,190230,대만,3745392,1119667
2025-07,라면,190230,독일,3441214,927323
2025-07,라면,190230,러시아,4912563,1141285
2025-07,라면,190230,말레이시아,5685285,1222011
2025-07,라면,190230,멕시코,2437921,546942
2025-07,라면,190230,미국,17193542,3665481
2025-07,라면,190230,베트남,2311979,658740
2025-07,라면,190230,사우디아라비아,1729032,390404
2025-07,라면,190230,싱가포르,1039374,269941
2025-07,라면,190230,아랍에미리트,2369698,527319
2025-07,라면,190230,영국,6295045,1317265
2025-07,라면,190230,인도,1980303,477472
2025-07,라면,190230,인도네시아,1637715,396261
2025-07,라면,190230,일본,6870633,2134403
2025-07,라면,190230,전체,139881989,35885482
2025-07,라면,190230,중국,40039426,11171875
2025-07,라면,190230,카자흐스탄,1166503,274691
2025-07,라면,190230,캐나다,4211687,1223480
2025-07,라면,190230,태국,4109110,1053800
2025-07,라면,190230,튀르키예,2113,200
2025-07,라면,190230,폴란드,394695,102269
2025-07,라면,190230,필리핀,5253938,1310698
2025-07,라면,190230,호주,3741353,1005720
2025-07,라면,190230,홍콩,1756316,566339
2025-07,리튬이온 배터리,850760,네덜란드,155802,3699
2025-07,리튬이온 배터리,850760,대만,107353,649
2025-07,리튬이온 배터리,850760,독일,4256564,91211
2025-07,리튬이온 배터리,850760,말레이시아,1230,22
2025-07,리튬이온 배터리,850760,멕시코,5749580,180957
2025-07,리튬이온 배터리,850760,미국,219260343,9916201
2025-07,리튬이온 배터리,850760,베트남,14401078,257579
2025-07,리튬이온 배터리,850760,싱가포르,2470222,68665
2025-07,리튬이온 배터리,850760,아랍에미리트,254474,9734
2025-07,리튬이온 배터리,850760,영국,104332,319
2025-07,리튬이온 배터리,850760,인도,17957007,860454
2025-07,리튬이온 배터리,850760,인도네시아,45385,319
2025-07,리튬이온 배터리,850760,일본,14184429,501422
2025-07,리튬이온 배터리,850760,전체,337747952,13566579
2025-07,리튬이온 배터리,850760,중국,25088995,792931
2025-07,리튬이온 배터리,850760,카자흐스탄,360,7
2025-07,리튬이온 배터리,850760,캐나다,1214715,35361
2025-07,리튬이온 배터리,850760,태국,28737,602
2025-07,리튬이온 배터리,850760,튀르키예,403249,8660
2025-07,리튬이온 배터리,850760,폴란드,283980,11744
2025-07,리튬이온 배터리,850760,필리핀,831529,26908
2025-07,리튬이온 배터리,850760,호주,1071254,50579
2025-07,리튬이온 배터리,850760,홍콩,4400929,50224
2025-07,메모리 반도체,854232,네덜란드,13365506,632
2025-07,메모리 반도체,854232,대만,2338359408,21002
2025-07,메모리 반도체,854232,독일,10407006,733
2025-07,메모리 반도체,854232,말레이시아,307057231,3367
2025-07,메모리 반도체,854232,멕시코,12670129,1159
2025-07,메모리 반도체,854232,미국,15764905,1155
2025-07,메모리 반도체,854232,베트남,663358166,75530
2025-07,메모리 반도체,854232,싱가포르,27027411,2737
2025-07,메모리 반도체,854232,영국,491956,32
2025-07,메모리 반도체,854232,인도,100502838,4008
2025-07,메모리 반도체,854232,인도네시아,12806580,1802
2025-07,메모리 반도체,854232,일본,58678957,2659
2025-07,메모리 반도체,854232,전체,7560781209,331550
2025-07,메모리 반도체,854232,중국,2563250911,118330
2025-07,메모리 반도체,854232,캐나다,503633,5
2025-07,메모리 반도체,854232,태국,26612619,1445
2025-07,메모리 반도체,854232,튀르키예,5728837,266
2025-07,메모리 반도체,854232,폴란드,2345565,857
2025-07,메모리 반도체,854232,필리핀,131809594,6865
2025-07,메모리 반도체,854232,홍콩,1218171109,85478
2025-07,바이오의약품·톡신,3002,네덜란드,40503109,8234
2025-07,바이오의약품·톡신,3002,대만,2882654,2337
2025-07,바이오의약품·톡신,3002,독일,18120126,3619
2025-07,바이오의약품·톡신,3002,러시아,832685,2385
2025-07,바이오의약품·톡신,3002,말레이시아,2041030,3822
2025-07,바이오의약품·톡신,3002,멕시코,1247689,3720
2025-07,바이오의약품·톡신,3002,미국,132108150,24094
2025-07,바이오의약품·톡신,3002,베트남,4557942,17302
2025-07,바이오의약품·톡신,3002,사우디아라비아,2618083,5257
2025-07,바이오의약품·톡신,3002,싱가포르,1076244,1245
2025-07,바이오의약품·톡신,3002,아랍에미리트,353363,1028
2025-07,바이오의약품·톡신,3002,영국,163418,162
2025-07,바이오의약품·톡신,3002,인도,703905,6328
2025-07,바이오의약품·톡신,3002,인도네시아,165882,660
2025-07,바이오의약품·톡신,3002,일본,10685869,11077
2025-07,바이오의약품·톡신,3002,전체,465579413,340657
2025-07,바이오의약품·톡신,3002,중국,13094888,35413
2025-07,바이오의약품·톡신,3002,카자흐스탄,1056170,1997
2025-07,바이오의약품·톡신,3002,캐나다,14609013,11344
2025-07,바이오의약품·톡신,3002,태국,5151994,11531
2025-07,바이오의약품·톡신,3002,튀르키예,22388716,2952
2025-07,바이오의약품·톡신,3002,폴란드,294076,544
2025-07,바이오의약품·톡신,3002,필리핀,2114028,19824
2025-07,바이오의약품·톡신,3002,호주,943503,1484
2025-07,바이오의약품·톡신,3002,홍콩,2293445,3018
2025-07,반도체 장비,8486,네덜란드,26246987,33732
2025-07,반도체 장비,8486,대만,132594515,689505
2025-07,반도체 장비,8486,독일,1923710,2958
2025-07,반도체 장비,8486,말레이시아,13580192,38190
2025-07,반도체 장비,8486,멕시코,322055,3188
2025-07,반도체 장비,8486,미국,66314186,289852
2025-07,반도체 장비,8486,베트남,9649369,122389
2025-07,반도체 장비,8486,사우디아라비아,3388,33
2025-07,반도체 장비,8486,싱가포르,85901542,426622
2025-07,반도체 장비,8486,아랍에미리트,480,3
2025-07,반도체 장비,8486,영국,2108272,10018
2025-07,반도체 장비,8486,인도,1479704,14683
2025-07,반도체 장비,8486,인도네시아,73528,145
2025-07,반도체 장비,8486,일본,45962403,203737
2025-07,반도체 장비,8486,전체,954897880,4646100
2025-07,반도체 장비,8486,중국,553512628,2722574
2025-07,반도체 장비,8486,캐나다,7443,51
2025-07,반도체 장비,8486,태국,1943542,25710
2025-07,반도체 장비,8486,폴란드,97588,150
2025-07,반도체 장비,8486,필리핀,3747708,33768
2025-07,반도체 장비,8486,홍콩,2185063,12223
2025-07,변압기·전력변환기,8504,네덜란드,6055257,109810
2025-07,변압기·전력변환기,8504,대만,3101520,112222
2025-07,변압기·전력변환기,8504,독일,6262597,85409
2025-07,변압기·전력변환기,8504,말레이시아,2799246,199375
2025-07,변압기·전력변환기,8504,멕시코,4200933,162225
2025-07,변압기·전력변환기,8504,미국,209537006,16357754
2025-07,변압기·전력변환기,8504,베트남,29475487,785989
2025-07,변압기·전력변환기,8504,사우디아라비아,17036138,1084545
2025-07,변압기·전력변환기,8504,싱가포르,1006668,22233
2025-07,변압기·전력변환기,8504,아랍에미리트,3541850,327760
2025-07,변압기·전력변환기,8504,영국,13094396,741999
2025-07,변압기·전력변환기,8504,인도,13321636,1385000
2025-07,변압기·전력변환기,8504,인도네시아,2960490,244533
2025-07,변압기·전력변환기,8504,일본,7274091,382684
2025-07,변압기·전력변환기,8504,전체,401990560,25294688
2025-07,변압기·전력변환기,8504,중국,25871262,1138223
2025-07,변압기·전력변환기,8504,카자흐스탄,50531,1024
2025-07,변압기·전력변환기,8504,캐나다,12721811,472434
2025-07,변압기·전력변환기,8504,태국,2951858,315144
2025-07,변압기·전력변환기,8504,튀르키예,1096773,40207
2025-07,변압기·전력변환기,8504,폴란드,2774302,54194
2025-07,변압기·전력변환기,8504,필리핀,4106309,415150
2025-07,변압기·전력변환기,8504,호주,632910,7339
2025-07,변압기·전력변환기,8504,홍콩,2953444,70810
2025-07,선박,8901,대만,55826684,46649500
2025-07,선박,8901,미국,0,0
2025-07,선박,8901,베트남,0,0
2025-07,선박,8901,싱가포르,124264484,155856000
2025-07,선박,8901,일본,9500000,5169000
2025-07,선박,8901,전체,2051955963,812848300
2025-07,선박,8901,중국,0,0
2025-07,선박,8901,캐나다,7099374,155000
2025-07,선박,8901,필리핀,14050000,1472000
2025-07,승용차,8703,네덜란드,58014929,3399835
2025-07,승용차,8703,대만,40745396,2666927
2025-07,승용차,8703,독일,116958870,6525358
2025-07,승용차,8703,러시아,108430939,8732471
2025-07,승용차,8703,말레이시아,4013783,299546
2025-07,승용차,8703,멕시코,42497862,3278762
2025-07,승용차,8703,미국,2326379616,172367598
2025-07,승용차,8703,베트남,3107313,294171
2025-07,승용차,8703,사우디아라비아,86815413,6834041
2025-07,승용차,8703,싱가포르,4295701,278414
2025-07,승용차,8703,아랍에미리트,37871841,8711460
2025-07,승용차,8703,영국,234980421,12700698
2025-07,승용차,8703,인도,66185,4319
2025-07,승용차,8703,인도네시아,9960721,702141
2025-07,승용차,8703,일본,1880039,185837
2025-07,승용차,8703,전체,5492658435,475326101
2025-07,승용차,8703,중국,28044428,728108
2025-07,승용차,8703,카자흐스탄,153183383,11191927
2025-07,승용차,8703,캐나다,429955954,32149730
2025-07,승용차,8703,태국,1132,855
2025-07,승용차,8703,튀르키예,156812546,44090714
2025-07,승용차,8703,폴란드,19528522,1418799
2025-07,승용차,8703,필리핀,8739335,613267
2025-07,승용차,8703,호주,220683989,16886412
2025-07,승용차,8703,홍콩,933151,41733
2025-07,시스템반도체,854231,네덜란드,3357953,1527
2025-07,시스템반도체,854231,대만,874464544,100404
2025-07,시스템반도체,854231,독일,1447503,688
2025-07,시스템반도체,854231,말레이시아,121687884,36838
2025-07,시스템반도체,854231,멕시코,9391598,7168
2025-07,시스템반도체,854231,미국,49675217,10442
2025-07,시스템반도체,854231,베트남,918797182,96867
2025-07,시스템반도체,854231,싱가포르,447202378,67598
2025-07,시스템반도체,854231,아랍에미리트,37437,22
2025-07,시스템반도체,854231,영국,185708,113
2025-07,시스템반도체,854231,인도,158386157,30736
2025-07,시스템반도체,854231,인도네시아,13338233,3948
2025-07,시스템반도체,854231,일본,12948204,5612
2025-07,시스템반도체,854231,전체,3814059895,624760
2025-07,시스템반도체,854231,중국,845497231,118350
2025-07,시스템반도체,854231,캐나다,3832308,203
2025-07,시스템반도체,854231,태국,27520838,19865
2025-07,시스템반도체,854231,튀르키예,2562797,230
2025-07,시스템반도체,854231,폴란드,24927941,14657
2025-07,시스템반도체,854231,필리핀,73933690,37308
2025-07,시스템반도체,854231,호주,10372,32
2025-07,시스템반도체,854231,홍콩,144362740,53913
2025-07,완제의약품,3004,네덜란드,748717,2103
2025-07,완제의약품,3004,대만,784404,32797
2025-07,완제의약품,3004,독일,1988438,11212
2025-07,완제의약품,3004,러시아,596061,3294
2025-07,완제의약품,3004,말레이시아,1910174,15039
2025-07,완제의약품,3004,멕시코,1468654,23225
2025-07,완제의약품,3004,미국,3672881,99981
2025-07,완제의약품,3004,베트남,9543028,672416
2025-07,완제의약품,3004,사우디아라비아,224411,1586
2025-07,완제의약품,3004,싱가포르,1160117,14684
2025-07,완제의약품,3004,아랍에미리트,426482,12128
2025-07,완제의약품,3004,영국,828223,1992
2025-07,완제의약품,3004,인도,151823,137
2025-07,완제의약품,3004,인도네시아,1957989,13994
2025-07,완제의약품,3004,일본,11789629,110165
2025-07,완제의약품,3004,전체,74464721,1885838
2025-07,완제의약품,3004,중국,3189879,96238
2025-07,완제의약품,3004,카자흐스탄,408801,1721
2025-07,완제의약품,3004,캐나다,8321,609
2025-07,완제의약품,3004,태국,5996757,94772
2025-07,완제의약품,3004,튀르키예,596292,1372
2025-07,완제의약품,3004,폴란드,232962,1582
2025-07,완제의약품,3004,필리핀,3433570,65340
2025-07,완제의약품,3004,호주,270726,6030
2025-07,완제의약품,3004,홍콩,3339720,17278
2025-07,의료기기,9018,네덜란드,4264688,21130
2025-07,의료기기,9018,대만,5180891,38141
2025-07,의료기기,9018,독일,5783572,33272
2025-07,의료기기,9018,러시아,8815313,50113
2025-07,의료기기,9018,말레이시아,2085734,31976
2025-07,의료기기,9018,멕시코,2506526,77690
2025-07,의료기기,9018,미국,62074677,703446
2025-07,의료기기,9018,베트남,6388295,192492
2025-07,의료기기,9018,사우디아라비아,2269358,26642
2025-07,의료기기,9018,싱가포르,4488950,19519
2025-07,의료기기,9018,아랍에미리트,7450399,36434
2025-07,의료기기,9018,영국,2002536,15698
2025-07,의료기기,9018,인도,13996684,169387
2025-07,의료기기,9018,인도네시아,2278583,31623
2025-07,의료기기,9018,일본,17462638,97583
2025-07,의료기기,9018,전체,236730200,2329649
2025-07,의료기기,9018,중국,12109224,89558
2025-07,의료기기,9018,카자흐스탄,1372393,12829
2025-07,의료기기,9018,캐나다,2370774,13899
2025-07,의료기기,9018,태국,4166240,30928
2025-07,의료기기,9018,튀르키예,1974936,14601
2025-07,의료기기,9018,폴란드,4240409,18517
2025-07,의료기기,9018,필리핀,2019561,53709
2025-07,의료기기,9018,호주,2979808,14035
2025-07,의료기기,9018,홍콩,2534392,8105
2025-07,전선·케이블,8544,네덜란드,10316415,1138618
2025-07,전선·케이블,8544,대만,38469471,4264656
2025-07,전선·케이블,8544,독일,6989835,498847
2025-07,전선·케이블,8544,러시아,182953,6319
2025-07,전선·케이블,8544,말레이시아,18712308,1038378
2025-07,전선·케이블,8544,멕시코,28454989,1574012
2025-07,전선·케이블,8544,미국,124802690,14131181
2025-07,전선·케이블,8544,베트남,49989248,3298895
2025-07,전선·케이블,8544,사우디아라비아,340300,20685
2025-07,전선·케이블,8544,싱가포르,4987284,423169
2025-07,전선·케이블,8544,아랍에미리트,2791552,281428
2025-07,전선·케이블,8544,영국,1026911,50633
2025-07,전선·케이블,8544,인도,8738496,451063
2025-07,전선·케이블,8544,인도네시아,5678345,404547
2025-07,전선·케이블,8544,일본,12243418,1302528
2025-07,전선·케이블,8544,전체,446868067,38538030
2025-07,전선·케이블,8544,중국,54210856,3759047
2025-07,전선·케이블,8544,카자흐스탄,2448215,56785
2025-07,전선·케이블,8544,캐나다,1781354,89041
2025-07,전선·케이블,8544,태국,2931878,223245
2025-07,전선·케이블,8544,튀르키예,1935627,172060
2025-07,전선·케이블,8544,폴란드,1856858,43193
2025-07,전선·케이블,8544,필리핀,18444363,1530333
2025-07,전선·케이블,8544,호주,6897690,658223
2025-07,전선·케이블,8544,홍콩,3522607,473336
2025-07,태양광 모듈,854143,네덜란드,17550,12
2025-07,태양광 모듈,854143,독일,36448,652
2025-07,태양광 모듈,854143,미국,151540,26722
2025-07,태양광 모듈,854143,베트남,1336,57
2025-07,태양광 모듈,854143,싱가포르,39357,5825
2025-07,태양광 모듈,854143,인도,4134,555
2025-07,태양광 모듈,854143,인도네시아,277,7
2025-07,태양광 모듈,854143,일본,317654,81069
2025-07,태양광 모듈,854143,전체,1072591,415289
2025-07,태양광 모듈,854143,중국,28166,25210
2025-07,태양광 모듈,854143,캐나다,0,0
2025-07,태양광 모듈,854143,태국,0,0
2025-07,태양광 모듈,854143,필리핀,0,0
2025-07,태양광 모듈,854143,호주,572,40
2025-07,태양광 모듈,854143,홍콩,1408,3
2025-07,화장품,3304,네덜란드,12208269,266069
2025-07,화장품,3304,대만,25282060,1122778
2025-07,화장품,3304,독일,7006553,200324
2025-07,화장품,3304,러시아,37040454,1290796
2025-07,화장품,3304,말레이시아,11823568,389179
2025-07,화장품,3304,멕시코,4797719,102942
2025-07,화장품,3304,미국,167249091,5797805
2025-07,화장품,3304,베트남,35748408,1040131
2025-07,화장품,3304,사우디아라비아,5737762,125003
2025-07,화장품,3304,싱가포르,9793284,351412
2025-07,화장품,3304,아랍에미리트,17788304,358470
2025-07,화장품,3304,영국,15612523,426061
2025-07,화장품,3304,인도,7836564,314869
2025-07,화장품,3304,인도네시아,13269241,428383
2025-07,화장품,3304,일본,70387686,1995725
2025-07,화장품,3304,전체,805396805,25979728
2025-07,화장품,3304,중국,114686354,4560159
2025-07,화장품,3304,카자흐스탄,7911253,234045
2025-07,화장품,3304,캐나다,11188680,377604
2025-07,화장품,3304,태국,18113367,446239
2025-07,화장품,3304,튀르키예,8434608,181916
2025-07,화장품,3304,폴란드,23204701,658781
2025-07,화장품,3304,필리핀,10021931,610420
2025-07,화장품,3304,호주,14258427,511437
2025-07,화장품,3304,홍콩,37668198,935761
2025-08,라면,190230,네덜란드,6164908,1451893
2025-08,라면,190230,대만,1944031,587997
2025-08,라면,190230,독일,2245577,636302
2025-08,라면,190230,러시아,3270318,735728
2025-08,라면,190230,말레이시아,4912460,1070061
2025-08,라면,190230,멕시코,2959627,692618
2025-08,라면,190230,미국,21155597,4634541
2025-08,라면,190230,베트남,2116719,568790
2025-08,라면,190230,사우디아라비아,993205,219593
2025-08,라면,190230,싱가포르,1095204,269658
2025-08,라면,190230,아랍에미리트,1633105,379522
2025-08,라면,190230,영국,3792927,787408
2025-08,라면,190230,인도,1839234,466422
2025-08,라면,190230,인도네시아,1521771,374612
2025-08,라면,190230,일본,4882361,1524103
2025-08,라면,190230,전체,122701482,31221268
2025-08,라면,190230,중국,35610115,9819655
2025-08,라면,190230,카자흐스탄,1143247,244541
2025-08,라면,190230,캐나다,2456781,716046
2025-08,라면,190230,태국,2120644,546474
2025-08,라면,190230,튀르키예,10120,8096
2025-08,라면,190230,폴란드,257723,88138
2025-08,라면,190230,필리핀,5430708,1353468
2025-08,라면,190230,호주,3624629,1026055
2025-08,라면,190230,홍콩,1625421,570368
2025-08,리튬이온 배터리,850760,네덜란드,126022,869
2025-08,리튬이온 배터리,850760,대만,289589,876
2025-08,리튬이온 배터리,850760,독일,1992582,88040
2025-08,리튬이온 배터리,850760,말레이시아,3579,194
2025-08,리튬이온 배터리,850760,멕시코,1319578,45390
2025-08,리튬이온 배터리,850760,미국,193691420,8492031
2025-08,리튬이온 배터리,850760,베트남,15724077,311991
2025-08,리튬이온 배터리,850760,사우디아라비아,126264,460
2025-08,리튬이온 배터리,850760,싱가포르,927609,29850
2025-08,리튬이온 배터리,850760,아랍에미리트,22693,382
2025-08,리튬이온 배터리,850760,영국,1144482,14077
2025-08,리튬이온 배터리,850760,인도,8517188,417808
2025-08,리튬이온 배터리,850760,인도네시아,25710,223
2025-08,리튬이온 배터리,850760,일본,15414217,475636
2025-08,리튬이온 배터리,850760,전체,290262523,11322024
2025-08,리튬이온 배터리,850760,중국,22773759,590465
2025-08,리튬이온 배터리,850760,카자흐스탄,693,13
2025-08,리튬이온 배터리,850760,캐나다,1040174,27414
2025-08,리튬이온 배터리,850760,태국,108863,4819
2025-08,리튬이온 배터리,850760,튀르키예,174989,987
2025-08,리튬이온 배터리,850760,폴란드,112554,4107
2025-08,리튬이온 배터리,850760,필리핀,5081373,173745
2025-08,리튬이온 배터리,850760,호주,737141,19826
2025-08,리튬이온 배터리,850760,홍콩,3438418,133331
2025-08,메모리 반도체,854232,네덜란드,9590401,410
2025-08,메모리 반도체,854232,대만,2615532390,26678
2025-08,메모리 반도체,854232,독일,22992672,1052
2025-08,메모리 반도체,854232,말레이시아,292586020,2086
2025-08,메모리 반도체,854232,멕시코,12330409,1272
2025-08,메모리 반도체,854232,미국,14415044,1442
2025-08,메모리 반도체,854232,베트남,833163341,48451
2025-08,메모리 반도체,854232,싱가포르,25724091,2053
2025-08,메모리 반도체,854232,영국,320353,9
2025-08,메모리 반도체,854232,인도,137743599,4560
2025-08,메모리 반도체,854232,인도네시아,27039699,1143
2025-08,메모리 반도체,854232,일본,58272237,2562
2025-08,메모리 반도체,854232,전체,8504645011,325039
2025-08,메모리 반도체,854232,중국,2659889913,128736
2025-08,메모리 반도체,854232,캐나다,6173564,71
2025-08,메모리 반도체,854232,태국,22677463,1566
2025-08,메모리 반도체,854232,튀르키예,3657518,149
2025-08,메모리 반도체,854232,폴란드,3379301,1033
2025-08,메모리 반도체,854232,필리핀,211163902,9535
2025-08,메모리 반도체,854232,호주,1321,0
2025-08,메모리 반도체,854232,홍콩,1480812976,88225
2025-08,바이오의약품·톡신,3002,네덜란드,18169610,7336
2025-08,바이오의약품·톡신,3002,대만,535907,5228
2025-08,바이오의약품·톡신,3002,독일,29968421,2764
2025-08,바이오의약품·톡신,3002,러시아,1366335,2664
2025-08,바이오의약품·톡신,3002,말레이시아,2505393,16548
2025-08,바이오의약품·톡신,3002,멕시코,985438,1143
2025-08,바이오의약품·톡신,3002,미국,92375141,6033
2025-08,바이오의약품·톡신,3002,베트남,7958524,39499
2025-08,바이오의약품·톡신,3002,사우디아라비아,4507911,7534
2025-08,바이오의약품·톡신,3002,싱가포르,1779221,855
2025-08,바이오의약품·톡신,3002,아랍에미리트,1226235,25391
2025-08,바이오의약품·톡신,3002,영국,244658,209
2025-08,바이오의약품·톡신,3002,인도,719745,5471
2025-08,바이오의약품·톡신,3002,인도네시아,383329,1665
2025-08,바이오의약품·톡신,3002,일본,18158629,13902
2025-08,바이오의약품·톡신,3002,전체,553611685,426530
2025-08,바이오의약품·톡신,3002,중국,14213114,30732
2025-08,바이오의약품·톡신,3002,카자흐스탄,844143,1552
2025-08,바이오의약품·톡신,3002,캐나다,6725983,2431
2025-08,바이오의약품·톡신,3002,태국,4063702,9737
2025-08,바이오의약품·톡신,3002,튀르키예,33834070,5166
2025-08,바이오의약품·톡신,3002,폴란드,58283,421
2025-08,바이오의약품·톡신,3002,필리핀,2734068,18644
2025-08,바이오의약품·톡신,3002,호주,6036158,4153
2025-08,바이오의약품·톡신,3002,홍콩,1403599,2869
2025-08,반도체 장비,8486,네덜란드,41739406,40244
2025-08,반도체 장비,8486,대만,108534809,504462
2025-08,반도체 장비,8486,독일,22443067,31509
2025-08,반도체 장비,8486,말레이시아,25254013,98138
2025-08,반도체 장비,8486,멕시코,39746,650
2025-08,반도체 장비,8486,미국,64132494,222296
2025-08,반도체 장비,8486,베트남,14640763,251582
2025-08,반도체 장비,8486,싱가포르,57061770,321374
2025-08,반도체 장비,8486,아랍에미리트,0,0
2025-08,반도체 장비,8486,영국,2617019,12678
2025-08,반도체 장비,8486,인도,1060758,13260
2025-08,반도체 장비,8486,인도네시아,902565,16635
2025-08,반도체 장비,8486,일본,36227974,185978
2025-08,반도체 장비,8486,전체,688896792,3950895
2025-08,반도체 장비,8486,중국,302484340,2197754
2025-08,반도체 장비,8486,카자흐스탄,500,8
2025-08,반도체 장비,8486,캐나다,36330,9568
2025-08,반도체 장비,8486,태국,1965688,16508
2025-08,반도체 장비,8486,폴란드,2680,12
2025-08,반도체 장비,8486,필리핀,817508,4278
2025-08,반도체 장비,8486,호주,51800,330
2025-08,반도체 장비,8486,홍콩,2009165,2315
2025-08,변압기·전력변환기,8504,네덜란드,3896018,64740
2025-08,변압기·전력변환기,8504,대만,5575739,339233
2025-08,변압기·전력변환기,8504,독일,3716305,33413
2025-08,변압기·전력변환기,8504,러시아,131,1
2025-08,변압기·전력변환기,8504,말레이시아,1896269,85305
2025-08,변압기·전력변환기,8504,멕시코,5508430,133041
2025-08,변압기·전력변환기,8504,미국,152354614,10631586
2025-08,변압기·전력변환기,8504,베트남,38055202,1434489
2025-08,변압기·전력변환기,8504,사우디아라비아,19711820,1086280
2025-08,변압기·전력변환기,8504,싱가포르,9222834,30581
2025-08,변압기·전력변환기,8504,아랍에미리트,1608627,167769
2025-08,변압기·전력변환기,8504,영국,6804363,337592
2025-08,변압기·전력변환기,8504,인도,13006164,1365344
2025-08,변압기·전력변환기,8504,인도네시아,6501090,403951
2025-08,변압기·전력변환기,8504,일본,6330333,398791
2025-08,변압기·전력변환기,8504,전체,348394800,19137877
2025-08,변압기·전력변환기,8504,중국,23929644,886216
2025-08,변압기·전력변환기,8504,카자흐스탄,19982,315
2025-08,변압기·전력변환기,8504,캐나다,2000254,68738
2025-08,변압기·전력변환기,8504,태국,2083286,178522
2025-08,변압기·전력변환기,8504,튀르키예,1442119,31309
2025-08,변압기·전력변환기,8504,폴란드,1777597,30745
2025-08,변압기·전력변환기,8504,필리핀,2355762,308530
2025-08,변압기·전력변환기,8504,호주,198798,3064
2025-08,변압기·전력변환기,8504,홍콩,1441184,25013
2025-08,선박,8901,네덜란드,5500000,4608000
2025-08,선박,8901,러시아,4850000,5476000
2025-08,선박,8901,베트남,0,0
2025-08,선박,8901,싱가포르,742186863,429232700
2025-08,선박,8901,일본,0,0
2025-08,선박,8901,전체,2940606745,1139699100
2025-08,선박,8901,중국,0,0
2025-08,선박,8901,필리핀,75000,12000
2025-08,승용차,8703,네덜란드,79115736,4624982
2025-08,승용차,8703,대만,23915558,1638749
2025-08,승용차,8703,독일,164347334,9309138
2025-08,승용차,8703,러시아,93068630,7666367
2025-08,승용차,8703,말레이시아,6024161,516670
2025-08,승용차,8703,멕시코,32922225,2439663
2025-08,승용차,8703,미국,2094768470,158516393
2025-08,승용차,8703,베트남,10870348,1021939
2025-08,승용차,8703,사우디아라비아,98412297,7445782
2025-08,승용차,8703,싱가포르,3592881,252401
2025-08,승용차,8703,아랍에미리트,37994508,8161771
2025-08,승용차,8703,영국,244408363,13376685
2025-08,승용차,8703,인도,178000,12165
2025-08,승용차,8703,인도네시아,6033662,344274
2025-08,승용차,8703,일본,743765,71620
2025-08,승용차,8703,전체,5212759365,425786319
2025-08,승용차,8703,중국,16142639,544230
2025-08,승용차,8703,카자흐스탄,122011924,8935962
2025-08,승용차,8703,캐나다,457563789,33503438
2025-08,승용차,8703,태국,43341,1990
2025-08,승용차,8703,튀르키예,83816334,12949265
2025-08,승용차,8703,폴란드,23974707,1463132
2025-08,승용차,8703,필리핀,7888719,688327
2025-08,승용차,8703,호주,243399662,18604158
2025-08,승용차,8703,홍콩,74224,6530
2025-08,시스템반도체,854231,네덜란드,3563819,1576
2025-08,시스템반도체,854231,대만,427323590,120500
2025-08,시스템반도체,854231,독일,627847,349
2025-08,시스템반도체,854231,말레이시아,128924542,41655
2025-08,시스템반도체,854231,멕시코,9844393,6543
2025-08,시스템반도체,854231,미국,44176726,13876
2025-08,시스템반도체,854231,베트남,916081416,94809
2025-08,시스템반도체,854231,싱가포르,376688799,68728
2025-08,시스템반도체,854231,아랍에미리트,10712,5
2025-08,시스템반도체,854231,영국,327354,112
2025-08,시스템반도체,854231,인도,143597360,19861
2025-08,시스템반도체,854231,인도네시아,15209099,3901
2025-08,시스템반도체,854231,일본,19228887,9222
2025-08,시스템반도체,854231,전체,3222241866,632304
2025-08,시스템반도체,854231,중국,850617148,123465
2025-08,시스템반도체,854231,캐나다,1596465,269
2025-08,시스템반도체,854231,태국,22548776,13549
2025-08,시스템반도체,854231,튀르키예,1532180,108
2025-08,시스템반도체,854231,폴란드,28834820,14830
2025-08,시스템반도체,854231,필리핀,57655201,32295
2025-08,시스템반도체,854231,호주,10157,25
2025-08,시스템반도체,854231,홍콩,101329338,44303
2025-08,완제의약품,3004,네덜란드,770871,824
2025-08,완제의약품,3004,대만,1903915,22105
2025-08,완제의약품,3004,독일,1064836,12552
2025-08,완제의약품,3004,러시아,90579,529
2025-08,완제의약품,3004,말레이시아,978344,17031
2025-08,완제의약품,3004,멕시코,2487694,23767
2025-08,완제의약품,3004,미국,2897598,73996
2025-08,완제의약품,3004,베트남,6621466,400002
2025-08,완제의약품,3004,사우디아라비아,654887,19126
2025-08,완제의약품,3004,싱가포르,495433,4408
2025-08,완제의약품,3004,아랍에미리트,725383,14338
2025-08,완제의약품,3004,영국,1030274,2098
2025-08,완제의약품,3004,인도,717023,2882
2025-08,완제의약품,3004,인도네시아,1384311,21040
2025-08,완제의약품,3004,일본,8056590,91060
2025-08,완제의약품,3004,전체,62659226,1380553
2025-08,완제의약품,3004,중국,5280741,89052
2025-08,완제의약품,3004,카자흐스탄,226325,1254
2025-08,완제의약품,3004,캐나다,1576,7
2025-08,완제의약품,3004,태국,5541124,50050
2025-08,완제의약품,3004,튀르키예,175192,977
2025-08,완제의약품,3004,폴란드,129355,243
2025-08,완제의약품,3004,필리핀,2898113,68079
2025-08,완제의약품,3004,호주,245487,11615
2025-08,완제의약품,3004,홍콩,916459,21606
2025-08,의료기기,9018,네덜란드,2553931,20533
2025-08,의료기기,9018,대만,5770727,42270
2025-08,의료기기,9018,독일,5270496,38971
2025-08,의료기기,9018,러시아,6857254,77433
2025-08,의료기기,9018,말레이시아,2173905,22313
2025-08,의료기기,9018,멕시코,3147887,103059
2025-08,의료기기,9018,미국,32191581,446925
2025-08,의료기기,9018,베트남,4636802,70670
2025-08,의료기기,9018,사우디아라비아,2388784,19346
2025-08,의료기기,9018,싱가포르,2729551,16610
2025-08,의료기기,9018,아랍에미리트,6386074,28295
2025-08,의료기기,9018,영국,2892057,25334
2025-08,의료기기,9018,인도,10897218,198822
2025-08,의료기기,9018,인도네시아,2638520,26999
2025-08,의료기기,9018,일본,17333890,104215
2025-08,의료기기,9018,전체,185050214,1855669
2025-08,의료기기,9018,중국,13952552,79900
2025-08,의료기기,9018,카자흐스탄,670880,13902
2025-08,의료기기,9018,캐나다,1964835,12922
2025-08,의료기기,9018,태국,6301224,38045
2025-08,의료기기,9018,튀르키예,2114072,14575
2025-08,의료기기,9018,폴란드,5015286,34086
2025-08,의료기기,9018,필리핀,1810997,32499
2025-08,의료기기,9018,호주,3194344,16451
2025-08,의료기기,9018,홍콩,2738654,10137
2025-08,전선·케이블,8544,네덜란드,750436,34957
2025-08,전선·케이블,8544,대만,43250316,6119119
2025-08,전선·케이블,8544,독일,12491947,772323
2025-08,전선·케이블,8544,러시아,241912,5800
2025-08,전선·케이블,8544,말레이시아,15865210,888899
2025-08,전선·케이블,8544,멕시코,23529516,1269938
2025-08,전선·케이블,8544,미국,69590196,7209026
2025-08,전선·케이블,8544,베트남,43230581,2652429
2025-08,전선·케이블,8544,사우디아라비아,2471478,237988
2025-08,전선·케이블,8544,싱가포르,9117260,975768
2025-08,전선·케이블,8544,아랍에미리트,2122449,200621
2025-08,전선·케이블,8544,영국,11837872,127637
2025-08,전선·케이블,8544,인도,6172200,250948
2025-08,전선·케이블,8544,인도네시아,4158139,287521
2025-08,전선·케이블,8544,일본,10934691,1057346
2025-08,전선·케이블,8544,전체,376535015,30737667
2025-08,전선·케이블,8544,중국,48911085,3144424
2025-08,전선·케이블,8544,카자흐스탄,1126702,23833
2025-08,전선·케이블,8544,캐나다,1963952,122463
2025-08,전선·케이블,8544,태국,1887506,132354
2025-08,전선·케이블,8544,튀르키예,1944015,151102
2025-08,전선·케이블,8544,폴란드,2199903,37104
2025-08,전선·케이블,8544,필리핀,17603722,1429446
2025-08,전선·케이블,8544,호주,2417053,220101
2025-08,전선·케이블,8544,홍콩,4646015,575058
2025-08,태양광 모듈,854143,네덜란드,500,40
2025-08,태양광 모듈,854143,독일,1934,595
2025-08,태양광 모듈,854143,미국,5567615,1451065
2025-08,태양광 모듈,854143,베트남,6310,160
2025-08,태양광 모듈,854143,싱가포르,41800,77
2025-08,태양광 모듈,854143,일본,170586,42604
2025-08,태양광 모듈,854143,전체,6659535,1888489
2025-08,태양광 모듈,854143,중국,58699,26445
2025-08,태양광 모듈,854143,필리핀,840,68
2025-08,태양광 모듈,854143,홍콩,10559,600
2025-08,화장품,3304,네덜란드,10505494,245162
2025-08,화장품,3304,대만,19068604,929892
2025-08,화장품,3304,독일,4965846,128823
2025-08,화장품,3304,러시아,30473735,1217228
2025-08,화장품,3304,말레이시아,8009372,408551
2025-08,화장품,3304,멕시코,3612094,95227
2025-08,화장품,3304,미국,143587775,5010508
2025-08,화장품,3304,베트남,28640600,935265
2025-08,화장품,3304,사우디아라비아,6317664,143473
2025-08,화장품,3304,싱가포르,8645541,249341
2025-08,화장품,3304,아랍에미리트,17043793,349505
2025-08,화장품,3304,영국,15060381,440225
2025-08,화장품,3304,인도,6975516,214144
2025-08,화장품,3304,인도네시아,11497613,267628
2025-08,화장품,3304,일본,57948838,1790773
2025-08,화장품,3304,전체,701989674,22750118
2025-08,화장품,3304,중국,119531660,4278246
2025-08,화장품,3304,카자흐스탄,8435557,252463
2025-08,화장품,3304,캐나다,8916075,338793
2025-08,화장품,3304,태국,13769285,366100
2025-08,화장품,3304,튀르키예,6480141,146211
2025-08,화장품,3304,폴란드,11973669,437613
2025-08,화장품,3304,필리핀,7420885,435519
2025-08,화장품,3304,호주,11177001,388175
2025-08,화장품,3304,홍콩,47979080,1074562
2025-09,라면,190230,네덜란드,8540848,1917939
2025-09,라면,190230,대만,3211839,887812
2025-09,라면,190230,독일,2465849,608880
2025-09,라면,190230,러시아,3620223,778722
2025-09,라면,190230,말레이시아,5260610,1155929
2025-09,라면,190230,멕시코,2453584,567317
2025-09,라면,190230,미국,24306989,5229274
2025-09,라면,190230,베트남,3148341,854027
2025-09,라면,190230,사우디아라비아,984452,229886
2025-09,라면,190230,싱가포르,1402810,330595
2025-09,라면,190230,아랍에미리트,2178729,514924
2025-09,라면,190230,영국,6035887,1311799
2025-09,라면,190230,인도,1993015,485099
2025-09,라면,190230,인도네시아,2225034,523980
2025-09,라면,190230,일본,6752917,2247563
2025-09,라면,190230,전체,156090456,39648754
2025-09,라면,190230,중국,47003741,12970243
2025-09,라면,190230,카자흐스탄,1498429,344131
2025-09,라면,190230,캐나다,2941197,822864
2025-09,라면,190230,태국,2604286,721618
2025-09,라면,190230,폴란드,296879,99574
2025-09,라면,190230,필리핀,6194976,1560928
2025-09,라면,190230,호주,4948786,1448826
2025-09,라면,190230,홍콩,2406188,766846
2025-09,리튬이온 배터리,850760,네덜란드,147123,1023
2025-09,리튬이온 배터리,850760,대만,1025091,31361
2025-09,리튬이온 배터리,850760,독일,4238693,98794
2025-09,리튬이온 배터리,850760,말레이시아,1068646,33882
2025-09,리튬이온 배터리,850760,멕시코,1922600,66499
2025-09,리튬이온 배터리,850760,미국,209960660,9607874
2025-09,리튬이온 배터리,850760,베트남,16649741,235289
2025-09,리튬이온 배터리,850760,사우디아라비아,2,60
2025-09,리튬이온 배터리,850760,싱가포르,2091374,59336
2025-09,리튬이온 배터리,850760,아랍에미리트,1357974,17375
2025-09,리튬이온 배터리,850760,영국,1759505,10453
2025-09,리튬이온 배터리,850760,인도,19916285,1101030
2025-09,리튬이온 배터리,850760,인도네시아,129956,2604
2025-09,리튬이온 배터리,850760,일본,17016829,581633
2025-09,리튬이온 배터리,850760,전체,369050330,14616014
2025-09,리튬이온 배터리,850760,중국,42172728,1364188
2025-09,리튬이온 배터리,850760,카자흐스탄,536,6
2025-09,리튬이온 배터리,850760,캐나다,999300,31457
2025-09,리튬이온 배터리,850760,태국,366754,9201
2025-09,리튬이온 배터리,850760,튀르키예,160856,4754
2025-09,리튬이온 배터리,850760,폴란드,2808894,71929
2025-09,리튬이온 배터리,850760,필리핀,25451,656
2025-09,리튬이온 배터리,850760,호주,249504,4964
2025-09,리튬이온 배터리,850760,홍콩,8384558,140561
2025-09,메모리 반도체,854232,네덜란드,5376953,265
2025-09,메모리 반도체,854232,대만,3205867173,28285
2025-09,메모리 반도체,854232,독일,37768303,1482
2025-09,메모리 반도체,854232,말레이시아,79984686,2492
2025-09,메모리 반도체,854232,멕시코,11803873,1364
2025-09,메모리 반도체,854232,미국,39968214,1895
2025-09,메모리 반도체,854232,베트남,863519134,50979
2025-09,메모리 반도체,854232,싱가포르,43745844,5510
2025-09,메모리 반도체,854232,영국,1284781,48
2025-09,메모리 반도체,854232,인도,156472907,3575
2025-09,메모리 반도체,854232,인도네시아,30316905,1839
2025-09,메모리 반도체,854232,일본,64522825,2887
2025-09,메모리 반도체,854232,전체,9345974750,369663
2025-09,메모리 반도체,854232,중국,2661500871,131015
2025-09,메모리 반도체,854232,캐나다,1784543,37
2025-09,메모리 반도체,854232,태국,38286266,2334
2025-09,메모리 반도체,854232,튀르키예,3351770,173
2025-09,메모리 반도체,854232,폴란드,4118776,863
2025-09,메모리 반도체,854232,필리핀,134005827,6381
2025-09,메모리 반도체,854232,호주,600,0
2025-09,메모리 반도체,854232,홍콩,1896313864,124767
2025-09,바이오의약품·톡신,3002,네덜란드,128488525,15139
2025-09,바이오의약품·톡신,3002,대만,674194,1096
2025-09,바이오의약품·톡신,3002,독일,13109987,3201
2025-09,바이오의약품·톡신,3002,러시아,304702,1358
2025-09,바이오의약품·톡신,3002,말레이시아,1100444,8074
2025-09,바이오의약품·톡신,3002,멕시코,790588,22188
2025-09,바이오의약품·톡신,3002,미국,95693193,19219
2025-09,바이오의약품·톡신,3002,베트남,12364179,47807
2025-09,바이오의약품·톡신,3002,사우디아라비아,4751621,5853
2025-09,바이오의약품·톡신,3002,싱가포르,1731723,2000
2025-09,바이오의약품·톡신,3002,아랍에미리트,170492,256
2025-09,바이오의약품·톡신,3002,영국,5392008,1190
2025-09,바이오의약품·톡신,3002,인도,1074897,7882
2025-09,바이오의약품·톡신,3002,인도네시아,1432757,2629
2025-09,바이오의약품·톡신,3002,일본,49260761,20121
2025-09,바이오의약품·톡신,3002,전체,786622094,435142
2025-09,바이오의약품·톡신,3002,중국,19404771,25128
2025-09,바이오의약품·톡신,3002,카자흐스탄,1396728,2582
2025-09,바이오의약품·톡신,3002,캐나다,2408118,2660
2025-09,바이오의약품·톡신,3002,태국,3944462,25454
2025-09,바이오의약품·톡신,3002,튀르키예,63570030,6966
2025-09,바이오의약품·톡신,3002,폴란드,1297243,573
2025-09,바이오의약품·톡신,3002,필리핀,1827788,18898
2025-09,바이오의약품·톡신,3002,호주,2845732,3277
2025-09,바이오의약품·톡신,3002,홍콩,1676694,4409
2025-09,반도체 장비,8486,네덜란드,30007691,38256
2025-09,반도체 장비,8486,대만,157283363,740175
2025-09,반도체 장비,8486,독일,5848971,15589
2025-09,반도체 장비,8486,말레이시아,23385854,105446
2025-09,반도체 장비,8486,멕시코,500555,1010
2025-09,반도체 장비,8486,미국,58693666,208241
2025-09,반도체 장비,8486,베트남,13103541,114011
2025-09,반도체 장비,8486,사우디아라비아,3541,20
2025-09,반도체 장비,8486,싱가포르,72275233,408287
2025-09,반도체 장비,8486,영국,5155328,21266
2025-09,반도체 장비,8486,인도,123452,764
2025-09,반도체 장비,8486,인도네시아,64098,51
2025-09,반도체 장비,8486,일본,51526220,380711
2025-09,반도체 장비,8486,전체,737072727,4450731
2025-09,반도체 장비,8486,중국,301262380,2325020
2025-09,반도체 장비,8486,캐나다,146,3
2025-09,반도체 장비,8486,태국,4823555,47158
2025-09,반도체 장비,8486,폴란드,4892,372
2025-09,반도체 장비,8486,필리핀,1059245,5367
2025-09,반도체 장비,8486,호주,0,0
2025-09,반도체 장비,8486,홍콩,3131386,15214
2025-09,변압기·전력변환기,8504,네덜란드,4114028,75589
2025-09,변압기·전력변환기,8504,대만,4608043,418362
2025-09,변압기·전력변환기,8504,독일,3924461,34497
2025-09,변압기·전력변환기,8504,러시아,64,0
2025-09,변압기·전력변환기,8504,말레이시아,8378071,538830
2025-09,변압기·전력변환기,8504,멕시코,6150634,153093
2025-09,변압기·전력변환기,8504,미국,160040180,12184117
2025-09,변압기·전력변환기,8504,베트남,40362441,1486590
2025-09,변압기·전력변환기,8504,사우디아라비아,5626928,312543
2025-09,변압기·전력변환기,8504,싱가포르,2578797,46871
2025-09,변압기·전력변환기,8504,아랍에미리트,7400102,496027
2025-09,변압기·전력변환기,8504,영국,8167981,417104
2025-09,변압기·전력변환기,8504,인도,12398872,1216126
2025-09,변압기·전력변환기,8504,인도네시아,5197743,235520
2025-09,변압기·전력변환기,8504,일본,7941250,386250
2025-09,변압기·전력변환기,8504,전체,379420273,23027804
2025-09,변압기·전력변환기,8504,중국,26779407,1056077
2025-09,변압기·전력변환기,8504,카자흐스탄,24226,1018
2025-09,변압기·전력변환기,8504,캐나다,11316878,565586
2025-09,변압기·전력변환기,8504,태국,3352333,268750
2025-09,변압기·전력변환기,8504,튀르키예,1413982,27119
2025-09,변압기·전력변환기,8504,폴란드,2154827,50291
2025-09,변압기·전력변환기,8504,필리핀,4969237,747141
2025-09,변압기·전력변환기,8504,호주,426964,3770
2025-09,변압기·전력변환기,8504,홍콩,2318180,51907
2025-09,선박,8901,네덜란드,3850000,2224000
2025-09,선박,8901,말레이시아,480000,499000
2025-09,선박,8901,베트남,5850000,1821000
2025-09,선박,8901,싱가포르,193005062,185405200
2025-09,선박,8901,아랍에미리트,647235,3231000
2025-09,선박,8901,인도네시아,3000000,498000
2025-09,선박,8901,일본,0,0
2025-09,선박,8901,전체,2474103416,1047280300
2025-09,선박,8901,중국,0,0
2025-09,선박,8901,호주,0,0
2025-09,승용차,8703,네덜란드,98561722,5634190
2025-09,승용차,8703,대만,13524555,885422
2025-09,승용차,8703,독일,149263301,8057304
2025-09,승용차,8703,러시아,149056215,11421846
2025-09,승용차,8703,말레이시아,647068,51238
2025-09,승용차,8703,멕시코,64190145,4701973
2025-09,승용차,8703,미국,2374997363,182407548
2025-09,승용차,8703,베트남,8259200,795519
2025-09,승용차,8703,사우디아라비아,79936296,6167235
2025-09,승용차,8703,싱가포르,4021659,267587
2025-09,승용차,8703,아랍에미리트,48306824,11328720
2025-09,승용차,8703,영국,274102531,14275048
2025-09,승용차,8703,인도,222500,13010
2025-09,승용차,8703,인도네시아,3711907,189125
2025-09,승용차,8703,일본,1475728,113203
2025-09,승용차,8703,전체,6042273371,491065891
2025-09,승용차,8703,중국,17014109,525945
2025-09,승용차,8703,카자흐스탄,145277943,10166183
2025-09,승용차,8703,캐나다,435373092,32116109
2025-09,승용차,8703,태국,130456,5970
2025-09,승용차,8703,튀르키예,123293830,13793069
2025-09,승용차,8703,폴란드,29996736,1890349
2025-09,승용차,8703,필리핀,11592734,973221
2025-09,승용차,8703,호주,271333315,20518189
2025-09,승용차,8703,홍콩,942402,47728
2025-09,시스템반도체,854231,네덜란드,4767111,2378
2025-09,시스템반도체,854231,대만,393120718,105799
2025-09,시스템반도체,854231,독일,655388,299
2025-09,시스템반도체,854231,말레이시아,132002996,45135
2025-09,시스템반도체,854231,멕시코,16893695,10212
2025-09,시스템반도체,854231,미국,48616870,17855
2025-09,시스템반도체,854231,베트남,872531267,96924
2025-09,시스템반도체,854231,싱가포르,366944548,69132
2025-09,시스템반도체,854231,아랍에미리트,32106,4
2025-09,시스템반도체,854231,영국,147253,107
2025-09,시스템반도체,854231,인도,119177890,22007
2025-09,시스템반도체,854231,인도네시아,12758582,4912
2025-09,시스템반도체,854231,일본,17458595,8212
2025-09,시스템반도체,854231,전체,3200521078,660638
2025-09,시스템반도체,854231,중국,901003057,135088
2025-09,시스템반도체,854231,캐나다,7073236,359
2025-09,시스템반도체,854231,태국,26573551,17447
2025-09,시스템반도체,854231,튀르키예,2027498,211
2025-09,시스템반도체,854231,폴란드,33430806,20982
2025-09,시스템반도체,854231,필리핀,61741921,29924
2025-09,시스템반도체,854231,호주,2681,8
2025-09,시스템반도체,854231,홍콩,95699210,47834
2025-09,완제의약품,3004,네덜란드,377188,486
2025-09,완제의약품,3004,대만,1864262,24903
2025-09,완제의약품,3004,독일,2253520,26331
2025-09,완제의약품,3004,러시아,300113,695
2025-09,완제의약품,3004,말레이시아,1580023,12359
2025-09,완제의약품,3004,멕시코,2638833,19593
2025-09,완제의약품,3004,미국,3251028,113399
2025-09,완제의약품,3004,베트남,10875987,523335
2025-09,완제의약품,3004,사우디아라비아,192483,12657
2025-09,완제의약품,3004,싱가포르,648543,11050
2025-09,완제의약품,3004,아랍에미리트,1549739,6623
2025-09,완제의약품,3004,영국,732189,1643
2025-09,완제의약품,3004,인도,1653891,8399
2025-09,완제의약품,3004,인도네시아,1404788,13851
2025-09,완제의약품,3004,일본,10033750,94560
2025-09,완제의약품,3004,전체,94153544,2103553
2025-09,완제의약품,3004,중국,10417122,195017
2025-09,완제의약품,3004,카자흐스탄,759932,4051
2025-09,완제의약품,3004,캐나다,14042,27
2025-09,완제의약품,3004,태국,6088001,87148
2025-09,완제의약품,3004,튀르키예,503056,1251
2025-09,완제의약품,3004,폴란드,410809,3130
2025-09,완제의약품,3004,필리핀,5094554,89776
2025-09,완제의약품,3004,호주,9353,308
2025-09,완제의약품,3004,홍콩,1818413,12269
2025-09,의료기기,9018,네덜란드,5192931,30037
2025-09,의료기기,9018,대만,6421099,45407
2025-09,의료기기,9018,독일,7725844,32505
2025-09,의료기기,9018,러시아,9340694,77585
2025-09,의료기기,9018,말레이시아,3275000,34444
2025-09,의료기기,9018,멕시코,2872931,114168
2025-09,의료기기,9018,미국,73566872,823262
2025-09,의료기기,9018,베트남,5479536,121492
2025-09,의료기기,9018,사우디아라비아,4306028,22782
2025-09,의료기기,9018,싱가포르,4825914,23048
2025-09,의료기기,9018,아랍에미리트,11270862,42269
2025-09,의료기기,9018,영국,5010909,33708
2025-09,의료기기,9018,인도,10962056,154690
2025-09,의료기기,9018,인도네시아,3119738,29275
2025-09,의료기기,9018,일본,21030828,117561
2025-09,의료기기,9018,전체,297158177,2648363
2025-09,의료기기,9018,중국,15532402,96498
2025-09,의료기기,9018,카자흐스탄,838751,12301
2025-09,의료기기,9018,캐나다,2189677,12728
2025-09,의료기기,9018,태국,8690085,54945
2025-09,의료기기,9018,튀르키예,3868426,17950
2025-09,의료기기,9018,폴란드,6214873,29775
2025-09,의료기기,9018,필리핀,3034449,86238
2025-09,의료기기,9018,호주,4876116,39361
2025-09,의료기기,9018,홍콩,5116125,13117
2025-09,전선·케이블,8544,네덜란드,403521,3647
2025-09,전선·케이블,8544,대만,6620656,621251
2025-09,전선·케이블,8544,독일,4851282,338567
2025-09,전선·케이블,8544,러시아,1092317,81053
2025-09,전선·케이블,8544,말레이시아,1273294,61569
2025-09,전선·케이블,8544,멕시코,15005006,812218
2025-09,전선·케이블,8544,미국,120087942,15466029
2025-09,전선·케이블,8544,베트남,51025268,3172467
2025-09,전선·케이블,8544,사우디아라비아,1107294,130602
2025-09,전선·케이블,8544,싱가포르,14189969,608582
2025-09,전선·케이블,8544,아랍에미리트,3501847,330362
2025-09,전선·케이블,8544,영국,10791531,812220
2025-09,전선·케이블,8544,인도,5604226,301521
2025-09,전선·케이블,8544,인도네시아,5469357,375231
2025-09,전선·케이블,8544,일본,13040495,1335034
2025-09,전선·케이블,8544,전체,406151101,35009714
2025-09,전선·케이블,8544,중국,52147370,3213072
2025-09,전선·케이블,8544,카자흐스탄,9082089,526521
2025-09,전선·케이블,8544,캐나다,905288,22344
2025-09,전선·케이블,8544,태국,2316065,174020
2025-09,전선·케이블,8544,튀르키예,2276102,166562
2025-09,전선·케이블,8544,폴란드,2710034,42244
2025-09,전선·케이블,8544,필리핀,21795958,1779467
2025-09,전선·케이블,8544,호주,4254363,385506
2025-09,전선·케이블,8544,홍콩,1200225,30642
2025-09,태양광 모듈,854143,네덜란드,2925,3
2025-09,태양광 모듈,854143,독일,1732,151
2025-09,태양광 모듈,854143,말레이시아,0,0
2025-09,태양광 모듈,854143,미국,1478879,382783
2025-09,태양광 모듈,854143,베트남,3289,26
2025-09,태양광 모듈,854143,싱가포르,22303,1824
2025-09,태양광 모듈,854143,인도,0,0
2025-09,태양광 모듈,854143,일본,94755,23407
2025-09,태양광 모듈,854143,전체,2823349,745262
2025-09,태양광 모듈,854143,중국,83160,83765
2025-09,태양광 모듈,854143,태국,9583,1528
2025-09,태양광 모듈,854143,튀르키예,75207,98401
2025-09,태양광 모듈,854143,필리핀,5259,1882
2025-09,화장품,3304,네덜란드,8640427,210774
2025-09,화장품,3304,대만,24539103,1405495
2025-09,화장품,3304,독일,11625995,297322
2025-09,화장품,3304,러시아,34264206,1210260
2025-09,화장품,3304,말레이시아,11021292,425507
2025-09,화장품,3304,멕시코,6651793,125726
2025-09,화장품,3304,미국,204458106,7395061
2025-09,화장품,3304,베트남,40363038,1281506
2025-09,화장품,3304,사우디아라비아,6991916,133562
2025-09,화장품,3304,싱가포르,9338781,260988
2025-09,화장품,3304,아랍에미리트,26400849,496651
2025-09,화장품,3304,영국,18212027,510157
2025-09,화장품,3304,인도,5254232,191446
2025-09,화장품,3304,인도네시아,19437454,536641
2025-09,화장품,3304,일본,82579071,2242704
2025-09,화장품,3304,전체,936735018,30512962
2025-09,화장품,3304,중국,172107450,6363556
2025-09,화장품,3304,카자흐스탄,9564394,309774
2025-09,화장품,3304,캐나다,16773702,572332
2025-09,화장품,3304,태국,16147164,406326
2025-09,화장품,3304,튀르키예,5941617,154111
2025-09,화장품,3304,폴란드,14078497,499810
2025-09,화장품,3304,필리핀,8388572,428828
2025-09,화장품,3304,호주,15257674,560001
2025-09,화장품,3304,홍콩,52082674,1251004
2025-10,라면,190230,네덜란드,5002852,1114843
2025-10,라면,190230,대만,2470799,689148
2025-10,라면,190230,독일,2736293,659915
2025-10,라면,190230,러시아,5034388,1149851
2025-10,라면,190230,말레이시아,4985006,1098070
2025-10,라면,190230,멕시코,1951403,440673
2025-10,라면,190230,미국,21851530,4752104
2025-10,라면,190230,베트남,3136543,845345
2025-10,라면,190230,사우디아라비아,1504924,337891
2025-10,라면,190230,싱가포르,1012055,261577
2025-10,라면,190230,아랍에미리트,1335402,305658
2025-10,라면,190230,영국,5917640,1306796
2025-10,라면,190230,인도,1130808,267049
2025-10,라면,190230,인도네시아,1855933,442093
2025-10,라면,190230,일본,7881835,2678159
2025-10,라면,190230,전체,137341910,35205002
2025-10,라면,190230,중국,37001440,10505716
2025-10,라면,190230,카자흐스탄,803971,209324
2025-10,라면,190230,캐나다,4271619,1226682
2025-10,라면,190230,태국,2780555,698335
2025-10,라면,190230,튀르키예,45488,7733
2025-10,라면,190230,폴란드,108035,46250
2025-10,라면,190230,필리핀,6243392,1422605
2025-10,라면,190230,호주,3385388,912628
2025-10,라면,190230,홍콩,2378890,795202
2025-10,리튬이온 배터리,850760,네덜란드,102432,932
2025-10,리튬이온 배터리,850760,대만,398261,12567
2025-10,리튬이온 배터리,850760,독일,13204922,605001
2025-10,리튬이온 배터리,850760,말레이시아,11013,335
2025-10,리튬이온 배터리,850760,멕시코,1057918,38977
2025-10,리튬이온 배터리,850760,미국,159419986,8268398
2025-10,리튬이온 배터리,850760,베트남,10693874,206480
2025-10,리튬이온 배터리,850760,사우디아라비아,4466,34
2025-10,리튬이온 배터리,850760,싱가포르,1322694,40272
2025-10,리튬이온 배터리,850760,아랍에미리트,7931266,227687
2025-10,리튬이온 배터리,850760,영국,30809,268
2025-10,리튬이온 배터리,850760,인도,11600333,601482
2025-10,리튬이온 배터리,850760,인도네시아,31834,223
2025-10,리튬이온 배터리,850760,일본,13962875,447470
2025-10,리튬이온 배터리,850760,전체,332392107,14117530
2025-10,리튬이온 배터리,850760,중국,43362573,1576245
2025-10,리튬이온 배터리,850760,카자흐스탄,1501,13
2025-10,리튬이온 배터리,850760,캐나다,671764,18149
2025-10,리튬이온 배터리,850760,태국,55286,971
2025-10,리튬이온 배터리,850760,튀르키예,122261,1899
2025-10,리튬이온 배터리,850760,폴란드,7696717,92978
2025-10,리튬이온 배터리,850760,필리핀,3219,39
2025-10,리튬이온 배터리,850760,호주,772796,31614
2025-10,리튬이온 배터리,850760,홍콩,9933765,204576
2025-10,메모리 반도체,854232,네덜란드,8754851,424
2025-10,메모리 반도체,854232,대만,3142278605,33169
2025-10,메모리 반도체,854232,독일,7650027,485
2025-10,메모리 반도체,854232,말레이시아,30595432,1955
2025-10,메모리 반도체,854232,멕시코,23095359,2289
2025-10,메모리 반도체,854232,미국,44916168,1578
2025-10,메모리 반도체,854232,베트남,669156068,44896
2025-10,메모리 반도체,854232,싱가포르,99178549,1187
2025-10,메모리 반도체,854232,영국,1844,2
2025-10,메모리 반도체,854232,인도,74092313,3296
2025-10,메모리 반도체,854232,인도네시아,15731888,1075
2025-10,메모리 반도체,854232,일본,41736160,1807
2025-10,메모리 반도체,854232,전체,8886616348,310324
2025-10,메모리 반도체,854232,중국,3126620117,125264
2025-10,메모리 반도체,854232,캐나다,663161,6
2025-10,메모리 반도체,854232,태국,56017871,2218
2025-10,메모리 반도체,854232,튀르키예,7623808,212
2025-10,메모리 반도체,854232,폴란드,2987674,713
2025-10,메모리 반도체,854232,필리핀,114091123,4623
2025-10,메모리 반도체,854232,호주,1013,1
2025-10,메모리 반도체,854232,홍콩,1325772938,81504
2025-10,바이오의약품·톡신,3002,네덜란드,15872111,3561
2025-10,바이오의약품·톡신,3002,대만,3491111,5083
2025-10,바이오의약품·톡신,3002,독일,4083147,2615
2025-10,바이오의약품·톡신,3002,러시아,1476481,635
2025-10,바이오의약품·톡신,3002,말레이시아,1236088,29920
2025-10,바이오의약품·톡신,3002,멕시코,882827,17600
2025-10,바이오의약품·톡신,3002,미국,120891149,27083
2025-10,바이오의약품·톡신,3002,베트남,6012751,29450
2025-10,바이오의약품·톡신,3002,사우디아라비아,300608,984
2025-10,바이오의약품·톡신,3002,싱가포르,5214542,6618
2025-10,바이오의약품·톡신,3002,아랍에미리트,320212,30897
2025-10,바이오의약품·톡신,3002,영국,518983,154
2025-10,바이오의약품·톡신,3002,인도,932723,7380
2025-10,바이오의약품·톡신,3002,인도네시아,394328,2047
2025-10,바이오의약품·톡신,3002,일본,36393239,8601
2025-10,바이오의약품·톡신,3002,전체,549729289,412765
2025-10,바이오의약품·톡신,3002,중국,12672983,23582
2025-10,바이오의약품·톡신,3002,카자흐스탄,609406,991
2025-10,바이오의약품·톡신,3002,캐나다,5062281,3531
2025-10,바이오의약품·톡신,3002,태국,3096598,11606
2025-10,바이오의약품·톡신,3002,튀르키예,40498853,4576
2025-10,바이오의약품·톡신,3002,폴란드,2091886,3989
2025-10,바이오의약품·톡신,3002,필리핀,1835594,8665
2025-10,바이오의약품·톡신,3002,호주,3433399,4363
2025-10,바이오의약품·톡신,3002,홍콩,838133,1487
2025-10,반도체 장비,8486,네덜란드,53524125,52592
2025-10,반도체 장비,8486,대만,122571217,703731
2025-10,반도체 장비,8486,독일,6213161,17730
2025-10,반도체 장비,8486,말레이시아,10220072,37766
2025-10,반도체 장비,8486,멕시코,77943,282
2025-10,반도체 장비,8486,미국,64517761,250336
2025-10,반도체 장비,8486,베트남,11101918,150531
2025-10,반도체 장비,8486,싱가포르,49627886,251963
2025-10,반도체 장비,8486,영국,1801604,7547
2025-10,반도체 장비,8486,인도,387119,5983
2025-10,반도체 장비,8486,인도네시아,90796,360
2025-10,반도체 장비,8486,일본,35913847,266151
2025-10,반도체 장비,8486,전체,699134912,5835612
2025-10,반도체 장비,8486,중국,333241886,4025534
2025-10,반도체 장비,8486,캐나다,28628,155
2025-10,반도체 장비,8486,태국,906077,15332
2025-10,반도체 장비,8486,폴란드,15,2
2025-10,반도체 장비,8486,필리핀,985621,3552
2025-10,반도체 장비,8486,호주,2000,3
2025-10,반도체 장비,8486,홍콩,2117793,1643
2025-10,변압기·전력변환기,8504,네덜란드,10690285,495707
2025-10,변압기·전력변환기,8504,대만,4857833,369932
2025-10,변압기·전력변환기,8504,독일,2679486,29630
2025-10,변압기·전력변환기,8504,말레이시아,1801595,13951
2025-10,변압기·전력변환기,8504,멕시코,4510786,116872
2025-10,변압기·전력변환기,8504,미국,148209783,9386080
2025-10,변압기·전력변환기,8504,베트남,25985119,759736
2025-10,변압기·전력변환기,8504,사우디아라비아,3020184,95012
2025-10,변압기·전력변환기,8504,싱가포르,1541980,43067
2025-10,변압기·전력변환기,8504,아랍에미리트,3989075,485487
2025-10,변압기·전력변환기,8504,영국,8578103,509431
2025-10,변압기·전력변환기,8504,인도,13598116,1380629
2025-10,변압기·전력변환기,8504,인도네시아,4501933,152561
2025-10,변압기·전력변환기,8504,일본,6906364,419863
2025-10,변압기·전력변환기,8504,전체,292754827,16172333
2025-10,변압기·전력변환기,8504,중국,25635717,1046245
2025-10,변압기·전력변환기,8504,카자흐스탄,145249,270
2025-10,변압기·전력변환기,8504,캐나다,421116,5564
2025-10,변압기·전력변환기,8504,태국,2134243,114882
2025-10,변압기·전력변환기,8504,튀르키예,683956,14141
2025-10,변압기·전력변환기,8504,폴란드,1693813,35665
2025-10,변압기·전력변환기,8504,필리핀,1790444,240167
2025-10,변압기·전력변환기,8504,호주,202241,2781
2025-10,변압기·전력변환기,8504,홍콩,1664870,12142
2025-10,선박,8901,대만,350000,84000
2025-10,선박,8901,미국,0,0
2025-10,선박,8901,싱가포르,194740391,184267800
2025-10,선박,8901,인도네시아,19797500,22445000
2025-10,선박,8901,일본,0,0
2025-10,선박,8901,전체,2116298659,826337300
2025-10,선박,8901,중국,0,0
2025-10,선박,8901,홍콩,0,0
2025-10,승용차,8703,네덜란드,55032964,3178510
2025-10,승용차,8703,대만,11836878,837000
2025-10,승용차,8703,독일,196822099,10832735
2025-10,승용차,8703,러시아,142288595,11221032
2025-10,승용차,8703,말레이시아,715151,67224
2025-10,승용차,8703,멕시코,84522247,6228113
2025-10,승용차,8703,미국,2121903535,168583048
2025-10,승용차,8703,베트남,8489657,832344
2025-10,승용차,8703,사우디아라비아,99160727,7347631
2025-10,승용차,8703,싱가포르,4818835,313577
2025-10,승용차,8703,아랍에미리트,42198095,8174546
2025-10,승용차,8703,영국,175124916,9468005
2025-10,승용차,8703,인도,46182,2532
2025-10,승용차,8703,인도네시아,4241896,222204
2025-10,승용차,8703,일본,1093797,90671
2025-10,승용차,8703,전체,5246367134,430086442
2025-10,승용차,8703,중국,23508766,919917
2025-10,승용차,8703,카자흐스탄,141638828,9372843
2025-10,승용차,8703,캐나다,410604011,31298129
2025-10,승용차,8703,태국,102893,8310
2025-10,승용차,8703,튀르키예,31064399,5079495
2025-10,승용차,8703,폴란드,21491555,1435454
2025-10,승용차,8703,필리핀,10212527,807523
2025-10,승용차,8703,호주,208270562,15686280
2025-10,승용차,8703,홍콩,497485,25963
2025-10,시스템반도체,854231,네덜란드,3998105,1598
2025-10,시스템반도체,854231,대만,673395024,97317
2025-10,시스템반도체,854231,독일,1077350,569
2025-10,시스템반도체,854231,말레이시아,168129615,46206
2025-10,시스템반도체,854231,멕시코,16059721,8416
2025-10,시스템반도체,854231,미국,43322718,15745
2025-10,시스템반도체,854231,베트남,906275841,93604
2025-10,시스템반도체,854231,싱가포르,355482098,73868
2025-10,시스템반도체,854231,아랍에미리트,234357,190
2025-10,시스템반도체,854231,영국,281244,175
2025-10,시스템반도체,854231,인도,153341399,24526
2025-10,시스템반도체,854231,인도네시아,17099054,4962
2025-10,시스템반도체,854231,일본,34237605,11148
2025-10,시스템반도체,854231,전체,3396827775,622708
2025-10,시스템반도체,854231,중국,727027292,116785
2025-10,시스템반도체,854231,캐나다,1149001,169
2025-10,시스템반도체,854231,태국,21422704,13189
2025-10,시스템반도체,854231,튀르키예,1163470,46
2025-10,시스템반도체,854231,폴란드,32709819,17759
2025-10,시스템반도체,854231,필리핀,47828542,22735
2025-10,시스템반도체,854231,호주,15127,47
2025-10,시스템반도체,854231,홍콩,107183761,49943
2025-10,완제의약품,3004,네덜란드,519910,1824
2025-10,완제의약품,3004,대만,1629814,17401
2025-10,완제의약품,3004,독일,1402036,7852
2025-10,완제의약품,3004,러시아,18838,71
2025-10,완제의약품,3004,말레이시아,1090204,10753
2025-10,완제의약품,3004,멕시코,2032647,13199
2025-10,완제의약품,3004,미국,3035616,75232
2025-10,완제의약품,3004,베트남,9728982,503555
2025-10,완제의약품,3004,사우디아라비아,318036,15110
2025-10,완제의약품,3004,싱가포르,803468,8641
2025-10,완제의약품,3004,아랍에미리트,808940,2974
2025-10,완제의약품,3004,영국,656665,1596
2025-10,완제의약품,3004,인도,692669,2880
2025-10,완제의약품,3004,인도네시아,1048927,9566
2025-10,완제의약품,3004,일본,8967413,85152
2025-10,완제의약품,3004,전체,61514775,1261967
2025-10,완제의약품,3004,중국,4025893,52791
2025-10,완제의약품,3004,카자흐스탄,261088,1127
2025-10,완제의약품,3004,캐나다,1452,2
2025-10,완제의약품,3004,태국,3139739,31944
2025-10,완제의약품,3004,튀르키예,94813,824
2025-10,완제의약품,3004,폴란드,76577,51
2025-10,완제의약품,3004,필리핀,4033293,41973
2025-10,완제의약품,3004,호주,171833,6942
2025-10,완제의약품,3004,홍콩,1158417,12150
2025-10,의료기기,9018,네덜란드,4162746,20135
2025-10,의료기기,9018,대만,5391667,45840
2025-10,의료기기,9018,독일,6730582,20143
2025-10,의료기기,9018,러시아,9546904,75478
2025-10,의료기기,9018,말레이시아,1550095,19487
2025-10,의료기기,9018,멕시코,2975236,96274
2025-10,의료기기,9018,미국,40323118,559178
2025-10,의료기기,9018,베트남,4574994,69408
2025-10,의료기기,9018,사우디아라비아,2399696,50926
2025-10,의료기기,9018,싱가포르,2899081,13937
2025-10,의료기기,9018,아랍에미리트,11102056,34611
2025-10,의료기기,9018,영국,3324594,21931
2025-10,의료기기,9018,인도,12346084,197207
2025-10,의료기기,9018,인도네시아,3382858,54229
2025-10,의료기기,9018,일본,15270999,82504
2025-10,의료기기,9018,전체,209927095,1971263
2025-10,의료기기,9018,중국,10409007,84918
2025-10,의료기기,9018,카자흐스탄,1038876,10722
2025-10,의료기기,9018,캐나다,1514751,4318
2025-10,의료기기,9018,태국,7665242,47992
2025-10,의료기기,9018,튀르키예,2434000,14271
2025-10,의료기기,9018,폴란드,4122017,17911
2025-10,의료기기,9018,필리핀,2152787,48501
2025-10,의료기기,9018,호주,2615295,16747
2025-10,의료기기,9018,홍콩,2006518,7772
2025-10,전선·케이블,8544,네덜란드,481079,19478
2025-10,전선·케이블,8544,대만,20972101,1195063
2025-10,전선·케이블,8544,독일,2462024,122938
2025-10,전선·케이블,8544,러시아,95566,3105
2025-10,전선·케이블,8544,말레이시아,1611121,134157
2025-10,전선·케이블,8544,멕시코,12339612,625601
2025-10,전선·케이블,8544,미국,79927294,9149635
2025-10,전선·케이블,8544,베트남,41014531,2473949
2025-10,전선·케이블,8544,사우디아라비아,126257,4707
2025-10,전선·케이블,8544,싱가포르,30900454,2945716
2025-10,전선·케이블,8544,아랍에미리트,10807209,1118465
2025-10,전선·케이블,8544,영국,2932358,245262
2025-10,전선·케이블,8544,인도,4014930,211230
2025-10,전선·케이블,8544,인도네시아,4067419,296317
2025-10,전선·케이블,8544,일본,12196215,1228642
2025-10,전선·케이블,8544,전체,331219518,27293442
2025-10,전선·케이블,8544,중국,39315510,2301091
2025-10,전선·케이블,8544,카자흐스탄,1069167,40087
2025-10,전선·케이블,8544,캐나다,829970,42012
2025-10,전선·케이블,8544,태국,2721259,210831
2025-10,전선·케이블,8544,튀르키예,2848363,219811
2025-10,전선·케이블,8544,폴란드,1601507,32638
2025-10,전선·케이블,8544,필리핀,18994867,1453652
2025-10,전선·케이블,8544,호주,3715819,300583
2025-10,전선·케이블,8544,홍콩,1447891,71694
2025-10,태양광 모듈,854143,네덜란드,5850,5
2025-10,태양광 모듈,854143,독일,19803,602
2025-10,태양광 모듈,854143,말레이시아,0,0
2025-10,태양광 모듈,854143,미국,7778571,2081590
2025-10,태양광 모듈,854143,베트남,36593,990
2025-10,태양광 모듈,854143,인도,2147,216
2025-10,태양광 모듈,854143,일본,243598,58716
2025-10,태양광 모듈,854143,전체,8703590,2549549
2025-10,태양광 모듈,854143,중국,13754,36600
2025-10,태양광 모듈,854143,캐나다,13,75
2025-10,태양광 모듈,854143,튀르키예,57738,82588
2025-10,태양광 모듈,854143,필리핀,7765,648
2025-10,태양광 모듈,854143,호주,0,0
2025-10,태양광 모듈,854143,홍콩,1220,2
2025-10,화장품,3304,네덜란드,9479219,247668
2025-10,화장품,3304,대만,19536937,1276030
2025-10,화장품,3304,독일,7730127,215682
2025-10,화장품,3304,러시아,28396230,796351
2025-10,화장품,3304,말레이시아,9065675,357813
2025-10,화장품,3304,멕시코,5123739,111739
2025-10,화장품,3304,미국,158402078,5327182
2025-10,화장품,3304,베트남,29174394,1038310
2025-10,화장품,3304,사우디아라비아,5374878,145562
2025-10,화장품,3304,싱가포르,7738835,225006
2025-10,화장품,3304,아랍에미리트,23259184,424804
2025-10,화장품,3304,영국,14486466,393280
2025-10,화장품,3304,인도,5585368,175997
2025-10,화장품,3304,인도네시아,9212353,210420
2025-10,화장품,3304,일본,71096850,1784855
2025-10,화장품,3304,전체,753261812,23653933
2025-10,화장품,3304,중국,116850396,4115680
2025-10,화장품,3304,카자흐스탄,9139518,322869
2025-10,화장품,3304,캐나다,11224384,428506
2025-10,화장품,3304,태국,17952845,568855
2025-10,화장품,3304,튀르키예,6588019,134621
2025-10,화장품,3304,폴란드,18438432,541337
2025-10,화장품,3304,필리핀,7812672,351235
2025-10,화장품,3304,호주,11599339,371833
2025-10,화장품,3304,홍콩,48617749,1140336
2025-11,라면,190230,네덜란드,3359309,784837
2025-11,라면,190230,대만,2665810,804675
2025-11,라면,190230,독일,2214872,607312
2025-11,라면,190230,러시아,5639575,1230278
2025-11,라면,190230,말레이시아,4970423,1041064
2025-11,라면,190230,멕시코,3238243,714111
2025-11,라면,190230,미국,19547154,4537788
2025-11,라면,190230,베트남,2962654,756410
2025-11,라면,190230,사우디아라비아,1216584,260338
2025-11,라면,190230,싱가포르,1035019,239198
2025-11,라면,190230,아랍에미리트,1491923,355754
2025-11,라면,190230,영국,5528198,1219671
2025-11,라면,190230,인도,790228,203117
2025-11,라면,190230,인도네시아,591394,156217
2025-11,라면,190230,일본,7178697,2609561
2025-11,라면,190230,전체,133735597,34833201
2025-11,라면,190230,중국,37139971,10452713
2025-11,라면,190230,카자흐스탄,498483,127716
2025-11,라면,190230,캐나다,6195938,1672474
2025-11,라면,190230,태국,3106800,803293
2025-11,라면,190230,튀르키예,17023,8795
2025-11,라면,190230,폴란드,141769,54935
2025-11,라면,190230,필리핀,5459541,1195297
2025-11,라면,190230,호주,4403458,1189971
2025-11,라면,190230,홍콩,2241729,771100
2025-11,리튬이온 배터리,850760,네덜란드,144648,1262
2025-11,리튬이온 배터리,850760,대만,188389,6643
2025-11,리튬이온 배터리,850760,독일,7999529,217577
2025-11,리튬이온 배터리,850760,러시아,81,3
2025-11,리튬이온 배터리,850760,말레이시아,143878,3530
2025-11,리튬이온 배터리,850760,멕시코,967761,34461
2025-11,리튬이온 배터리,850760,미국,290738417,11787515
2025-11,리튬이온 배터리,850760,베트남,14843437,252303
2025-11,리튬이온 배터리,850760,사우디아라비아,5109,8
2025-11,리튬이온 배터리,850760,싱가포르,552941,19861
2025-11,리튬이온 배터리,850760,아랍에미리트,2329455,66835
2025-11,리튬이온 배터리,850760,영국,63253,1260
2025-11,리튬이온 배터리,850760,인도,12377177,690624
2025-11,리튬이온 배터리,850760,인도네시아,16004,293
2025-11,리튬이온 배터리,850760,일본,13719252,478080
2025-11,리튬이온 배터리,850760,전체,434965870,16748446
2025-11,리튬이온 배터리,850760,중국,37842833,1366147
2025-11,리튬이온 배터리,850760,카자흐스탄,2536,16
2025-11,리튬이온 배터리,850760,캐나다,666724,21787
2025-11,리튬이온 배터리,850760,태국,74375,728
2025-11,리튬이온 배터리,850760,튀르키예,98297,3119
2025-11,리튬이온 배터리,850760,폴란드,677019,16650
2025-11,리튬이온 배터리,850760,필리핀,27359,458
2025-11,리튬이온 배터리,850760,호주,1854790,181032
2025-11,리튬이온 배터리,850760,홍콩,6925988,143124
2025-11,메모리 반도체,854232,네덜란드,9921542,396
2025-11,메모리 반도체,854232,대만,2285270690,29884
2025-11,메모리 반도체,854232,독일,18404831,828
2025-11,메모리 반도체,854232,말레이시아,504575926,1745
2025-11,메모리 반도체,854232,멕시코,12344171,1384
2025-11,메모리 반도체,854232,미국,61359889,1611
2025-11,메모리 반도체,854232,베트남,906941601,38657
2025-11,메모리 반도체,854232,싱가포르,169200099,2691
2025-11,메모리 반도체,854232,아랍에미리트,18,1
2025-11,메모리 반도체,854232,영국,4333643,141
2025-11,메모리 반도체,854232,인도,118864052,2789
2025-11,메모리 반도체,854232,인도네시아,25892566,809
2025-11,메모리 반도체,854232,일본,59495855,2106
2025-11,메모리 반도체,854232,전체,10163661372,306192
2025-11,메모리 반도체,854232,중국,3541095995,122594
2025-11,메모리 반도체,854232,캐나다,12401241,173
2025-11,메모리 반도체,854232,태국,136672347,3179
2025-11,메모리 반도체,854232,튀르키예,9987664,279
2025-11,메모리 반도체,854232,폴란드,2676714,533
2025-11,메모리 반도체,854232,필리핀,376719927,11776
2025-11,메모리 반도체,854232,홍콩,1813554129,80785
2025-11,바이오의약품·톡신,3002,네덜란드,138316389,10215
2025-11,바이오의약품·톡신,3002,대만,1205334,5184
2025-11,바이오의약품·톡신,3002,독일,13928224,3161
2025-11,바이오의약품·톡신,3002,러시아,890548,2691
2025-11,바이오의약품·톡신,3002,말레이시아,2251042,19559
2025-11,바이오의약품·톡신,3002,멕시코,2615464,69000
2025-11,바이오의약품·톡신,3002,미국,67891518,10247
2025-11,바이오의약품·톡신,3002,베트남,6365167,24460
2025-11,바이오의약품·톡신,3002,사우디아라비아,4674751,3686
2025-11,바이오의약품·톡신,3002,싱가포르,1647592,837
2025-11,바이오의약품·톡신,3002,아랍에미리트,1325303,10179
2025-11,바이오의약품·톡신,3002,영국,3679407,280
2025-11,바이오의약품·톡신,3002,인도,1287954,10210
2025-11,바이오의약품·톡신,3002,인도네시아,335451,1247
2025-11,바이오의약품·톡신,3002,일본,45094675,15357
2025-11,바이오의약품·톡신,3002,전체,738398760,464053
2025-11,바이오의약품·톡신,3002,중국,9807881,23492
2025-11,바이오의약품·톡신,3002,카자흐스탄,1860102,2524
2025-11,바이오의약품·톡신,3002,캐나다,6691716,4387
2025-11,바이오의약품·톡신,3002,태국,2433472,4210
2025-11,바이오의약품·톡신,3002,튀르키예,11622131,3928
2025-11,바이오의약품·톡신,3002,폴란드,760571,4548
2025-11,바이오의약품·톡신,3002,필리핀,2771747,26262
2025-11,바이오의약품·톡신,3002,호주,4212272,5875
2025-11,바이오의약품·톡신,3002,홍콩,3520209,5461
2025-11,반도체 장비,8486,네덜란드,17951217,21069
2025-11,반도체 장비,8486,대만,121409718,562438
2025-11,반도체 장비,8486,독일,4113450,12744
2025-11,반도체 장비,8486,말레이시아,19184250,87289
2025-11,반도체 장비,8486,멕시코,878526,6326
2025-11,반도체 장비,8486,미국,72257335,324696
2025-11,반도체 장비,8486,베트남,32494339,549658
2025-11,반도체 장비,8486,싱가포르,48449352,242870
2025-11,반도체 장비,8486,영국,2668566,11964
2025-11,반도체 장비,8486,인도,171153,1681
2025-11,반도체 장비,8486,인도네시아,32948,86
2025-11,반도체 장비,8486,일본,62447688,250413
2025-11,반도체 장비,8486,전체,684013785,4984588
2025-11,반도체 장비,8486,중국,290873970,2882573
2025-11,반도체 장비,8486,캐나다,2820,6
2025-11,반도체 장비,8486,태국,810392,7612
2025-11,반도체 장비,8486,폴란드,5580,8
2025-11,반도체 장비,8486,필리핀,1507235,5742
2025-11,반도체 장비,8486,호주,600,7
2025-11,반도체 장비,8486,홍콩,1955789,1686
2025-11,변압기·전력변환기,8504,네덜란드,4157887,62540
2025-11,변압기·전력변환기,8504,대만,6230482,594588
2025-11,변압기·전력변환기,8504,독일,2719532,33699
2025-11,변압기·전력변환기,8504,러시아,2133,14
2025-11,변압기·전력변환기,8504,말레이시아,2228732,14735
2025-11,변압기·전력변환기,8504,멕시코,4139118,97946
2025-11,변압기·전력변환기,8504,미국,157413595,12409650
2025-11,변압기·전력변환기,8504,베트남,62533518,2369770
2025-11,변압기·전력변환기,8504,사우디아라비아,2888035,222459
2025-11,변압기·전력변환기,8504,싱가포르,1781741,72363
2025-11,변압기·전력변환기,8504,아랍에미리트,12451513,902075
2025-11,변압기·전력변환기,8504,영국,904325,12117
2025-11,변압기·전력변환기,8504,인도,14313926,1417391
2025-11,변압기·전력변환기,8504,인도네시아,3325364,252510
2025-11,변압기·전력변환기,8504,일본,7688924,417026
2025-11,변압기·전력변환기,8504,전체,382443539,22991441
2025-11,변압기·전력변환기,8504,중국,27888629,1107181
2025-11,변압기·전력변환기,8504,카자흐스탄,17894,170
2025-11,변압기·전력변환기,8504,캐나다,27562564,1085019
2025-11,변압기·전력변환기,8504,태국,1780681,91671
2025-11,변압기·전력변환기,8504,튀르키예,784355,15916
2025-11,변압기·전력변환기,8504,폴란드,1336407,30435
2025-11,변압기·전력변환기,8504,필리핀,3397064,491751
2025-11,변압기·전력변환기,8504,호주,272884,3462
2025-11,변압기·전력변환기,8504,홍콩,1635263,13384
2025-11,선박,8901,대만,0,0
2025-11,선박,8901,러시아,0,0
2025-11,선박,8901,말레이시아,358000,153000
2025-11,선박,8901,일본,5445000,8462000
2025-11,선박,8901,전체,1355906559,419500600
2025-11,선박,8901,중국,13737500,19743000
2025-11,선박,8901,필리핀,25820000,2853000
2025-11,선박,8901,홍콩,0,0
2025-11,승용차,8703,네덜란드,61705331,3601464
2025-11,승용차,8703,대만,23140491,1645006
2025-11,승용차,8703,독일,179000052,9985009
2025-11,승용차,8703,러시아,107044994,8636355
2025-11,승용차,8703,멕시코,80952844,6120729
2025-11,승용차,8703,미국,2691059867,206393257
2025-11,승용차,8703,베트남,14309401,1289896
2025-11,승용차,8703,사우디아라비아,137523062,9580627
2025-11,승용차,8703,싱가포르,6188942,414471
2025-11,승용차,8703,아랍에미리트,62649986,10564693
2025-11,승용차,8703,영국,200548882,10878445
2025-11,승용차,8703,인도,86664,5951
2025-11,승용차,8703,인도네시아,3732782,195840
2025-11,승용차,8703,일본,5836641,481979
2025-11,승용차,8703,전체,6043663013,484414529
2025-11,승용차,8703,중국,24461345,902245
2025-11,승용차,8703,카자흐스탄,129714087,8570125
2025-11,승용차,8703,캐나다,476755275,35522223
2025-11,승용차,8703,태국,425883,24265
2025-11,승용차,8703,튀르키예,45532502,4350807
2025-11,승용차,8703,폴란드,18460234,1268623
2025-11,승용차,8703,필리핀,1913244,193516
2025-11,승용차,8703,호주,280126938,20659804
2025-11,승용차,8703,홍콩,1143538,89244
2025-11,시스템반도체,854231,네덜란드,3999561,1439
2025-11,시스템반도체,854231,대만,317335587,81555
2025-11,시스템반도체,854231,독일,1830325,767
2025-11,시스템반도체,854231,말레이시아,113040753,45046
2025-11,시스템반도체,854231,멕시코,5960180,7543
2025-11,시스템반도체,854231,미국,52876609,18335
2025-11,시스템반도체,854231,베트남,756066899,86576
2025-11,시스템반도체,854231,싱가포르,385023557,70111
2025-11,시스템반도체,854231,아랍에미리트,115000,34
2025-11,시스템반도체,854231,영국,514783,160
2025-11,시스템반도체,854231,인도,100822304,20573
2025-11,시스템반도체,854231,인도네시아,12028255,3390
2025-11,시스템반도체,854231,일본,33618222,10710
2025-11,시스템반도체,854231,전체,2883443161,594582
2025-11,시스템반도체,854231,중국,839662405,131935
2025-11,시스템반도체,854231,캐나다,2667404,260
2025-11,시스템반도체,854231,태국,23676903,17305
2025-11,시스템반도체,854231,튀르키예,1954444,190
2025-11,시스템반도체,854231,폴란드,24196615,14186
2025-11,시스템반도체,854231,필리핀,48543257,23369
2025-11,시스템반도체,854231,호주,24353,33
2025-11,시스템반도체,854231,홍콩,89959890,38952
2025-11,완제의약품,3004,네덜란드,1727,7
2025-11,완제의약품,3004,대만,2009931,35357
2025-11,완제의약품,3004,독일,658507,3964
2025-11,완제의약품,3004,러시아,141678,923
2025-11,완제의약품,3004,말레이시아,844697,12167
2025-11,완제의약품,3004,멕시코,2308575,12522
2025-11,완제의약품,3004,미국,3739425,104072
2025-11,완제의약품,3004,베트남,11926963,748730
2025-11,완제의약품,3004,사우디아라비아,129277,278
2025-11,완제의약품,3004,싱가포르,969121,9557
2025-11,완제의약품,3004,아랍에미리트,438392,10585
2025-11,완제의약품,3004,영국,262885,927
2025-11,완제의약품,3004,인도,1154042,5852
2025-11,완제의약품,3004,인도네시아,1753443,11730
2025-11,완제의약품,3004,일본,8519907,79210
2025-11,완제의약품,3004,전체,81226140,1975972
2025-11,완제의약품,3004,중국,7634581,121244
2025-11,완제의약품,3004,카자흐스탄,360246,3180
2025-11,완제의약품,3004,캐나다,4968,14
2025-11,완제의약품,3004,태국,6905179,54379
2025-11,완제의약품,3004,튀르키예,845518,7390
2025-11,완제의약품,3004,폴란드,197184,408
2025-11,완제의약품,3004,필리핀,4882996,79400
2025-11,완제의약품,3004,호주,649488,5627
2025-11,완제의약품,3004,홍콩,1883009,20634
2025-11,의료기기,9018,네덜란드,3433569,24499
2025-11,의료기기,9018,대만,4668188,38815
2025-11,의료기기,9018,독일,7377452,34825
2025-11,의료기기,9018,러시아,7449726,96863
2025-11,의료기기,9018,말레이시아,2025082,14478
2025-11,의료기기,9018,멕시코,3287369,33201
2025-11,의료기기,9018,미국,54070525,714804
2025-11,의료기기,9018,베트남,11271469,231616
2025-11,의료기기,9018,사우디아라비아,2986653,26063
2025-11,의료기기,9018,싱가포르,3341524,23326
2025-11,의료기기,9018,아랍에미리트,8953315,47588
2025-11,의료기기,9018,영국,1678615,18080
2025-11,의료기기,9018,인도,12309858,221263
2025-11,의료기기,9018,인도네시아,3286419,21599
2025-11,의료기기,9018,일본,16140857,113262
2025-11,의료기기,9018,전체,252920137,2543583
2025-11,의료기기,9018,중국,13957393,113910
2025-11,의료기기,9018,카자흐스탄,1698951,19767
2025-11,의료기기,9018,캐나다,1573574,11577
2025-11,의료기기,9018,태국,8377702,37980
2025-11,의료기기,9018,튀르키예,4267065,22598
2025-11,의료기기,9018,폴란드,6332698,33683
2025-11,의료기기,9018,필리핀,1873586,51720
2025-11,의료기기,9018,호주,3863418,17812
2025-11,의료기기,9018,홍콩,3844103,11331
2025-11,전선·케이블,8544,네덜란드,16573813,1311229
2025-11,전선·케이블,8544,대만,5294021,363070
2025-11,전선·케이블,8544,독일,2481873,102410
2025-11,전선·케이블,8544,러시아,206318,9448
2025-11,전선·케이블,8544,말레이시아,2345735,87516
2025-11,전선·케이블,8544,멕시코,12354212,623298
2025-11,전선·케이블,8544,미국,97538748,11269375
2025-11,전선·케이블,8544,베트남,45229808,2936810
2025-11,전선·케이블,8544,사우디아라비아,2193879,187046
2025-11,전선·케이블,8544,싱가포르,7882018,707666
2025-11,전선·케이블,8544,아랍에미리트,2544080,252986
2025-11,전선·케이블,8544,영국,12336005,953082
2025-11,전선·케이블,8544,인도,4433818,204421
2025-11,전선·케이블,8544,인도네시아,5573702,502044
2025-11,전선·케이블,8544,일본,10411720,1009927
2025-11,전선·케이블,8544,전체,341835095,28517331
2025-11,전선·케이블,8544,중국,45974389,2833289
2025-11,전선·케이블,8544,카자흐스탄,4217348,67587
2025-11,전선·케이블,8544,캐나다,1505574,81622
2025-11,전선·케이블,8544,태국,3574025,295112
2025-11,전선·케이블,8544,튀르키예,3391356,244692
2025-11,전선·케이블,8544,폴란드,1590166,33346
2025-11,전선·케이블,8544,필리핀,15434767,1288232
2025-11,전선·케이블,8544,호주,2153555,161536
2025-11,전선·케이블,8544,홍콩,947784,53953
2025-11,태양광 모듈,854143,네덜란드,0,0
2025-11,태양광 모듈,854143,독일,4569,1368
2025-11,태양광 모듈,854143,미국,6754059,1775605
2025-11,태양광 모듈,854143,베트남,2034,71
2025-11,태양광 모듈,854143,싱가포르,3775,3
2025-11,태양광 모듈,854143,인도,9,0
2025-11,태양광 모듈,854143,인도네시아,0,0
2025-11,태양광 모듈,854143,일본,38929,7883
2025-11,태양광 모듈,854143,전체,7283768,2098512
2025-11,태양광 모듈,854143,중국,211350,125520
2025-11,태양광 모듈,854143,태국,85331,19919
2025-11,태양광 모듈,854143,튀르키예,11850,22540
2025-11,태양광 모듈,854143,필리핀,16604,1841
2025-11,태양광 모듈,854143,홍콩,0,0
2025-11,화장품,3304,네덜란드,6820203,173776
2025-11,화장품,3304,대만,24034722,1442079
2025-11,화장품,3304,독일,6641163,216071
2025-11,화장품,3304,러시아,27063084,853580
2025-11,화장품,3304,말레이시아,9027160,269665
2025-11,화장품,3304,멕시코,3585317,93076
2025-11,화장품,3304,미국,123682027,4879641
2025-11,화장품,3304,베트남,34618932,1136379
2025-11,화장품,3304,사우디아라비아,8218934,297599
2025-11,화장품,3304,싱가포르,8371488,213579
2025-11,화장품,3304,아랍에미리트,34597190,701736
2025-11,화장품,3304,영국,16603471,389012
2025-11,화장품,3304,인도,5279014,191894
2025-11,화장품,3304,인도네시아,15018353,440710
2025-11,화장품,3304,일본,70288686,1806213
2025-11,화장품,3304,전체,764763301,23895701
2025-11,화장품,3304,중국,106885476,3443835
2025-11,화장품,3304,카자흐스탄,10093368,338517
2025-11,화장품,3304,캐나다,18126352,580139
2025-11,화장품,3304,태국,19381506,460743
2025-11,화장품,3304,튀르키예,7819590,154353
2025-11,화장품,3304,폴란드,28343675,825126
2025-11,화장품,3304,필리핀,7879639,376459
2025-11,화장품,3304,호주,12747132,418529
2025-11,화장품,3304,홍콩,47635421,1067874
2025-12,라면,190230,네덜란드,7586794,1730687
2025-12,라면,190230,대만,3683409,964916
2025-12,라면,190230,독일,2829192,789184
2025-12,라면,190230,러시아,4728443,1024365
2025-12,라면,190230,말레이시아,3974198,911856
2025-12,라면,190230,멕시코,3509835,719988
2025-12,라면,190230,미국,27613423,6208385
2025-12,라면,190230,베트남,3579325,945461
2025-12,라면,190230,사우디아라비아,1325070,303984
2025-12,라면,190230,싱가포르,904083,210655
2025-12,라면,190230,아랍에미리트,3767782,866455
2025-12,라면,190230,영국,8623426,1762850
2025-12,라면,190230,인도,3177373,760166
2025-12,라면,190230,인도네시아,786043,201862
2025-12,라면,190230,일본,6451814,2278992
2025-12,라면,190230,전체,150597924,37576273
2025-12,라면,190230,중국,29736768,8259661
2025-12,라면,190230,카자흐스탄,912723,208333
2025-12,라면,190230,캐나다,4984170,1318939
2025-12,라면,190230,태국,3262901,819823
2025-12,라면,190230,튀르키예,42000,8920
2025-12,라면,190230,폴란드,213612,86836
2025-12,라면,190230,필리핀,5752408,1240042
2025-12,라면,190230,호주,4854436,1381542
2025-12,라면,190230,홍콩,2296714,779223
2025-12,리튬이온 배터리,850760,네덜란드,62212,637
2025-12,리튬이온 배터리,850760,대만,3575336,127212
2025-12,리튬이온 배터리,850760,독일,11312640,295498
2025-12,리튬이온 배터리,850760,말레이시아,180191,5716
2025-12,리튬이온 배터리,850760,멕시코,8670797,269201
2025-12,리튬이온 배터리,850760,미국,283083886,12476365
2025-12,리튬이온 배터리,850760,베트남,9955641,155851
2025-12,리튬이온 배터리,850760,사우디아라비아,50777,201
2025-12,리튬이온 배터리,850760,싱가포르,819997,21930
2025-12,리튬이온 배터리,850760,아랍에미리트,6457309,192793
2025-12,리튬이온 배터리,850760,영국,2701593,77867
2025-12,리튬이온 배터리,850760,인도,18137091,1060686
2025-12,리튬이온 배터리,850760,인도네시아,39024,877
2025-12,리튬이온 배터리,850760,일본,8350579,297813
2025-12,리튬이온 배터리,850760,전체,453254790,18630925
2025-12,리튬이온 배터리,850760,중국,47686553,2049547
2025-12,리튬이온 배터리,850760,카자흐스탄,842,15
2025-12,리튬이온 배터리,850760,캐나다,1836117,36496
2025-12,리튬이온 배터리,850760,태국,960004,45064
2025-12,리튬이온 배터리,850760,튀르키예,312803,8445
2025-12,리튬이온 배터리,850760,폴란드,1013912,26999
2025-12,리튬이온 배터리,850760,필리핀,11931,502
2025-12,리튬이온 배터리,850760,호주,198965,3336
2025-12,리튬이온 배터리,850760,홍콩,13671361,263800
2025-12,메모리 반도체,854232,네덜란드,3247979,92
2025-12,메모리 반도체,854232,대만,2878081077,35971
2025-12,메모리 반도체,854232,독일,21790938,740
2025-12,메모리 반도체,854232,말레이시아,459420469,1675
2025-12,메모리 반도체,854232,멕시코,9417685,1606
2025-12,메모리 반도체,854232,미국,95059313,2525
2025-12,메모리 반도체,854232,베트남,1386761472,51137
2025-12,메모리 반도체,854232,싱가포르,314250565,1667
2025-12,메모리 반도체,854232,아랍에미리트,0,0
2025-12,메모리 반도체,854232,영국,718278,22
2025-12,메모리 반도체,854232,인도,163916935,4552
2025-12,메모리 반도체,854232,인도네시아,39822550,1036
2025-12,메모리 반도체,854232,일본,60367241,2500
2025-12,메모리 반도체,854232,전체,12636909750,359385
2025-12,메모리 반도체,854232,중국,4058398021,135339
2025-12,메모리 반도체,854232,캐나다,8748412,101
2025-12,메모리 반도체,854232,태국,29999269,1960
2025-12,메모리 반도체,854232,튀르키예,12528676,277
2025-12,메모리 반도체,854232,폴란드,3201594,515
2025-12,메모리 반도체,854232,필리핀,366738710,11188
2025-12,메모리 반도체,854232,홍콩,2619629884,101999
2025-12,바이오의약품·톡신,3002,네덜란드,47616252,4168
2025-12,바이오의약품·톡신,3002,대만,1009695,1607
2025-12,바이오의약품·톡신,3002,독일,416130,3333
2025-12,바이오의약품·톡신,3002,러시아,4204514,10744
2025-12,바이오의약품·톡신,3002,말레이시아,2743245,2578
2025-12,바이오의약품·톡신,3002,멕시코,519348,1235
2025-12,바이오의약품·톡신,3002,미국,118346200,30303
2025-12,바이오의약품·톡신,3002,베트남,10556454,44982
2025-12,바이오의약품·톡신,3002,사우디아라비아,11998056,25330
2025-12,바이오의약품·톡신,3002,싱가포르,157067,374
2025-12,바이오의약품·톡신,3002,아랍에미리트,1162600,1760
2025-12,바이오의약품·톡신,3002,영국,3429884,628
2025-12,바이오의약품·톡신,3002,인도,1412787,19635
2025-12,바이오의약품·톡신,3002,인도네시아,4327883,10727
2025-12,바이오의약품·톡신,3002,일본,103451641,35645
2025-12,바이오의약품·톡신,3002,전체,663097086,470257
2025-12,바이오의약품·톡신,3002,중국,10080389,20047
2025-12,바이오의약품·톡신,3002,카자흐스탄,2228513,2880
2025-12,바이오의약품·톡신,3002,캐나다,14147692,4412
2025-12,바이오의약품·톡신,3002,태국,4522296,14823
2025-12,바이오의약품·톡신,3002,튀르키예,12584956,8763
2025-12,바이오의약품·톡신,3002,폴란드,163874,446
2025-12,바이오의약품·톡신,3002,필리핀,1377756,7051
2025-12,바이오의약품·톡신,3002,호주,1013513,3265
2025-12,바이오의약품·톡신,3002,홍콩,2996346,5476
2025-12,반도체 장비,8486,네덜란드,78301129,42521
2025-12,반도체 장비,8486,대만,122512468,711697
2025-12,반도체 장비,8486,독일,3005533,7397
2025-12,반도체 장비,8486,말레이시아,26772839,120081
2025-12,반도체 장비,8486,멕시코,1056497,23782
2025-12,반도체 장비,8486,미국,65637314,348938
2025-12,반도체 장비,8486,베트남,50316799,1059449
2025-12,반도체 장비,8486,사우디아라비아,300,2
2025-12,반도체 장비,8486,싱가포르,87975541,419630
2025-12,반도체 장비,8486,영국,5166882,22104
2025-12,반도체 장비,8486,인도,2459145,16047
2025-12,반도체 장비,8486,인도네시아,126342,1706
2025-12,반도체 장비,8486,일본,52307079,187234
2025-12,반도체 장비,8486,전체,884624447,7719220
2025-12,반도체 장비,8486,중국,368300890,4667061
2025-12,반도체 장비,8486,캐나다,9703,12
2025-12,반도체 장비,8486,태국,1192035,14987
2025-12,반도체 장비,8486,튀르키예,3614,81
2025-12,반도체 장비,8486,폴란드,1135,1
2025-12,반도체 장비,8486,필리핀,6692750,55479
2025-12,반도체 장비,8486,호주,58,100
2025-12,반도체 장비,8486,홍콩,424560,275
2025-12,변압기·전력변환기,8504,네덜란드,13605368,521626
2025-12,변압기·전력변환기,8504,대만,6652115,450965
2025-12,변압기·전력변환기,8504,독일,2668652,25608
2025-12,변압기·전력변환기,8504,러시아,30,0
2025-12,변압기·전력변환기,8504,말레이시아,2452780,92534
2025-12,변압기·전력변환기,8504,멕시코,4495702,109091
2025-12,변압기·전력변환기,8504,미국,169760640,12859830
2025-12,변압기·전력변환기,8504,베트남,26370548,654560
2025-12,변압기·전력변환기,8504,사우디아라비아,6800167,432048
2025-12,변압기·전력변환기,8504,싱가포르,1345944,40374
2025-12,변압기·전력변환기,8504,아랍에미리트,11010841,953374
2025-12,변압기·전력변환기,8504,영국,3559944,121557
2025-12,변압기·전력변환기,8504,인도,13960381,1124949
2025-12,변압기·전력변환기,8504,인도네시아,2763774,369892
2025-12,변압기·전력변환기,8504,일본,10996457,854484
2025-12,변압기·전력변환기,8504,전체,408051545,27107561
2025-12,변압기·전력변환기,8504,중국,21864088,993809
2025-12,변압기·전력변환기,8504,카자흐스탄,208660,3715
2025-12,변압기·전력변환기,8504,캐나다,3035384,164460
2025-12,변압기·전력변환기,8504,태국,1686779,84414
2025-12,변압기·전력변환기,8504,튀르키예,811125,20882
2025-12,변압기·전력변환기,8504,폴란드,1909140,38635
2025-12,변압기·전력변환기,8504,필리핀,2272621,275150
2025-12,변압기·전력변환기,8504,호주,988919,82296
2025-12,변압기·전력변환기,8504,홍콩,2237562,59180
2025-12,선박,8901,싱가포르,478862776,246263100
2025-12,선박,8901,일본,0,0
2025-12,선박,8901,전체,2833789412,948774700
2025-12,선박,8901,중국,0,0
2025-12,선박,8901,튀르키예,1850000,220000
2025-12,선박,8901,홍콩,0,0
2025-12,승용차,8703,네덜란드,127162850,7246275
2025-12,승용차,8703,대만,29031730,2133465
2025-12,승용차,8703,독일,147914355,8693877
2025-12,승용차,8703,러시아,25412429,2785844
2025-12,승용차,8703,멕시코,20318309,1743690
2025-12,승용차,8703,미국,2661657094,207826993
2025-12,승용차,8703,베트남,14276402,1288411
2025-12,승용차,8703,사우디아라비아,149100810,10450142
2025-12,승용차,8703,싱가포르,5474358,388380
2025-12,승용차,8703,아랍에미리트,64322406,13021527
2025-12,승용차,8703,영국,186768018,10215548
2025-12,승용차,8703,인도,159305,11203
2025-12,승용차,8703,인도네시아,0,0
2025-12,승용차,8703,일본,1805114,160047
2025-12,승용차,8703,전체,5587815030,463093003
2025-12,승용차,8703,중국,18240826,533481
2025-12,승용차,8703,카자흐스탄,51000258,4515344
2025-12,승용차,8703,캐나다,498372231,37739503
2025-12,승용차,8703,태국,125685,9910
2025-12,승용차,8703,튀르키예,17378533,1808247
2025-12,승용차,8703,폴란드,19098121,1427934
2025-12,승용차,8703,필리핀,1039343,92791
2025-12,승용차,8703,호주,275242847,20091626
2025-12,승용차,8703,홍콩,632428,65946
2025-12,시스템반도체,854231,네덜란드,1559207,765
2025-12,시스템반도체,854231,대만,353313880,95751
2025-12,시스템반도체,854231,독일,2108421,768
2025-12,시스템반도체,854231,말레이시아,117484794,49417
2025-12,시스템반도체,854231,멕시코,7855458,11170
2025-12,시스템반도체,854231,미국,65561236,24117
2025-12,시스템반도체,854231,베트남,727734582,91413
2025-12,시스템반도체,854231,싱가포르,336968413,70396
2025-12,시스템반도체,854231,아랍에미리트,73529,17
2025-12,시스템반도체,854231,영국,112863,171
2025-12,시스템반도체,854231,인도,121182023,21984
2025-12,시스템반도체,854231,인도네시아,10405158,4014
2025-12,시스템반도체,854231,일본,13434621,5687
2025-12,시스템반도체,854231,전체,2829640000,643058
2025-12,시스템반도체,854231,중국,804275639,143839
2025-12,시스템반도체,854231,캐나다,343695,124
2025-12,시스템반도체,854231,태국,21986955,13328
2025-12,시스템반도체,854231,튀르키예,1546491,111
2025-12,시스템반도체,854231,폴란드,25972788,12574
2025-12,시스템반도체,854231,필리핀,54500352,26260
2025-12,시스템반도체,854231,호주,22513,34
2025-12,시스템반도체,854231,홍콩,87330639,49165
2025-12,완제의약품,3004,네덜란드,373381,1588
2025-12,완제의약품,3004,대만,2046535,31961
2025-12,완제의약품,3004,독일,2015370,19021
2025-12,완제의약품,3004,러시아,844447,4263
2025-12,완제의약품,3004,말레이시아,872560,14153
2025-12,완제의약품,3004,멕시코,4151309,27230
2025-12,완제의약품,3004,미국,4113307,103678
2025-12,완제의약품,3004,베트남,18422183,919980
2025-12,완제의약품,3004,사우디아라비아,568364,53069
2025-12,완제의약품,3004,싱가포르,1133388,21544
2025-12,완제의약품,3004,아랍에미리트,1759195,20201
2025-12,완제의약품,3004,영국,209850,1037
2025-12,완제의약품,3004,인도,915957,4557
2025-12,완제의약품,3004,인도네시아,1417754,19343
2025-12,완제의약품,3004,일본,9530676,69274
2025-12,완제의약품,3004,전체,92283183,2224459
2025-12,완제의약품,3004,중국,8161296,135682
2025-12,완제의약품,3004,카자흐스탄,259782,1140
2025-12,완제의약품,3004,캐나다,4151,17
2025-12,완제의약품,3004,태국,3291738,77262
2025-12,완제의약품,3004,튀르키예,697539,2142
2025-12,완제의약품,3004,폴란드,183029,168
2025-12,완제의약품,3004,필리핀,2458604,68015
2025-12,완제의약품,3004,호주,744219,21587
2025-12,완제의약품,3004,홍콩,3350358,17803
2025-12,의료기기,9018,네덜란드,4004012,19940
2025-12,의료기기,9018,대만,7576537,65101
2025-12,의료기기,9018,독일,9541032,31626
2025-12,의료기기,9018,러시아,11439593,90808
2025-12,의료기기,9018,말레이시아,2619305,28670
2025-12,의료기기,9018,멕시코,3832912,61146
2025-12,의료기기,9018,미국,54818951,843247
2025-12,의료기기,9018,베트남,8446748,196290
2025-12,의료기기,9018,사우디아라비아,3741140,22480
2025-12,의료기기,9018,싱가포르,5936737,31242
2025-12,의료기기,9018,아랍에미리트,7515061,48650
2025-12,의료기기,9018,영국,4293517,30446
2025-12,의료기기,9018,인도,15083140,299048
2025-12,의료기기,9018,인도네시아,4310374,28955
2025-12,의료기기,9018,일본,20643417,92137
2025-12,의료기기,9018,전체,296951316,2812327
2025-12,의료기기,9018,중국,17040760,125030
2025-12,의료기기,9018,카자흐스탄,1611095,15586
2025-12,의료기기,9018,캐나다,2266906,15818
2025-12,의료기기,9018,태국,10428752,45401
2025-12,의료기기,9018,튀르키예,3782836,25555
2025-12,의료기기,9018,폴란드,5631045,26662
2025-12,의료기기,9018,필리핀,2585133,67978
2025-12,의료기기,9018,호주,3278917,18870
2025-12,의료기기,9018,홍콩,15397026,19370
2025-12,전선·케이블,8544,네덜란드,11683298,471941
2025-12,전선·케이블,8544,대만,12709559,974267
2025-12,전선·케이블,8544,독일,4764885,331488
2025-12,전선·케이블,8544,러시아,211671,12976
2025-12,전선·케이블,8544,말레이시아,5613847,340228
2025-12,전선·케이블,8544,멕시코,15428734,743805
2025-12,전선·케이블,8544,미국,101960195,12051600
2025-12,전선·케이블,8544,베트남,47649501,2888901
2025-12,전선·케이블,8544,사우디아라비아,678067,74442
2025-12,전선·케이블,8544,싱가포르,10830714,1039235
2025-12,전선·케이블,8544,아랍에미리트,3050474,278480
2025-12,전선·케이블,8544,영국,7781238,513324
2025-12,전선·케이블,8544,인도,5042868,256318
2025-12,전선·케이블,8544,인도네시아,4834603,356862
2025-12,전선·케이블,8544,일본,12204327,1178154
2025-12,전선·케이블,8544,전체,378512645,31144221
2025-12,전선·케이블,8544,중국,46273478,2651434
2025-12,전선·케이블,8544,카자흐스탄,1416783,29584
2025-12,전선·케이블,8544,캐나다,784589,26394
2025-12,전선·케이블,8544,태국,3022246,212015
2025-12,전선·케이블,8544,튀르키예,2737713,179905
2025-12,전선·케이블,8544,폴란드,2576748,117072
2025-12,전선·케이블,8544,필리핀,20473334,1611936
2025-12,전선·케이블,8544,호주,8279246,704038
2025-12,전선·케이블,8544,홍콩,1495499,148903
2025-12,태양광 모듈,854143,독일,0,0
2025-12,태양광 모듈,854143,말레이시아,194,34
2025-12,태양광 모듈,854143,미국,2514584,637983
2025-12,태양광 모듈,854143,베트남,3909,59
2025-12,태양광 모듈,854143,영국,0,0
2025-12,태양광 모듈,854143,인도네시아,92,7
2025-12,태양광 모듈,854143,일본,163593,40257
2025-12,태양광 모듈,854143,전체,3559085,1446896
2025-12,태양광 모듈,854143,중국,312331,105372
2025-12,태양광 모듈,854143,필리핀,2730,15000
2025-12,태양광 모듈,854143,홍콩,0,0
2025-12,화장품,3304,네덜란드,13759600,283794
2025-12,화장품,3304,대만,31626604,1816722
2025-12,화장품,3304,독일,7281028,226511
2025-12,화장품,3304,러시아,32324447,1037127
2025-12,화장품,3304,말레이시아,13653304,477885
2025-12,화장품,3304,멕시코,6346670,119064
2025-12,화장품,3304,미국,136512320,5340087
2025-12,화장품,3304,베트남,45634969,1380644
2025-12,화장품,3304,사우디아라비아,8129513,206836
2025-12,화장품,3304,싱가포르,10931342,249252
2025-12,화장품,3304,아랍에미리트,31189574,519445
2025-12,화장품,3304,영국,22548266,484894
2025-12,화장품,3304,인도,5458037,203258
2025-12,화장품,3304,인도네시아,16085074,467801
2025-12,화장품,3304,일본,73867466,2045587
2025-12,화장품,3304,전체,883670410,26960106
2025-12,화장품,3304,중국,126995145,3730150
2025-12,화장품,3304,카자흐스탄,11801980,368957
2025-12,화장품,3304,캐나다,17929565,542625
2025-12,화장품,3304,태국,20313576,554282
2025-12,화장품,3304,튀르키예,10802192,228663
2025-12,화장품,3304,폴란드,21651232,700661
2025-12,화장품,3304,필리핀,9659563,381482
2025-12,화장품,3304,호주,14480297,532802
2025-12,화장품,3304,홍콩,61885401,1492817
2026-01,라면,190230,네덜란드,9447143,2221598
2026-01,라면,190230,대만,3515401,1039923
2026-01,라면,190230,독일,3093927,838512
2026-01,라면,190230,러시아,6279238,1394170
2026-01,라면,190230,말레이시아,4644279,1033701
2026-01,라면,190230,멕시코,384852,83906
2026-01,라면,190230,미국,25277377,5715051
2026-01,라면,190230,베트남,2275311,663414
2026-01,라면,190230,사우디아라비아,1765618,382840
2026-01,라면,190230,싱가포르,1029211,243110
2026-01,라면,190230,아랍에미리트,2236236,493523
2026-01,라면,190230,영국,5696821,1237136
2026-01,라면,190230,인도,2566995,591738
2026-01,라면,190230,인도네시아,1729565,418068
2026-01,라면,190230,일본,7388716,2527573
2026-01,라면,190230,전체,139213666,34847370
2026-01,라면,190230,중국,24830835,6679786
2026-01,라면,190230,카자흐스탄,1194679,261317
2026-01,라면,190230,캐나다,3159947,976125
2026-01,라면,190230,태국,3768964,930632
2026-01,라면,190230,튀르키예,15769,7445
2026-01,라면,190230,폴란드,203129,78274
2026-01,라면,190230,필리핀,6404999,1381003
2026-01,라면,190230,호주,3139560,826776
2026-01,라면,190230,홍콩,2559049,800209
2026-01,리튬이온 배터리,850760,네덜란드,142117,3745
2026-01,리튬이온 배터리,850760,대만,2278876,105986
2026-01,리튬이온 배터리,850760,독일,14008152,244222
2026-01,리튬이온 배터리,850760,말레이시아,475100,15781
2026-01,리튬이온 배터리,850760,멕시코,2012330,70229
2026-01,리튬이온 배터리,850760,미국,137040786,5873640
2026-01,리튬이온 배터리,850760,베트남,13874555,210449
2026-01,리튬이온 배터리,850760,사우디아라비아,1839,53
2026-01,리튬이온 배터리,850760,싱가포르,574586,13338
2026-01,리튬이온 배터리,850760,아랍에미리트,4206107,130450
2026-01,리튬이온 배터리,850760,영국,234481,818
2026-01,리튬이온 배터리,850760,인도,20732686,1144972
2026-01,리튬이온 배터리,850760,인도네시아,933661,48111
2026-01,리튬이온 배터리,850760,일본,10417157,300900
2026-01,리튬이온 배터리,850760,전체,297511635,11303638
2026-01,리튬이온 배터리,850760,중국,35971526,1585076
2026-01,리튬이온 배터리,850760,카자흐스탄,57,1
2026-01,리튬이온 배터리,850760,캐나다,809219,19606
2026-01,리튬이온 배터리,850760,태국,49929,925
2026-01,리튬이온 배터리,850760,튀르키예,168486,4406
2026-01,리튬이온 배터리,850760,폴란드,4834714,79802
2026-01,리튬이온 배터리,850760,필리핀,44480,1173
2026-01,리튬이온 배터리,850760,호주,5148986,179614
2026-01,리튬이온 배터리,850760,홍콩,13045867,322904
2026-01,메모리 반도체,854232,네덜란드,10397176,389
2026-01,메모리 반도체,854232,대만,2468637077,27457
2026-01,메모리 반도체,854232,독일,20504884,739
2026-01,메모리 반도체,854232,말레이시아,60063997,1543
2026-01,메모리 반도체,854232,멕시코,12057689,1035
2026-01,메모리 반도체,854232,미국,88281524,1909
2026-01,메모리 반도체,854232,베트남,1199864378,42397
2026-01,메모리 반도체,854232,싱가포르,29121808,421
2026-01,메모리 반도체,854232,영국,826,2
2026-01,메모리 반도체,854232,인도,129810289,4874
2026-01,메모리 반도체,854232,인도네시아,46721395,1821
2026-01,메모리 반도체,854232,일본,82061228,1440
2026-01,메모리 반도체,854232,전체,12111963002,302637
2026-01,메모리 반도체,854232,중국,4934026496,124262
2026-01,메모리 반도체,854232,캐나다,1523761,3
2026-01,메모리 반도체,854232,태국,237804614,1809
2026-01,메모리 반도체,854232,튀르키예,5219284,129
2026-01,메모리 반도체,854232,폴란드,7598202,868
2026-01,메모리 반도체,854232,필리핀,416677073,8909
2026-01,메모리 반도체,854232,홍콩,2276080675,79106
2026-01,바이오의약품·톡신,3002,네덜란드,64708875,10460
2026-01,바이오의약품·톡신,3002,대만,806110,7228
2026-01,바이오의약품·톡신,3002,독일,76457806,5217
2026-01,바이오의약품·톡신,3002,러시아,1772970,4833
2026-01,바이오의약품·톡신,3002,말레이시아,1011842,14979
2026-01,바이오의약품·톡신,3002,멕시코,1604315,65421
2026-01,바이오의약품·톡신,3002,미국,73175552,12486
2026-01,바이오의약품·톡신,3002,베트남,6007139,39248
2026-01,바이오의약품·톡신,3002,사우디아라비아,1082874,1528
2026-01,바이오의약품·톡신,3002,싱가포르,701402,1072
2026-01,바이오의약품·톡신,3002,아랍에미리트,681337,1250
2026-01,바이오의약품·톡신,3002,영국,10183616,1048
2026-01,바이오의약품·톡신,3002,인도,597163,4230
2026-01,바이오의약품·톡신,3002,인도네시아,662547,2348
2026-01,바이오의약품·톡신,3002,일본,12025290,5814
2026-01,바이오의약품·톡신,3002,전체,659160250,437065
2026-01,바이오의약품·톡신,3002,중국,15285517,22449
2026-01,바이오의약품·톡신,3002,카자흐스탄,1293793,2347
2026-01,바이오의약품·톡신,3002,캐나다,5996550,4269
2026-01,바이오의약품·톡신,3002,태국,4311927,13719
2026-01,바이오의약품·톡신,3002,튀르키예,1343399,659
2026-01,바이오의약품·톡신,3002,폴란드,526024,789
2026-01,바이오의약품·톡신,3002,필리핀,1534625,8639
2026-01,바이오의약품·톡신,3002,호주,4872075,6021
2026-01,바이오의약품·톡신,3002,홍콩,874934,1651
2026-01,반도체 장비,8486,네덜란드,25505529,28681
2026-01,반도체 장비,8486,대만,97488911,408701
2026-01,반도체 장비,8486,독일,3124734,9472
2026-01,반도체 장비,8486,러시아,0,0
2026-01,반도체 장비,8486,말레이시아,21365496,130814
2026-01,반도체 장비,8486,멕시코,75755,404
2026-01,반도체 장비,8486,미국,66702819,321232
2026-01,반도체 장비,8486,베트남,15490790,271789
2026-01,반도체 장비,8486,사우디아라비아,3500,15
2026-01,반도체 장비,8486,싱가포르,78337462,515238
2026-01,반도체 장비,8486,영국,2161987,9519
2026-01,반도체 장비,8486,인도,10759505,85039
2026-01,반도체 장비,8486,인도네시아,48993,68
2026-01,반도체 장비,8486,일본,52020762,230224
2026-01,반도체 장비,8486,전체,648476305,5139102
2026-01,반도체 장비,8486,중국,262008908,3098889
2026-01,반도체 장비,8486,캐나다,3820,4
2026-01,반도체 장비,8486,태국,620644,1439
2026-01,반도체 장비,8486,튀르키예,148000,950
2026-01,반도체 장비,8486,폴란드,2995,834
2026-01,반도체 장비,8486,필리핀,1382666,4549
2026-01,반도체 장비,8486,호주,0,0
2026-01,반도체 장비,8486,홍콩,1517818,1237
2026-01,변압기·전력변환기,8504,네덜란드,3861414,52808
2026-01,변압기·전력변환기,8504,대만,4134019,377483
2026-01,변압기·전력변환기,8504,독일,4155334,28422
2026-01,변압기·전력변환기,8504,러시아,348,2
2026-01,변압기·전력변환기,8504,말레이시아,1950180,72323
2026-01,변압기·전력변환기,8504,멕시코,5456281,112652
2026-01,변압기·전력변환기,8504,미국,227543788,14632116
2026-01,변압기·전력변환기,8504,베트남,30813372,592728
2026-01,변압기·전력변환기,8504,사우디아라비아,369100,12138
2026-01,변압기·전력변환기,8504,싱가포르,1238201,11545
2026-01,변압기·전력변환기,8504,아랍에미리트,1899841,111954
2026-01,변압기·전력변환기,8504,영국,578432,6609
2026-01,변압기·전력변환기,8504,인도,7763277,269532
2026-01,변압기·전력변환기,8504,인도네시아,3142768,222944
2026-01,변압기·전력변환기,8504,일본,6542979,458874
2026-01,변압기·전력변환기,8504,전체,366724145,20218857
2026-01,변압기·전력변환기,8504,중국,21334452,876564
2026-01,변압기·전력변환기,8504,카자흐스탄,2034,605
2026-01,변압기·전력변환기,8504,캐나다,2112086,70659
2026-01,변압기·전력변환기,8504,태국,3661103,250920
2026-01,변압기·전력변환기,8504,튀르키예,628585,17958
2026-01,변압기·전력변환기,8504,폴란드,1882336,45892
2026-01,변압기·전력변환기,8504,필리핀,2607114,297771
2026-01,변압기·전력변환기,8504,호주,5866938,473195
2026-01,변압기·전력변환기,8504,홍콩,1668147,39461
2026-01,선박,8901,대만,1830000,1880000
2026-01,선박,8901,독일,0,0
2026-01,선박,8901,말레이시아,1700000,1599000
2026-01,선박,8901,베트남,0,0
2026-01,선박,8901,싱가포르,437502873,112285700
2026-01,선박,8901,아랍에미리트,2054654,2006000
2026-01,선박,8901,일본,321,10
2026-01,선박,8901,전체,2214926125,704938110
2026-01,선박,8901,중국,40000000,54519000
2026-01,선박,8901,호주,38000000,48824000
2026-01,승용차,8703,네덜란드,80258433,4893604
2026-01,승용차,8703,대만,24770811,1751022
2026-01,승용차,8703,독일,167388785,9912508
2026-01,승용차,8703,러시아,26342755,2808212
2026-01,승용차,8703,멕시코,56359127,4009108
2026-01,승용차,8703,미국,2657979197,208098550
2026-01,승용차,8703,베트남,9495614,879218
2026-01,승용차,8703,사우디아라비아,54741563,4063441
2026-01,승용차,8703,싱가포르,4312854,273689
2026-01,승용차,8703,아랍에미리트,58518501,8578017
2026-01,승용차,8703,영국,319310410,17417416
2026-01,승용차,8703,인도,532158,21217
2026-01,승용차,8703,인도네시아,11449507,683658
2026-01,승용차,8703,일본,1685917,173124
2026-01,승용차,8703,전체,5743614191,461118490
2026-01,승용차,8703,중국,26376269,718742
2026-01,승용차,8703,카자흐스탄,37191823,3596546
2026-01,승용차,8703,캐나다,630711912,46328573
2026-01,승용차,8703,태국,1710647,133620
2026-01,승용차,8703,튀르키예,75033022,4656022
2026-01,승용차,8703,폴란드,28949129,1874915
2026-01,승용차,8703,필리핀,841005,109784
2026-01,승용차,8703,호주,278406055,19976078
2026-01,승용차,8703,홍콩,794928,49653
2026-01,시스템반도체,854231,네덜란드,3497669,1758
2026-01,시스템반도체,854231,대만,307731737,82018
2026-01,시스템반도체,854231,독일,1854238,621
2026-01,시스템반도체,854231,말레이시아,110205493,43953
2026-01,시스템반도체,854231,멕시코,14054327,8348
2026-01,시스템반도체,854231,미국,43413385,13418
2026-01,시스템반도체,854231,베트남,1130135937,106010
2026-01,시스템반도체,854231,싱가포르,361176655,81309
2026-01,시스템반도체,854231,아랍에미리트,205340,91
2026-01,시스템반도체,854231,영국,139933,81
2026-01,시스템반도체,854231,인도,145837262,25944
2026-01,시스템반도체,854231,인도네시아,17987407,4199
2026-01,시스템반도체,854231,일본,35467230,10990
2026-01,시스템반도체,854231,전체,3399220103,645434
2026-01,시스템반도체,854231,중국,915255303,142476
2026-01,시스템반도체,854231,캐나다,7802305,350
2026-01,시스템반도체,854231,태국,34500597,16637
2026-01,시스템반도체,854231,튀르키예,1629539,66
2026-01,시스템반도체,854231,폴란드,11231518,5011
2026-01,시스템반도체,854231,필리핀,44078390,20882
2026-01,시스템반도체,854231,호주,10712,13
2026-01,시스템반도체,854231,홍콩,115987743,56761
2026-01,완제의약품,3004,네덜란드,199985,31
2026-01,완제의약품,3004,대만,1128567,23005
2026-01,완제의약품,3004,독일,1314554,10523
2026-01,완제의약품,3004,러시아,966639,7299
2026-01,완제의약품,3004,말레이시아,1727782,5333
2026-01,완제의약품,3004,멕시코,2960143,20541
2026-01,완제의약품,3004,미국,2310004,57199
2026-01,완제의약품,3004,베트남,6100257,316773
2026-01,완제의약품,3004,사우디아라비아,583234,1452
2026-01,완제의약품,3004,싱가포르,524036,3488
2026-01,완제의약품,3004,아랍에미리트,903593,28048
2026-01,완제의약품,3004,영국,399064,1968
2026-01,완제의약품,3004,인도,157042,179
2026-01,완제의약품,3004,인도네시아,761417,8904
2026-01,완제의약품,3004,일본,9781011,104349
2026-01,완제의약품,3004,전체,63987797,1097138
2026-01,완제의약품,3004,중국,5397895,20995
2026-01,완제의약품,3004,카자흐스탄,404563,4966
2026-01,완제의약품,3004,캐나다,171731,4473
2026-01,완제의약품,3004,태국,4776206,23975
2026-01,완제의약품,3004,튀르키예,305183,989
2026-01,완제의약품,3004,폴란드,383265,802
2026-01,완제의약품,3004,필리핀,3669718,55763
2026-01,완제의약품,3004,호주,389718,2129
2026-01,완제의약품,3004,홍콩,1655375,18326
2026-01,의료기기,9018,네덜란드,4277093,37061
2026-01,의료기기,9018,대만,5216812,33218
2026-01,의료기기,9018,독일,7346998,32745
2026-01,의료기기,9018,러시아,6913056,68557
2026-01,의료기기,9018,말레이시아,1428483,17929
2026-01,의료기기,9018,멕시코,1745991,38335
2026-01,의료기기,9018,미국,43579751,678385
2026-01,의료기기,9018,베트남,4523617,123741
2026-01,의료기기,9018,사우디아라비아,5748690,50243
2026-01,의료기기,9018,싱가포르,2837067,12947
2026-01,의료기기,9018,아랍에미리트,8095066,27004
2026-01,의료기기,9018,영국,3953418,24122
2026-01,의료기기,9018,인도,10921787,184137
2026-01,의료기기,9018,인도네시아,2903869,41312
2026-01,의료기기,9018,일본,15818702,118031
2026-01,의료기기,9018,전체,224000085,2174384
2026-01,의료기기,9018,중국,14006001,77941
2026-01,의료기기,9018,카자흐스탄,710555,5793
2026-01,의료기기,9018,캐나다,1810158,7908
2026-01,의료기기,9018,태국,3844829,27294
2026-01,의료기기,9018,튀르키예,1863655,10346
2026-01,의료기기,9018,폴란드,3940715,25546
2026-01,의료기기,9018,필리핀,1863001,41756
2026-01,의료기기,9018,호주,2667213,31030
2026-01,의료기기,9018,홍콩,2739323,9921
2026-01,전선·케이블,8544,네덜란드,284915,4904
2026-01,전선·케이블,8544,대만,4028749,307913
2026-01,전선·케이블,8544,독일,3708520,252838
2026-01,전선·케이블,8544,러시아,211538,13348
2026-01,전선·케이블,8544,말레이시아,1345464,24152
2026-01,전선·케이블,8544,멕시코,15816906,859863
2026-01,전선·케이블,8544,미국,122395840,13377502
2026-01,전선·케이블,8544,베트남,54095729,3123805
2026-01,전선·케이블,8544,사우디아라비아,1438412,205279
2026-01,전선·케이블,8544,싱가포르,11825887,980410
2026-01,전선·케이블,8544,아랍에미리트,2759622,204710
2026-01,전선·케이블,8544,영국,14346778,1066082
2026-01,전선·케이블,8544,인도,4963566,246321
2026-01,전선·케이블,8544,인도네시아,3836303,262007
2026-01,전선·케이블,8544,일본,11312766,978583
2026-01,전선·케이블,8544,전체,378663658,31080235
2026-01,전선·케이블,8544,중국,45798873,2755825
2026-01,전선·케이블,8544,카자흐스탄,3081,19
2026-01,전선·케이블,8544,캐나다,18748618,1582703
2026-01,전선·케이블,8544,태국,3826269,353786
2026-01,전선·케이블,8544,튀르키예,3622256,223071
2026-01,전선·케이블,8544,폴란드,2974911,111742
2026-01,전선·케이블,8544,필리핀,19748221,1471079
2026-01,전선·케이블,8544,호주,3052941,264305
2026-01,전선·케이블,8544,홍콩,1183813,175278
2026-01,태양광 모듈,854143,독일,101,1
2026-01,태양광 모듈,854143,미국,6374515,1699190
2026-01,태양광 모듈,854143,베트남,271347,75
2026-01,태양광 모듈,854143,싱가포르,28300,55
2026-01,태양광 모듈,854143,일본,186612,45180
2026-01,태양광 모듈,854143,전체,7527154,2033617
2026-01,태양광 모듈,854143,중국,878,105
2026-01,태양광 모듈,854143,태국,0,0
2026-01,태양광 모듈,854143,필리핀,2796,15000
2026-01,화장품,3304,네덜란드,11483507,395071
2026-01,화장품,3304,대만,24961063,1515275
2026-01,화장품,3304,독일,7036892,227226
2026-01,화장품,3304,러시아,26357385,879760
2026-01,화장품,3304,말레이시아,10469899,330761
2026-01,화장품,3304,멕시코,4234727,84436
2026-01,화장품,3304,미국,151493438,5500614
2026-01,화장품,3304,베트남,36137555,1079556
2026-01,화장품,3304,사우디아라비아,6274276,154110
2026-01,화장품,3304,싱가포르,9656191,251143
2026-01,화장품,3304,아랍에미리트,16582887,366931
2026-01,화장품,3304,영국,22505642,511557
2026-01,화장품,3304,인도,6298090,209578
2026-01,화장품,3304,인도네시아,10635154,319800
2026-01,화장품,3304,일본,78655427,2247594
2026-01,화장품,3304,전체,841079422,25923026
2026-01,화장품,3304,중국,155617140,4436507
2026-01,화장품,3304,카자흐스탄,9987284,294059
2026-01,화장품,3304,캐나다,15328040,468480
2026-01,화장품,3304,태국,14674443,487668
2026-01,화장품,3304,튀르키예,7872819,178987
2026-01,화장품,3304,폴란드,18498254,500753
2026-01,화장품,3304,필리핀,7710510,303366
2026-01,화장품,3304,호주,13251154,448142
2026-01,화장품,3304,홍콩,53477370,1165112
2026-02,라면,190230,네덜란드,8598592,2014260
2026-02,라면,190230,대만,3261658,975841
2026-02,라면,190230,독일,4240138,1142885
2026-02,라면,190230,러시아,4546609,964956
2026-02,라면,190230,말레이시아,5058218,1035445
2026-02,라면,190230,멕시코,4184389,949853
2026-02,라면,190230,미국,30203430,6868408
2026-02,라면,190230,베트남,2873571,743408
2026-02,라면,190230,사우디아라비아,1830757,395334
2026-02,라면,190230,싱가포르,842740,189300
2026-02,라면,190230,아랍에미리트,2200091,508803
2026-02,라면,190230,영국,9911425,2193597
2026-02,라면,190230,인도,1906445,464486
2026-02,라면,190230,인도네시아,2145215,500252
2026-02,라면,190230,일본,6775199,2235409
2026-02,라면,190230,전체,150334207,37017595
2026-02,라면,190230,중국,24288158,6642794
2026-02,라면,190230,카자흐스탄,1543875,339940
2026-02,라면,190230,캐나다,4668895,1338345
2026-02,라면,190230,태국,3497491,858987
2026-02,라면,190230,튀르키예,9858,1849
2026-02,라면,190230,폴란드,494552,149456
2026-02,라면,190230,필리핀,6761231,1519233
2026-02,라면,190230,호주,3018534,779712
2026-02,라면,190230,홍콩,2108766,665548
2026-02,리튬이온 배터리,850760,네덜란드,166997,3692
2026-02,리튬이온 배터리,850760,대만,327731,13211
2026-02,리튬이온 배터리,850760,독일,7904188,234634
2026-02,리튬이온 배터리,850760,말레이시아,2475,569
2026-02,리튬이온 배터리,850760,멕시코,1738565,63179
2026-02,리튬이온 배터리,850760,미국,241619232,9813800
2026-02,리튬이온 배터리,850760,베트남,8661121,152611
2026-02,리튬이온 배터리,850760,사우디아라비아,9115,34
2026-02,리튬이온 배터리,850760,싱가포르,1177101,37059
2026-02,리튬이온 배터리,850760,아랍에미리트,738612,22845
2026-02,리튬이온 배터리,850760,영국,2764727,80069
2026-02,리튬이온 배터리,850760,인도,14954363,747463
2026-02,리튬이온 배터리,850760,인도네시아,81690,749
2026-02,리튬이온 배터리,850760,일본,9246179,354961
2026-02,리튬이온 배터리,850760,전체,365989011,13866532
2026-02,리튬이온 배터리,850760,중국,33395897,1244621
2026-02,리튬이온 배터리,850760,카자흐스탄,4295,22
2026-02,리튬이온 배터리,850760,캐나다,954880,21895
2026-02,리튬이온 배터리,850760,태국,46181,526
2026-02,리튬이온 배터리,850760,튀르키예,1141,15
2026-02,리튬이온 배터리,850760,폴란드,3515632,33569
2026-02,리튬이온 배터리,850760,필리핀,8614,41
2026-02,리튬이온 배터리,850760,호주,3757477,123706
2026-02,리튬이온 배터리,850760,홍콩,18066626,402329
2026-02,메모리 반도체,854232,네덜란드,14811915,423
2026-02,메모리 반도체,854232,대만,3003111008,27937
2026-02,메모리 반도체,854232,독일,31180185,925
2026-02,메모리 반도체,854232,말레이시아,910952085,4112
2026-02,메모리 반도체,854232,멕시코,27184708,1907
2026-02,메모리 반도체,854232,미국,118438959,1994
2026-02,메모리 반도체,854232,베트남,1582047381,38554
2026-02,메모리 반도체,854232,싱가포르,475564320,3231
2026-02,메모리 반도체,854232,영국,1030509,13
2026-02,메모리 반도체,854232,인도,209553510,2756
2026-02,메모리 반도체,854232,인도네시아,58370788,1789
2026-02,메모리 반도체,854232,일본,94528804,1624
2026-02,메모리 반도체,854232,전체,15810749933,287911
2026-02,메모리 반도체,854232,중국,5598712843,105994
2026-02,메모리 반도체,854232,캐나다,23083057,149
2026-02,메모리 반도체,854232,태국,89420130,2596
2026-02,메모리 반도체,854232,튀르키예,5481819,161
2026-02,메모리 반도체,854232,폴란드,10255214,1597
2026-02,메모리 반도체,854232,필리핀,392757351,7492
2026-02,메모리 반도체,854232,호주,126,1
2026-02,메모리 반도체,854232,홍콩,3024914838,80699
2026-02,바이오의약품·톡신,3002,네덜란드,68682577,6189
2026-02,바이오의약품·톡신,3002,대만,2080828,1205
2026-02,바이오의약품·톡신,3002,독일,84671862,5147
2026-02,바이오의약품·톡신,3002,러시아,133283,247
2026-02,바이오의약품·톡신,3002,말레이시아,3635697,17896
2026-02,바이오의약품·톡신,3002,멕시코,47640,95
2026-02,바이오의약품·톡신,3002,미국,129474766,15529
2026-02,바이오의약품·톡신,3002,베트남,2764219,18094
2026-02,바이오의약품·톡신,3002,사우디아라비아,8590020,4615
2026-02,바이오의약품·톡신,3002,싱가포르,1434570,511
2026-02,바이오의약품·톡신,3002,아랍에미리트,718418,5457
2026-02,바이오의약품·톡신,3002,영국,179464,156
2026-02,바이오의약품·톡신,3002,인도,829745,7897
2026-02,바이오의약품·톡신,3002,인도네시아,817050,5560
2026-02,바이오의약품·톡신,3002,일본,15340412,11208
2026-02,바이오의약품·톡신,3002,전체,687053964,349674
2026-02,바이오의약품·톡신,3002,중국,9664679,16902
2026-02,바이오의약품·톡신,3002,카자흐스탄,1449235,1911
2026-02,바이오의약품·톡신,3002,캐나다,15044037,8567
2026-02,바이오의약품·톡신,3002,태국,5494260,20873
2026-02,바이오의약품·톡신,3002,튀르키예,24804501,4251
2026-02,바이오의약품·톡신,3002,폴란드,163355,378
2026-02,바이오의약품·톡신,3002,필리핀,2377254,10963
2026-02,바이오의약품·톡신,3002,호주,8144376,5561
2026-02,바이오의약품·톡신,3002,홍콩,286531,390
2026-02,반도체 장비,8486,네덜란드,48338961,21606
2026-02,반도체 장비,8486,대만,149584667,429077
2026-02,반도체 장비,8486,독일,1943500,18352
2026-02,반도체 장비,8486,말레이시아,13946003,38717
2026-02,반도체 장비,8486,멕시코,33752,632
2026-02,반도체 장비,8486,미국,82981220,308488
2026-02,반도체 장비,8486,베트남,16727693,390645
2026-02,반도체 장비,8486,사우디아라비아,2855,23
2026-02,반도체 장비,8486,싱가포르,61037664,450514
2026-02,반도체 장비,8486,영국,2914273,13413
2026-02,반도체 장비,8486,인도,8460741,75698
2026-02,반도체 장비,8486,인도네시아,471459,2085
2026-02,반도체 장비,8486,일본,48002785,209356
2026-02,반도체 장비,8486,전체,697097070,4422307
2026-02,반도체 장비,8486,중국,248376085,2381757
2026-02,반도체 장비,8486,캐나다,18843,226
2026-02,반도체 장비,8486,태국,1573360,16834
2026-02,반도체 장비,8486,폴란드,1100,18
2026-02,반도체 장비,8486,필리핀,3008507,28143
2026-02,반도체 장비,8486,홍콩,707750,785
2026-02,변압기·전력변환기,8504,네덜란드,4287299,65395
2026-02,변압기·전력변환기,8504,대만,2059260,143111
2026-02,변압기·전력변환기,8504,독일,2637200,15750
2026-02,변압기·전력변환기,8504,러시아,423,1
2026-02,변압기·전력변환기,8504,말레이시아,8025831,787178
2026-02,변압기·전력변환기,8504,멕시코,4444463,101419
2026-02,변압기·전력변환기,8504,미국,155944661,9991044
2026-02,변압기·전력변환기,8504,베트남,24167234,497960
2026-02,변압기·전력변환기,8504,사우디아라비아,1080923,48894
2026-02,변압기·전력변환기,8504,싱가포르,1253755,30974
2026-02,변압기·전력변환기,8504,아랍에미리트,3684056,243315
2026-02,변압기·전력변환기,8504,영국,8576063,613921
2026-02,변압기·전력변환기,8504,인도,6737975,364616
2026-02,변압기·전력변환기,8504,인도네시아,4042641,137797
2026-02,변압기·전력변환기,8504,일본,7184275,411313
2026-02,변압기·전력변환기,8504,전체,319475466,17531957
2026-02,변압기·전력변환기,8504,중국,19256613,896640
2026-02,변압기·전력변환기,8504,카자흐스탄,43374,1511
2026-02,변압기·전력변환기,8504,캐나다,9685801,461443
2026-02,변압기·전력변환기,8504,태국,5123022,469680
2026-02,변압기·전력변환기,8504,튀르키예,575569,12460
2026-02,변압기·전력변환기,8504,폴란드,2370848,41727
2026-02,변압기·전력변환기,8504,필리핀,6099713,276388
2026-02,변압기·전력변환기,8504,호주,6122023,473174
2026-02,변압기·전력변환기,8504,홍콩,1594568,39263
2026-02,선박,8901,대만,1397874,1186436
2026-02,선박,8901,싱가포르,477144350,248384400
2026-02,선박,8901,아랍에미리트,140,6
2026-02,선박,8901,일본,0,0
2026-02,선박,8901,전체,2101450976,631464242
2026-02,선박,8901,중국,0,0
2026-02,선박,8901,태국,0,0
2026-02,선박,8901,튀르키예,1270000,226000
2026-02,승용차,8703,네덜란드,93873056,5543802
2026-02,승용차,8703,대만,21138929,1352072
2026-02,승용차,8703,독일,111109347,6770575
2026-02,승용차,8703,러시아,30258702,3057553
2026-02,승용차,8703,말레이시아,8000,1450
2026-02,승용차,8703,멕시코,56178027,4182225
2026-02,승용차,8703,미국,1947318360,154067847
2026-02,승용차,8703,베트남,5589066,569766
2026-02,승용차,8703,사우디아라비아,47874260,3679641
2026-02,승용차,8703,싱가포르,830968,60825
2026-02,승용차,8703,아랍에미리트,34381130,7039073
2026-02,승용차,8703,영국,244331359,12533362
2026-02,승용차,8703,인도,971196,38380
2026-02,승용차,8703,인도네시아,5179590,317952
2026-02,승용차,8703,일본,1536650,139693
2026-02,승용차,8703,전체,4503104683,364535189
2026-02,승용차,8703,중국,11644321,329178
2026-02,승용차,8703,카자흐스탄,44367007,3690011
2026-02,승용차,8703,캐나다,468565925,34490090
2026-02,승용차,8703,태국,26724,990
2026-02,승용차,8703,튀르키예,91828642,5818866
2026-02,승용차,8703,폴란드,31423387,2051349
2026-02,승용차,8703,필리핀,1309,1300
2026-02,승용차,8703,호주,221556329,15373908
2026-02,승용차,8703,홍콩,985685,49495
2026-02,시스템반도체,854231,네덜란드,4000285,1577
2026-02,시스템반도체,854231,대만,242410768,68126
2026-02,시스템반도체,854231,독일,2357646,711
2026-02,시스템반도체,854231,말레이시아,120462860,40498
2026-02,시스템반도체,854231,멕시코,13191854,7968
2026-02,시스템반도체,854231,미국,60609236,17571
2026-02,시스템반도체,854231,베트남,945872721,90792
2026-02,시스템반도체,854231,싱가포르,349932641,69768
2026-02,시스템반도체,854231,아랍에미리트,111420,67
2026-02,시스템반도체,854231,영국,236231,152
2026-02,시스템반도체,854231,인도,139293729,29954
2026-02,시스템반도체,854231,인도네시아,25503511,4764
2026-02,시스템반도체,854231,일본,29487346,11174
2026-02,시스템반도체,854231,전체,2899267496,574477
2026-02,시스템반도체,854231,중국,702591210,120774
2026-02,시스템반도체,854231,캐나다,2777075,142
2026-02,시스템반도체,854231,태국,26121405,16149
2026-02,시스템반도체,854231,튀르키예,1008116,149
2026-02,시스템반도체,854231,폴란드,11027538,3750
2026-02,시스템반도체,854231,필리핀,44086263,24631
2026-02,시스템반도체,854231,호주,3001,3
2026-02,시스템반도체,854231,홍콩,77620461,40452
2026-02,완제의약품,3004,네덜란드,12589,644
2026-02,완제의약품,3004,대만,1001488,9555
2026-02,완제의약품,3004,독일,1204022,8153
2026-02,완제의약품,3004,러시아,301780,2512
2026-02,완제의약품,3004,말레이시아,1326011,7824
2026-02,완제의약품,3004,멕시코,2581040,13700
2026-02,완제의약품,3004,미국,1126556,25414
2026-02,완제의약품,3004,베트남,7742518,453913
2026-02,완제의약품,3004,사우디아라비아,56439,1239
2026-02,완제의약품,3004,싱가포르,576275,11039
2026-02,완제의약품,3004,아랍에미리트,3040003,17928
2026-02,완제의약품,3004,영국,173106,1270
2026-02,완제의약품,3004,인도,168008,139
2026-02,완제의약품,3004,인도네시아,1385278,9179
2026-02,완제의약품,3004,일본,11658555,87088
2026-02,완제의약품,3004,전체,63449635,1208723
2026-02,완제의약품,3004,중국,2087048,15514
2026-02,완제의약품,3004,카자흐스탄,396806,5987
2026-02,완제의약품,3004,캐나다,2397,2
2026-02,완제의약품,3004,태국,4109023,29334
2026-02,완제의약품,3004,튀르키예,250954,153
2026-02,완제의약품,3004,폴란드,182827,353
2026-02,완제의약품,3004,필리핀,4200363,87094
2026-02,완제의약품,3004,호주,235797,2449
2026-02,완제의약품,3004,홍콩,1085439,10378
2026-02,의료기기,9018,네덜란드,3796615,23654
2026-02,의료기기,9018,대만,3843041,28864
2026-02,의료기기,9018,독일,6464845,26619
2026-02,의료기기,9018,러시아,4870128,81363
2026-02,의료기기,9018,말레이시아,2211063,29972
2026-02,의료기기,9018,멕시코,3372978,84829
2026-02,의료기기,9018,미국,46712889,604550
2026-02,의료기기,9018,베트남,3657676,65581
2026-02,의료기기,9018,사우디아라비아,3791339,21902
2026-02,의료기기,9018,싱가포르,2483578,14785
2026-02,의료기기,9018,아랍에미리트,8317175,36561
2026-02,의료기기,9018,영국,4851081,21523
2026-02,의료기기,9018,인도,11785540,200230
2026-02,의료기기,9018,인도네시아,2062844,12662
2026-02,의료기기,9018,일본,18495554,100976
2026-02,의료기기,9018,전체,210505817,1973153
2026-02,의료기기,9018,중국,11180926,83609
2026-02,의료기기,9018,카자흐스탄,976745,10241
2026-02,의료기기,9018,캐나다,3366546,15116
2026-02,의료기기,9018,태국,6999049,42211
2026-02,의료기기,9018,튀르키예,2003708,10005
2026-02,의료기기,9018,폴란드,3867340,17097
2026-02,의료기기,9018,필리핀,1926680,31868
2026-02,의료기기,9018,호주,2616090,20246
2026-02,의료기기,9018,홍콩,1760263,8758
2026-02,전선·케이블,8544,네덜란드,452596,4033
2026-02,전선·케이블,8544,대만,30541222,3965792
2026-02,전선·케이블,8544,독일,1917204,87994
2026-02,전선·케이블,8544,러시아,317652,12976
2026-02,전선·케이블,8544,말레이시아,4056202,229708
2026-02,전선·케이블,8544,멕시코,12270369,691549
2026-02,전선·케이블,8544,미국,75769254,8859473
2026-02,전선·케이블,8544,베트남,49200973,2807876
2026-02,전선·케이블,8544,사우디아라비아,2083104,141394
2026-02,전선·케이블,8544,싱가포르,16226100,1449132
2026-02,전선·케이블,8544,아랍에미리트,10177247,1043323
2026-02,전선·케이블,8544,영국,13978705,1033272
2026-02,전선·케이블,8544,인도,5147954,236611
2026-02,전선·케이블,8544,인도네시아,4392349,303702
2026-02,전선·케이블,8544,일본,10558324,814385
2026-02,전선·케이블,8544,전체,332084924,28022169
2026-02,전선·케이블,8544,중국,38116786,2256370
2026-02,전선·케이블,8544,카자흐스탄,471567,9296
2026-02,전선·케이블,8544,캐나다,5135984,521583
2026-02,전선·케이블,8544,태국,3590490,295264
2026-02,전선·케이블,8544,튀르키예,4411521,324878
2026-02,전선·케이블,8544,폴란드,2367994,89856
2026-02,전선·케이블,8544,필리핀,15940515,1138594
2026-02,전선·케이블,8544,호주,3553606,268217
2026-02,전선·케이블,8544,홍콩,1110995,172906
2026-02,태양광 모듈,854143,독일,19249,380
2026-02,태양광 모듈,854143,미국,5242260,1408861
2026-02,태양광 모듈,854143,베트남,196759,468
2026-02,태양광 모듈,854143,인도,5149,20
2026-02,태양광 모듈,854143,일본,4849,263
2026-02,태양광 모듈,854143,전체,6060782,1855749
2026-02,태양광 모듈,854143,중국,44568,84886
2026-02,태양광 모듈,854143,태국,0,0
2026-02,태양광 모듈,854143,튀르키예,34061,43271
2026-02,태양광 모듈,854143,필리핀,0,0
2026-02,화장품,3304,네덜란드,12506908,273572
2026-02,화장품,3304,대만,16419966,891782
2026-02,화장품,3304,독일,12322482,316433
2026-02,화장품,3304,러시아,30336036,940035
2026-02,화장품,3304,말레이시아,7988870,268181
2026-02,화장품,3304,멕시코,5273986,116989
2026-02,화장품,3304,미국,148062595,5027759
2026-02,화장품,3304,베트남,31168699,1105004
2026-02,화장품,3304,사우디아라비아,6808279,145315
2026-02,화장품,3304,싱가포르,8536464,219714
2026-02,화장품,3304,아랍에미리트,17499137,362969
2026-02,화장품,3304,영국,19057384,473520
2026-02,화장품,3304,인도,6618013,235538
2026-02,화장품,3304,인도네시아,10151927,279884
2026-02,화장품,3304,일본,70395978,1873367
2026-02,화장품,3304,전체,750594759,22924812
2026-02,화장품,3304,중국,91414768,3053437
2026-02,화장품,3304,카자흐스탄,10032485,331949
2026-02,화장품,3304,캐나다,12263494,384254
2026-02,화장품,3304,태국,16709747,560072
2026-02,화장품,3304,튀르키예,8652972,229154
2026-02,화장품,3304,폴란드,20707738,648051
2026-02,화장품,3304,필리핀,6015203,340874
2026-02,화장품,3304,호주,12602768,475011
2026-02,화장품,3304,홍콩,53264801,1192369
2026-03,라면,190230,네덜란드,11146584,2691758
2026-03,라면,190230,대만,1998797,569173
2026-03,라면,190230,독일,4835024,1271036
2026-03,라면,190230,러시아,4540093,934497
2026-03,라면,190230,말레이시아,4991403,1095288
2026-03,라면,190230,멕시코,5774628,1201940
2026-03,라면,190230,미국,35440286,8134867
2026-03,라면,190230,베트남,3458489,944549
2026-03,라면,190230,사우디아라비아,2262404,505334
2026-03,라면,190230,싱가포르,1195187,279481
2026-03,라면,190230,아랍에미리트,2204465,506258
2026-03,라면,190230,영국,8597771,1871316
2026-03,라면,190230,인도,2027510,493578
2026-03,라면,190230,인도네시아,2397490,571081
2026-03,라면,190230,일본,8195528,2805550
2026-03,라면,190230,전체,176438906,43941352
2026-03,라면,190230,중국,37827939,10380940
2026-03,라면,190230,카자흐스탄,2547517,510667
2026-03,라면,190230,캐나다,4997500,1348227
2026-03,라면,190230,태국,3634231,904566
2026-03,라면,190230,튀르키예,0,0
2026-03,라면,190230,폴란드,669751,224560
2026-03,라면,190230,필리핀,7961351,1723035
2026-03,라면,190230,호주,3536865,903326
2026-03,라면,190230,홍콩,2390569,762129
2026-03,리튬이온 배터리,850760,네덜란드,235262,9135
2026-03,리튬이온 배터리,850760,대만,2400544,90917
2026-03,리튬이온 배터리,850760,독일,13907863,405473
2026-03,리튬이온 배터리,850760,말레이시아,177478,6135
2026-03,리튬이온 배터리,850760,멕시코,927176,31877
2026-03,리튬이온 배터리,850760,미국,372394722,14865614
2026-03,리튬이온 배터리,850760,베트남,10992797,228754
2026-03,리튬이온 배터리,850760,싱가포르,592458,23340
2026-03,리튬이온 배터리,850760,아랍에미리트,6992,126
2026-03,리튬이온 배터리,850760,영국,18362842,616824
2026-03,리튬이온 배터리,850760,인도,15313303,806770
2026-03,리튬이온 배터리,850760,인도네시아,7441,189
2026-03,리튬이온 배터리,850760,일본,5183145,197357
2026-03,리튬이온 배터리,850760,전체,544086504,20578555
2026-03,리튬이온 배터리,850760,중국,36994467,1382675
2026-03,리튬이온 배터리,850760,카자흐스탄,2023,37
2026-03,리튬이온 배터리,850760,캐나다,417350,16347
2026-03,리튬이온 배터리,850760,태국,5765,546
2026-03,리튬이온 배터리,850760,튀르키예,190679,8027
2026-03,리튬이온 배터리,850760,폴란드,967833,27086
2026-03,리튬이온 배터리,850760,필리핀,1887047,72148
2026-03,리튬이온 배터리,850760,호주,2248627,68112
2026-03,리튬이온 배터리,850760,홍콩,32928819,810930
2026-03,메모리 반도체,854232,네덜란드,17925882,518
2026-03,메모리 반도체,854232,대만,4003628148,34409
2026-03,메모리 반도체,854232,독일,28057070,824
2026-03,메모리 반도체,854232,말레이시아,605139659,2550
2026-03,메모리 반도체,854232,멕시코,20949057,2226
2026-03,메모리 반도체,854232,미국,112770236,2060
2026-03,메모리 반도체,854232,베트남,2190703218,59686
2026-03,메모리 반도체,854232,싱가포르,143446657,2223
2026-03,메모리 반도체,854232,영국,2134686,16
2026-03,메모리 반도체,854232,인도,205394665,4026
2026-03,메모리 반도체,854232,인도네시아,46413904,2265
2026-03,메모리 반도체,854232,일본,101690053,1402
2026-03,메모리 반도체,854232,전체,20759011353,375393
2026-03,메모리 반도체,854232,중국,7263474702,109911
2026-03,메모리 반도체,854232,카자흐스탄,11,0
2026-03,메모리 반도체,854232,캐나다,11815043,73
2026-03,메모리 반도체,854232,태국,136258930,2209
2026-03,메모리 반도체,854232,튀르키예,8591734,173
2026-03,메모리 반도체,854232,폴란드,16578527,1795
2026-03,메모리 반도체,854232,필리핀,725137228,14361
2026-03,메모리 반도체,854232,호주,31,0
2026-03,메모리 반도체,854232,홍콩,4910311941,127186
2026-03,바이오의약품·톡신,3002,네덜란드,59357364,4473
2026-03,바이오의약품·톡신,3002,대만,1994986,2169
2026-03,바이오의약품·톡신,3002,독일,42031155,7844
2026-03,바이오의약품·톡신,3002,러시아,260474,940
2026-03,바이오의약품·톡신,3002,말레이시아,2889573,3940
2026-03,바이오의약품·톡신,3002,멕시코,991907,2793
2026-03,바이오의약품·톡신,3002,미국,124242502,36764
2026-03,바이오의약품·톡신,3002,베트남,4570661,21168
2026-03,바이오의약품·톡신,3002,사우디아라비아,1904276,8044
2026-03,바이오의약품·톡신,3002,싱가포르,3144789,2308
2026-03,바이오의약품·톡신,3002,아랍에미리트,541730,668
2026-03,바이오의약품·톡신,3002,영국,3124112,1073
2026-03,바이오의약품·톡신,3002,인도,789884,5786
2026-03,바이오의약품·톡신,3002,인도네시아,311366,1508
2026-03,바이오의약품·톡신,3002,일본,16380773,11905
2026-03,바이오의약품·톡신,3002,전체,654407771,410533
2026-03,바이오의약품·톡신,3002,중국,15043330,31903
2026-03,바이오의약품·톡신,3002,카자흐스탄,642788,1488
2026-03,바이오의약품·톡신,3002,캐나다,3011682,2294
2026-03,바이오의약품·톡신,3002,태국,9953371,40434
2026-03,바이오의약품·톡신,3002,튀르키예,38054682,4261
2026-03,바이오의약품·톡신,3002,폴란드,1631485,10171
2026-03,바이오의약품·톡신,3002,필리핀,2403501,22135
2026-03,바이오의약품·톡신,3002,호주,8517528,3970
2026-03,바이오의약품·톡신,3002,홍콩,2142418,1417
2026-03,반도체 장비,8486,네덜란드,35528868,60242
2026-03,반도체 장비,8486,대만,201697992,654568
2026-03,반도체 장비,8486,독일,2389797,8220
2026-03,반도체 장비,8486,말레이시아,21442956,129904
2026-03,반도체 장비,8486,멕시코,169760,1561
2026-03,반도체 장비,8486,미국,121280237,552019
2026-03,반도체 장비,8486,베트남,20336647,287050
2026-03,반도체 장비,8486,싱가포르,78483274,457397
2026-03,반도체 장비,8486,영국,2505982,10732
2026-03,반도체 장비,8486,인도,4727448,38394
2026-03,반도체 장비,8486,인도네시아,221729,1149
2026-03,반도체 장비,8486,일본,100788612,417038
2026-03,반도체 장비,8486,전체,915917381,5734693
2026-03,반도체 장비,8486,중국,309934899,2967880
2026-03,반도체 장비,8486,캐나다,85118,121
2026-03,반도체 장비,8486,태국,1164658,21024
2026-03,반도체 장비,8486,폴란드,420198,10908
2026-03,반도체 장비,8486,필리핀,1967673,64269
2026-03,반도체 장비,8486,홍콩,2319840,6955
2026-03,변압기·전력변환기,8504,네덜란드,27538186,1134253
2026-03,변압기·전력변환기,8504,대만,4619184,356299
2026-03,변압기·전력변환기,8504,독일,1865998,17027
2026-03,변압기·전력변환기,8504,러시아,38,0
2026-03,변압기·전력변환기,8504,말레이시아,1752805,204650
2026-03,변압기·전력변환기,8504,멕시코,5314455,104747
2026-03,변압기·전력변환기,8504,미국,208763451,12919375
2026-03,변압기·전력변환기,8504,베트남,24428265,587402
2026-03,변압기·전력변환기,8504,사우디아라비아,4257249,248087
2026-03,변압기·전력변환기,8504,싱가포르,1280979,22422
2026-03,변압기·전력변환기,8504,아랍에미리트,150965,1517
2026-03,변압기·전력변환기,8504,영국,3903545,255007
2026-03,변압기·전력변환기,8504,인도,12902051,1142074
2026-03,변압기·전력변환기,8504,인도네시아,3354777,256002
2026-03,변압기·전력변환기,8504,일본,8413239,474521
2026-03,변압기·전력변환기,8504,전체,405851011,21893799
2026-03,변압기·전력변환기,8504,중국,20863699,900650
2026-03,변압기·전력변환기,8504,카자흐스탄,17711,286
2026-03,변압기·전력변환기,8504,캐나다,2918300,180614
2026-03,변압기·전력변환기,8504,태국,5356531,506635
2026-03,변압기·전력변환기,8504,튀르키예,682088,18026
2026-03,변압기·전력변환기,8504,폴란드,2254417,45809
2026-03,변압기·전력변환기,8504,필리핀,26099776,217711
2026-03,변압기·전력변환기,8504,호주,8763651,659173
2026-03,변압기·전력변환기,8504,홍콩,1921119,70449
2026-03,선박,8901,싱가포르,933,9
2026-03,선박,8901,인도,0,0
2026-03,선박,8901,일본,437,4
2026-03,선박,8901,전체,2595347641,771748414
2026-03,선박,8901,중국,0,0
2026-03,선박,8901,필리핀,0,0
2026-03,선박,8901,호주,43750000,48824000
2026-03,승용차,8703,네덜란드,85915945,4964453
2026-03,승용차,8703,대만,29100784,1920047
2026-03,승용차,8703,독일,245086640,13749537
2026-03,승용차,8703,러시아,42755951,4332751
2026-03,승용차,8703,말레이시아,0,0
2026-03,승용차,8703,멕시코,53321282,3996427
2026-03,승용차,8703,미국,2749652194,216331396
2026-03,승용차,8703,베트남,24550873,2330501
2026-03,승용차,8703,사우디아라비아,26172123,2093586
2026-03,승용차,8703,싱가포르,2034337,148779
2026-03,승용차,8703,아랍에미리트,3732676,688834
2026-03,승용차,8703,영국,202649316,10802389
2026-03,승용차,8703,인도,213514,14207
2026-03,승용차,8703,인도네시아,1106957,59834
2026-03,승용차,8703,일본,3811987,396661
2026-03,승용차,8703,전체,6077570419,489657129
2026-03,승용차,8703,중국,19663958,571307
2026-03,승용차,8703,카자흐스탄,56312509,4963355
2026-03,승용차,8703,캐나다,681976092,50277417
2026-03,승용차,8703,태국,240948,18410
2026-03,승용차,8703,튀르키예,81380093,6183516
2026-03,승용차,8703,폴란드,46235701,2954657
2026-03,승용차,8703,필리핀,1549409,195888
2026-03,승용차,8703,호주,321539059,22367069
2026-03,승용차,8703,홍콩,107724,6075
2026-03,시스템반도체,854231,네덜란드,2355177,332
2026-03,시스템반도체,854231,대만,335492835,96376
2026-03,시스템반도체,854231,독일,3053833,1050
2026-03,시스템반도체,854231,말레이시아,137089066,52542
2026-03,시스템반도체,854231,멕시코,22817578,8571
2026-03,시스템반도체,854231,미국,55802027,18572
2026-03,시스템반도체,854231,베트남,929115906,95211
2026-03,시스템반도체,854231,싱가포르,354400088,79514
2026-03,시스템반도체,854231,아랍에미리트,39410,10
2026-03,시스템반도체,854231,영국,552367,158
2026-03,시스템반도체,854231,인도,149004775,24651
2026-03,시스템반도체,854231,인도네시아,12463997,3523
2026-03,시스템반도체,854231,일본,29532555,8842
2026-03,시스템반도체,854231,전체,3149938566,643797
2026-03,시스템반도체,854231,중국,805236104,137849
2026-03,시스템반도체,854231,카자흐스탄,15992,5
2026-03,시스템반도체,854231,캐나다,26177,5
2026-03,시스템반도체,854231,태국,32902436,14742
2026-03,시스템반도체,854231,튀르키예,1223863,82
2026-03,시스템반도체,854231,폴란드,7489198,2579
2026-03,시스템반도체,854231,필리핀,43579742,22528
2026-03,시스템반도체,854231,호주,3361,2
2026-03,시스템반도체,854231,홍콩,107238953,51538
2026-03,완제의약품,3004,네덜란드,165010,711
2026-03,완제의약품,3004,대만,2594631,28354
2026-03,완제의약품,3004,독일,1602167,13653
2026-03,완제의약품,3004,러시아,357003,265
2026-03,완제의약품,3004,말레이시아,1788357,23510
2026-03,완제의약품,3004,멕시코,3430948,24183
2026-03,완제의약품,3004,미국,3859311,96463
2026-03,완제의약품,3004,베트남,8773689,628359
2026-03,완제의약품,3004,사우디아라비아,464349,18155
2026-03,완제의약품,3004,싱가포르,503755,6858
2026-03,완제의약품,3004,아랍에미리트,626180,2016
2026-03,완제의약품,3004,영국,376231,1496
2026-03,완제의약품,3004,인도,178369,162
2026-03,완제의약품,3004,인도네시아,1678328,12167
2026-03,완제의약품,3004,일본,8613456,94625
2026-03,완제의약품,3004,전체,84110926,1856157
2026-03,완제의약품,3004,중국,7091281,107908
2026-03,완제의약품,3004,카자흐스탄,935478,8489
2026-03,완제의약품,3004,캐나다,4717,10
2026-03,완제의약품,3004,태국,3611531,27926
2026-03,완제의약품,3004,튀르키예,713296,840
2026-03,완제의약품,3004,폴란드,264904,467
2026-03,완제의약품,3004,필리핀,4162563,92280
2026-03,완제의약품,3004,호주,638889,9095
2026-03,완제의약품,3004,홍콩,1237603,14037
2026-03,의료기기,9018,네덜란드,4806807,28547
2026-03,의료기기,9018,대만,7031946,39154
2026-03,의료기기,9018,독일,9215977,32319
2026-03,의료기기,9018,러시아,8959631,90439
2026-03,의료기기,9018,말레이시아,1744783,18058
2026-03,의료기기,9018,멕시코,3785949,55066
2026-03,의료기기,9018,미국,61749188,673717
2026-03,의료기기,9018,베트남,5542785,102874
2026-03,의료기기,9018,사우디아라비아,2582204,16768
2026-03,의료기기,9018,싱가포르,4733645,22793
2026-03,의료기기,9018,아랍에미리트,889116,3178
2026-03,의료기기,9018,영국,11138351,41414
2026-03,의료기기,9018,인도,14015067,180064
2026-03,의료기기,9018,인도네시아,4591484,37645
2026-03,의료기기,9018,일본,19868516,100522
2026-03,의료기기,9018,전체,282453897,2221149
2026-03,의료기기,9018,중국,15572172,82782
2026-03,의료기기,9018,카자흐스탄,1164843,20000
2026-03,의료기기,9018,캐나다,1857247,10763
2026-03,의료기기,9018,태국,16882826,57407
2026-03,의료기기,9018,튀르키예,3495085,17668
2026-03,의료기기,9018,폴란드,5312383,32049
2026-03,의료기기,9018,필리핀,2540948,65054
2026-03,의료기기,9018,호주,6475642,38607
2026-03,의료기기,9018,홍콩,2834064,10225
2026-03,전선·케이블,8544,네덜란드,38029364,3168764
2026-03,전선·케이블,8544,대만,36014853,4464414
2026-03,전선·케이블,8544,독일,6072053,378367
2026-03,전선·케이블,8544,러시아,295485,14096
2026-03,전선·케이블,8544,말레이시아,10690155,733579
2026-03,전선·케이블,8544,멕시코,13131422,669490
2026-03,전선·케이블,8544,미국,90387105,10424882
2026-03,전선·케이블,8544,베트남,55602316,3276620
2026-03,전선·케이블,8544,사우디아라비아,137124,9327
2026-03,전선·케이블,8544,싱가포르,14031130,1227808
2026-03,전선·케이블,8544,아랍에미리트,841122,43076
2026-03,전선·케이블,8544,영국,9252945,636629
2026-03,전선·케이블,8544,인도,5619442,266621
2026-03,전선·케이블,8544,인도네시아,6276350,456256
2026-03,전선·케이블,8544,일본,16937469,1518955
2026-03,전선·케이블,8544,전체,442399126,36702303
2026-03,전선·케이블,8544,중국,56689083,3335667
2026-03,전선·케이블,8544,카자흐스탄,1137375,22811
2026-03,전선·케이블,8544,캐나다,7468622,744686
2026-03,전선·케이블,8544,태국,8936019,939214
2026-03,전선·케이블,8544,튀르키예,3940865,299994
2026-03,전선·케이블,8544,폴란드,2333366,48574
2026-03,전선·케이블,8544,필리핀,22826839,1618083
2026-03,전선·케이블,8544,호주,6041693,435539
2026-03,전선·케이블,8544,홍콩,2910829,376996
2026-03,태양광 모듈,854143,독일,82767,879
2026-03,태양광 모듈,854143,미국,4523283,1202051
2026-03,태양광 모듈,854143,베트남,346183,336
2026-03,태양광 모듈,854143,싱가포르,0,0
2026-03,태양광 모듈,854143,일본,42297,8766
2026-03,태양광 모듈,854143,전체,6804664,1959925
2026-03,태양광 모듈,854143,중국,47024,88045
2026-03,태양광 모듈,854143,태국,3,0
2026-03,태양광 모듈,854143,필리핀,0,0
2026-03,태양광 모듈,854143,호주,0,0
2026-03,태양광 모듈,854143,홍콩,0,0
2026-03,화장품,3304,네덜란드,24187103,593503
2026-03,화장품,3304,대만,25090849,1387815
2026-03,화장품,3304,독일,11801597,267669
2026-03,화장품,3304,러시아,30985010,1002796
2026-03,화장품,3304,말레이시아,11566602,353017
2026-03,화장품,3304,멕시코,6473242,133205
2026-03,화장품,3304,미국,185431623,6336596
2026-03,화장품,3304,베트남,41687861,1233963
2026-03,화장품,3304,사우디아라비아,3778409,61978
2026-03,화장품,3304,싱가포르,10003217,280537
2026-03,화장품,3304,아랍에미리트,6733387,132024
2026-03,화장품,3304,영국,37145395,819275
2026-03,화장품,3304,인도,7939312,230673
2026-03,화장품,3304,인도네시아,12001460,356905
2026-03,화장품,3304,일본,84946898,2178737
2026-03,화장품,3304,전체,968403309,29179569
2026-03,화장품,3304,중국,151046735,4534190
2026-03,화장품,3304,카자흐스탄,9595631,325108
2026-03,화장품,3304,캐나다,16046969,496179
2026-03,화장품,3304,태국,20844763,610127
2026-03,화장품,3304,튀르키예,9481359,215548
2026-03,화장품,3304,폴란드,41472577,1235830
2026-03,화장품,3304,필리핀,8013375,378320
2026-03,화장품,3304,호주,10945494,458318
2026-03,화장품,3304,홍콩,48384440,1215361
2026-04,라면,190230,네덜란드,9097362,2270691
2026-04,라면,190230,대만,3421294,949045
2026-04,라면,190230,독일,4701396,1298389
2026-04,라면,190230,러시아,2409219,503954
2026-04,라면,190230,말레이시아,4992463,1138714
2026-04,라면,190230,멕시코,3894269,859557
2026-04,라면,190230,미국,52384620,11663197
2026-04,라면,190230,베트남,2075351,549778
2026-04,라면,190230,사우디아라비아,219543,55299
2026-04,라면,190230,싱가포르,1025274,217766
2026-04,라면,190230,아랍에미리트,59174,16794
2026-04,라면,190230,영국,8667487,1809877
2026-04,라면,190230,인도,2523432,604702
2026-04,라면,190230,인도네시아,2448817,630970
2026-04,라면,190230,일본,10393522,3339775
2026-04,라면,190230,전체,198439495,48971636
2026-04,라면,190230,중국,47455695,12812740
2026-04,라면,190230,카자흐스탄,1865693,391206
2026-04,라면,190230,캐나다,2650496,835163
2026-04,라면,190230,태국,4574186,1089965
2026-04,라면,190230,튀르키예,102017,19617
2026-04,라면,190230,폴란드,517662,171059
2026-04,라면,190230,필리핀,7890385,1583355
2026-04,라면,190230,호주,3348007,832285
2026-04,라면,190230,홍콩,2923056,885809
2026-04,리튬이온 배터리,850760,네덜란드,206789,1794
2026-04,리튬이온 배터리,850760,대만,1704993,45494
2026-04,리튬이온 배터리,850760,독일,8143075,196798
2026-04,리튬이온 배터리,850760,러시아,0,0
2026-04,리튬이온 배터리,850760,말레이시아,450514,10829
2026-04,리튬이온 배터리,850760,멕시코,2425760,91198
2026-04,리튬이온 배터리,850760,미국,191220306,7084751
2026-04,리튬이온 배터리,850760,베트남,15609049,310860
2026-04,리튬이온 배터리,850760,사우디아라비아,195295,721
2026-04,리튬이온 배터리,850760,싱가포르,1155095,23011
2026-04,리튬이온 배터리,850760,아랍에미리트,2530387,85703
2026-04,리튬이온 배터리,850760,영국,14984607,496792
2026-04,리튬이온 배터리,850760,인도,26095815,1270827
2026-04,리튬이온 배터리,850760,인도네시아,30896,670
2026-04,리튬이온 배터리,850760,일본,4752465,129855
2026-04,리튬이온 배터리,850760,전체,363752943,12388780
2026-04,리튬이온 배터리,850760,중국,38722188,1243258
2026-04,리튬이온 배터리,850760,카자흐스탄,86,1
2026-04,리튬이온 배터리,850760,캐나다,733935,22129
2026-04,리튬이온 배터리,850760,태국,680422,2656
2026-04,리튬이온 배터리,850760,튀르키예,157999,827
2026-04,리튬이온 배터리,850760,폴란드,7285274,43686
2026-04,리튬이온 배터리,850760,필리핀,712067,23586
2026-04,리튬이온 배터리,850760,호주,1283026,37108
2026-04,리튬이온 배터리,850760,홍콩,18068550,439780
2026-04,메모리 반도체,854232,네덜란드,30199302,1108
2026-04,메모리 반도체,854232,대만,3491369601,29792
2026-04,메모리 반도체,854232,독일,20051448,651
2026-04,메모리 반도체,854232,말레이시아,493121186,3596
2026-04,메모리 반도체,854232,멕시코,18900687,1941
2026-04,메모리 반도체,854232,미국,175807266,2207
2026-04,메모리 반도체,854232,베트남,2788145518,60237
2026-04,메모리 반도체,854232,사우디아라비아,1762,4
2026-04,메모리 반도체,854232,싱가포르,130429183,1351
2026-04,메모리 반도체,854232,아랍에미리트,919,4
2026-04,메모리 반도체,854232,영국,629949,47
2026-04,메모리 반도체,854232,인도,467711382,3884
2026-04,메모리 반도체,854232,인도네시아,75375591,1848
2026-04,메모리 반도체,854232,일본,138989011,1858
2026-04,메모리 반도체,854232,전체,20829752343,319350
2026-04,메모리 반도체,854232,중국,8659157398,102680
2026-04,메모리 반도체,854232,카자흐스탄,1152,6
2026-04,메모리 반도체,854232,캐나다,21152898,97
2026-04,메모리 반도체,854232,태국,214130704,2933
2026-04,메모리 반도체,854232,튀르키예,10260888,210
2026-04,메모리 반도체,854232,폴란드,12575285,1305
2026-04,메모리 반도체,854232,필리핀,578668417,7390
2026-04,메모리 반도체,854232,호주,47,0
2026-04,메모리 반도체,854232,홍콩,3252689268,89997
2026-04,바이오의약품·톡신,3002,네덜란드,84300195,6432
2026-04,바이오의약품·톡신,3002,대만,1613562,8674
2026-04,바이오의약품·톡신,3002,독일,95406967,8936
2026-04,바이오의약품·톡신,3002,러시아,717755,965
2026-04,바이오의약품·톡신,3002,말레이시아,456256,12911
2026-04,바이오의약품·톡신,3002,멕시코,1630841,35769
2026-04,바이오의약품·톡신,3002,미국,76856600,31304
2026-04,바이오의약품·톡신,3002,베트남,5981660,42232
2026-04,바이오의약품·톡신,3002,사우디아라비아,2044309,1071
2026-04,바이오의약품·톡신,3002,싱가포르,4257315,8964
2026-04,바이오의약품·톡신,3002,아랍에미리트,891697,2372
2026-04,바이오의약품·톡신,3002,영국,15876404,1086
2026-04,바이오의약품·톡신,3002,인도,656460,2356
2026-04,바이오의약품·톡신,3002,인도네시아,673532,2592
2026-04,바이오의약품·톡신,3002,일본,21593063,13277
2026-04,바이오의약품·톡신,3002,전체,822139696,488246
2026-04,바이오의약품·톡신,3002,중국,26631374,26670
2026-04,바이오의약품·톡신,3002,카자흐스탄,1251747,2236
2026-04,바이오의약품·톡신,3002,캐나다,13408121,6127
2026-04,바이오의약품·톡신,3002,태국,9406876,47347
2026-04,바이오의약품·톡신,3002,튀르키예,68692793,6122
2026-04,바이오의약품·톡신,3002,폴란드,571827,930
2026-04,바이오의약품·톡신,3002,필리핀,2513726,12053
2026-04,바이오의약품·톡신,3002,호주,9569170,10960
2026-04,바이오의약품·톡신,3002,홍콩,1584023,1573
2026-04,반도체 장비,8486,네덜란드,65330244,46215
2026-04,반도체 장비,8486,대만,142936347,832537
2026-04,반도체 장비,8486,독일,2629947,4309
2026-04,반도체 장비,8486,러시아,0,0
2026-04,반도체 장비,8486,말레이시아,18002455,204444
2026-04,반도체 장비,8486,멕시코,545947,2220
2026-04,반도체 장비,8486,미국,141985568,564118
2026-04,반도체 장비,8486,베트남,30562239,293645
2026-04,반도체 장비,8486,싱가포르,144875069,644596
2026-04,반도체 장비,8486,영국,7027978,16854
2026-04,반도체 장비,8486,인도,6411944,48507
2026-04,반도체 장비,8486,인도네시아,77388,316
2026-04,반도체 장비,8486,일본,61711009,296125
2026-04,반도체 장비,8486,전체,936309683,5876122
2026-04,반도체 장비,8486,중국,292202095,2810069
2026-04,반도체 장비,8486,캐나다,14881,117
2026-04,반도체 장비,8486,태국,2118737,27732
2026-04,반도체 장비,8486,튀르키예,37240,66
2026-04,반도체 장비,8486,폴란드,438457,6193
2026-04,반도체 장비,8486,필리핀,2172734,9588
2026-04,반도체 장비,8486,홍콩,2429263,5339
2026-04,변압기·전력변환기,8504,네덜란드,4242331,61772
2026-04,변압기·전력변환기,8504,대만,9173630,485236
2026-04,변압기·전력변환기,8504,독일,1991469,16863
2026-04,변압기·전력변환기,8504,러시아,25339,1042
2026-04,변압기·전력변환기,8504,말레이시아,8671549,374853
2026-04,변압기·전력변환기,8504,멕시코,4206951,87120
2026-04,변압기·전력변환기,8504,미국,184316249,12074017
2026-04,변압기·전력변환기,8504,베트남,25003486,871340
2026-04,변압기·전력변환기,8504,사우디아라비아,4473594,214193
2026-04,변압기·전력변환기,8504,싱가포르,1564550,15121
2026-04,변압기·전력변환기,8504,아랍에미리트,1597643,130004
2026-04,변압기·전력변환기,8504,영국,32741154,1842854
2026-04,변압기·전력변환기,8504,인도,11363626,815307
2026-04,변압기·전력변환기,8504,인도네시아,5117397,190311
2026-04,변압기·전력변환기,8504,일본,6313242,395354
2026-04,변압기·전력변환기,8504,전체,405469890,23686326
2026-04,변압기·전력변환기,8504,중국,22763475,989100
2026-04,변압기·전력변환기,8504,카자흐스탄,25349,462
2026-04,변압기·전력변환기,8504,캐나다,607667,16997
2026-04,변압기·전력변환기,8504,태국,8189728,818153
2026-04,변압기·전력변환기,8504,튀르키예,1497231,18143
2026-04,변압기·전력변환기,8504,폴란드,10403707,379413
2026-04,변압기·전력변환기,8504,필리핀,3678748,468053
2026-04,변압기·전력변환기,8504,호주,16224353,1155391
2026-04,변압기·전력변환기,8504,홍콩,2596193,53884
2026-04,선박,8901,싱가포르,417360010,224975400
2026-04,선박,8901,인도네시아,7500000,5756000
2026-04,선박,8901,일본,6138,15
2026-04,선박,8901,전체,2614393838,1045738966
2026-04,선박,8901,중국,0,0
2026-04,선박,8901,필리핀,857089,177000
2026-04,선박,8901,호주,0,0
2026-04,선박,8901,홍콩,0,0
2026-04,승용차,8703,네덜란드,83965975,5003969
2026-04,승용차,8703,대만,47093119,3208716
2026-04,승용차,8703,독일,192711480,11248267
2026-04,승용차,8703,러시아,50194236,5115174
2026-04,승용차,8703,말레이시아,53217,2166
2026-04,승용차,8703,멕시코,39239311,2921786
2026-04,승용차,8703,미국,2735887020,215552056
2026-04,승용차,8703,베트남,17832295,1610254
2026-04,승용차,8703,사우디아라비아,33852608,2668240
2026-04,승용차,8703,싱가포르,1376163,107110
2026-04,승용차,8703,아랍에미리트,6703969,287717
2026-04,승용차,8703,영국,195681178,10142754
2026-04,승용차,8703,인도,857974,42558
2026-04,승용차,8703,인도네시아,2812136,170496
2026-04,승용차,8703,일본,1728940,131916
2026-04,승용차,8703,전체,5841651160,479749067
2026-04,승용차,8703,중국,17336822,552222
2026-04,승용차,8703,카자흐스탄,69582795,5616266
2026-04,승용차,8703,캐나다,699336866,51410428
2026-04,승용차,8703,태국,664952,33155
2026-04,승용차,8703,튀르키예,70608571,4982659
2026-04,승용차,8703,폴란드,51552730,3431990
2026-04,승용차,8703,필리핀,4834168,431043
2026-04,승용차,8703,호주,316098014,21152033
2026-04,승용차,8703,홍콩,30257,2140
2026-04,시스템반도체,854231,네덜란드,1235793,119
2026-04,시스템반도체,854231,대만,291350623,97821
2026-04,시스템반도체,854231,독일,2556311,902
2026-04,시스템반도체,854231,말레이시아,135632817,48274
2026-04,시스템반도체,854231,멕시코,12996895,10551
2026-04,시스템반도체,854231,미국,136320085,38793
2026-04,시스템반도체,854231,베트남,1108304508,98757
2026-04,시스템반도체,854231,싱가포르,397887901,76582
2026-04,시스템반도체,854231,아랍에미리트,56974,16
2026-04,시스템반도체,854231,영국,429516,159
2026-04,시스템반도체,854231,인도,206426077,27076
2026-04,시스템반도체,854231,인도네시아,20173132,4824
2026-04,시스템반도체,854231,일본,53423899,12659
2026-04,시스템반도체,854231,전체,3538199046,671434
2026-04,시스템반도체,854231,중국,778711097,135257
2026-04,시스템반도체,854231,캐나다,7093905,332
2026-04,시스템반도체,854231,태국,33139502,14395
2026-04,시스템반도체,854231,튀르키예,2237180,125
2026-04,시스템반도체,854231,폴란드,9747999,3278
2026-04,시스템반도체,854231,필리핀,49642418,25766
2026-04,시스템반도체,854231,홍콩,147393197,53217
2026-04,완제의약품,3004,네덜란드,464265,1963
2026-04,완제의약품,3004,대만,1855620,20483
2026-04,완제의약품,3004,독일,1352018,8838
2026-04,완제의약품,3004,러시아,505824,5050
2026-04,완제의약품,3004,말레이시아,1100881,14605
2026-04,완제의약품,3004,멕시코,4877913,24970
2026-04,완제의약품,3004,미국,3373396,30757
2026-04,완제의약품,3004,베트남,11156293,610140
2026-04,완제의약품,3004,사우디아라비아,600991,19010
2026-04,완제의약품,3004,싱가포르,620758,10155
2026-04,완제의약품,3004,아랍에미리트,1246005,19076
2026-04,완제의약품,3004,영국,306074,1505
2026-04,완제의약품,3004,인도,334934,1128
2026-04,완제의약품,3004,인도네시아,930598,9543
2026-04,완제의약품,3004,일본,9016841,77170
2026-04,완제의약품,3004,전체,84873170,1815655
2026-04,완제의약품,3004,중국,8383453,127319
2026-04,완제의약품,3004,카자흐스탄,669437,4530
2026-04,완제의약품,3004,캐나다,1049,14
2026-04,완제의약품,3004,태국,6170099,114021
2026-04,완제의약품,3004,튀르키예,640970,1708
2026-04,완제의약품,3004,폴란드,292640,503
2026-04,완제의약품,3004,필리핀,5821602,87488
2026-04,완제의약품,3004,호주,814355,23279
2026-04,완제의약품,3004,홍콩,756634,8494
2026-04,의료기기,9018,네덜란드,5160859,35509
2026-04,의료기기,9018,대만,5352489,44874
2026-04,의료기기,9018,독일,11024014,55473
2026-04,의료기기,9018,러시아,8774863,67908
2026-04,의료기기,9018,말레이시아,2306892,24685
2026-04,의료기기,9018,멕시코,2381445,16910
2026-04,의료기기,9018,미국,53425568,681737
2026-04,의료기기,9018,베트남,4224614,95485
2026-04,의료기기,9018,사우디아라비아,1967460,16196
2026-04,의료기기,9018,싱가포르,3590898,19528
2026-04,의료기기,9018,아랍에미리트,3327864,51842
2026-04,의료기기,9018,영국,2406965,13545
2026-04,의료기기,9018,인도,12534090,110824
2026-04,의료기기,9018,인도네시아,3477276,30545
2026-04,의료기기,9018,일본,18013664,101114
2026-04,의료기기,9018,전체,247405272,2196181
2026-04,의료기기,9018,중국,17417504,110011
2026-04,의료기기,9018,카자흐스탄,1106905,9563
2026-04,의료기기,9018,캐나다,2887735,16528
2026-04,의료기기,9018,태국,6690887,36299
2026-04,의료기기,9018,튀르키예,1503405,8686
2026-04,의료기기,9018,폴란드,5315478,22742
2026-04,의료기기,9018,필리핀,2471943,78296
2026-04,의료기기,9018,호주,3615331,30043
2026-04,의료기기,9018,홍콩,5626317,16748
2026-04,전선·케이블,8544,네덜란드,527408,10780
2026-04,전선·케이블,8544,대만,5806175,445783
2026-04,전선·케이블,8544,독일,8045270,581095
2026-04,전선·케이블,8544,러시아,608375,37272
2026-04,전선·케이블,8544,말레이시아,3548256,205621
2026-04,전선·케이블,8544,멕시코,13193873,669536
2026-04,전선·케이블,8544,미국,118683214,12741436
2026-04,전선·케이블,8544,베트남,56163675,3309515
2026-04,전선·케이블,8544,사우디아라비아,1764968,145677
2026-04,전선·케이블,8544,싱가포르,14160001,1143127
2026-04,전선·케이블,8544,아랍에미리트,1401720,50148
2026-04,전선·케이블,8544,영국,9452526,638325
2026-04,전선·케이블,8544,인도,6931664,436093
2026-04,전선·케이블,8544,인도네시아,5070098,326922
2026-04,전선·케이블,8544,일본,12294327,1166070
2026-04,전선·케이블,8544,전체,401016517,32162061
2026-04,전선·케이블,8544,중국,55615590,3360338
2026-04,전선·케이블,8544,카자흐스탄,1082861,20798
2026-04,전선·케이블,8544,캐나다,10293299,1392741
2026-04,전선·케이블,8544,태국,4336725,481867
2026-04,전선·케이블,8544,튀르키예,4511580,306319
2026-04,전선·케이블,8544,폴란드,1996904,50455
2026-04,전선·케이블,8544,필리핀,22015176,1513980
2026-04,전선·케이블,8544,호주,6648439,467994
2026-04,전선·케이블,8544,홍콩,1537911,211927
2026-04,태양광 모듈,854143,네덜란드,0,0
2026-04,태양광 모듈,854143,대만,0,0
2026-04,태양광 모듈,854143,독일,34768,635
2026-04,태양광 모듈,854143,미국,2435894,634643
2026-04,태양광 모듈,854143,베트남,441117,157
2026-04,태양광 모듈,854143,일본,1725,13
2026-04,태양광 모듈,854143,전체,11997870,3299448
2026-04,태양광 모듈,854143,중국,255298,114174
2026-04,태양광 모듈,854143,태국,4,0
2026-04,태양광 모듈,854143,필리핀,0,0
2026-04,태양광 모듈,854143,홍콩,3050,4
2026-04,화장품,3304,네덜란드,32094629,702875
2026-04,화장품,3304,대만,29562806,1618021
2026-04,화장품,3304,독일,8219257,190352
2026-04,화장품,3304,러시아,42711123,1153343
2026-04,화장품,3304,말레이시아,12711777,545034
2026-04,화장품,3304,멕시코,7415366,171187
2026-04,화장품,3304,미국,197021072,6994314
2026-04,화장품,3304,베트남,37855314,1213211
2026-04,화장품,3304,사우디아라비아,9185853,214191
2026-04,화장품,3304,싱가포르,10985515,317383
2026-04,화장품,3304,아랍에미리트,24508512,404899
2026-04,화장품,3304,영국,40560977,1053584
2026-04,화장품,3304,인도,10079383,356283
2026-04,화장품,3304,인도네시아,14949826,500724
2026-04,화장품,3304,일본,98741584,2433301
2026-04,화장품,3304,전체,1094737509,33873831
2026-04,화장품,3304,중국,153008734,5157556
2026-04,화장품,3304,카자흐스탄,15354219,506449
2026-04,화장품,3304,캐나다,20238135,626823
2026-04,화장품,3304,태국,16977347,538659
2026-04,화장품,3304,튀르키예,15005215,375341
2026-04,화장품,3304,폴란드,45740695,1331878
2026-04,화장품,3304,필리핀,9750033,572864
2026-04,화장품,3304,호주,11748483,510630
2026-04,화장품,3304,홍콩,65339480,1625695
2026-05,라면,190230,네덜란드,7650442,1807943
2026-05,라면,190230,대만,3351801,963060
2026-05,라면,190230,독일,2767007,784911
2026-05,라면,190230,러시아,1142533,245046
2026-05,라면,190230,말레이시아,5182125,1133971
2026-05,라면,190230,멕시코,5084764,1081146
2026-05,라면,190230,미국,35760719,7237619
2026-05,라면,190230,베트남,2447286,705570
2026-05,라면,190230,사우디아라비아,1608793,348202
2026-05,라면,190230,싱가포르,1359858,315719
2026-05,라면,190230,아랍에미리트,1720445,395091
2026-05,라면,190230,영국,7137603,1419313
2026-05,라면,190230,인도,1882116,427270
2026-05,라면,190230,인도네시아,2000620,539458
2026-05,라면,190230,일본,6909351,2243671
2026-05,라면,190230,전체,163586089,39439616
2026-05,라면,190230,중국,40977744,11034641
2026-05,라면,190230,카자흐스탄,1004066,219243
2026-05,라면,190230,캐나다,3029766,781673
2026-05,라면,190230,태국,3608894,825031
2026-05,라면,190230,튀르키예,0,0
2026-05,라면,190230,폴란드,154671,40870
2026-05,라면,190230,필리핀,6142561,1287181
2026-05,라면,190230,호주,4825704,1217819
2026-05,라면,190230,홍콩,1958315,609544
2026-05,리튬이온 배터리,850760,네덜란드,72043,602
2026-05,리튬이온 배터리,850760,대만,1083447,32784
2026-05,리튬이온 배터리,850760,독일,6539609,214198
2026-05,리튬이온 배터리,850760,러시아,5687,847
2026-05,리튬이온 배터리,850760,말레이시아,1090491,37189
2026-05,리튬이온 배터리,850760,멕시코,2490528,76917
2026-05,리튬이온 배터리,850760,미국,244471858,9766203
2026-05,리튬이온 배터리,850760,베트남,14023787,238258
2026-05,리튬이온 배터리,850760,사우디아라비아,9276,34
2026-05,리튬이온 배터리,850760,싱가포르,332492,13905
2026-05,리튬이온 배터리,850760,아랍에미리트,2745604,89725
2026-05,리튬이온 배터리,850760,영국,253635,1394
2026-05,리튬이온 배터리,850760,인도,34105183,1589904
2026-05,리튬이온 배터리,850760,인도네시아,630556,19744
2026-05,리튬이온 배터리,850760,일본,18564856,974805
2026-05,리튬이온 배터리,850760,전체,432376154,16630802
2026-05,리튬이온 배터리,850760,중국,34200722,1193099
2026-05,리튬이온 배터리,850760,카자흐스탄,415,4
2026-05,리튬이온 배터리,850760,캐나다,2414266,28570
2026-05,리튬이온 배터리,850760,태국,329926,1783
2026-05,리튬이온 배터리,850760,튀르키예,8856,39
2026-05,리튬이온 배터리,850760,폴란드,4984188,68163
2026-05,리튬이온 배터리,850760,필리핀,1008629,35001
2026-05,리튬이온 배터리,850760,호주,4418119,145138
2026-05,리튬이온 배터리,850760,홍콩,18810428,450606
2026-05,메모리 반도체,854232,네덜란드,17751599,429
2026-05,메모리 반도체,854232,대만,4165309749,31140
2026-05,메모리 반도체,854232,독일,33458051,1094
2026-05,메모리 반도체,854232,말레이시아,378154462,1804
2026-05,메모리 반도체,854232,멕시코,29345818,2749
2026-05,메모리 반도체,854232,미국,302562896,3049
2026-05,메모리 반도체,854232,베트남,3503882436,62819
2026-05,메모리 반도체,854232,싱가포르,188205292,2258
2026-05,메모리 반도체,854232,아랍에미리트,17,0
2026-05,메모리 반도체,854232,영국,1881105,71
2026-05,메모리 반도체,854232,인도,349224993,4615
2026-05,메모리 반도체,854232,인도네시아,83655997,3747
2026-05,메모리 반도체,854232,일본,99733273,1520
2026-05,메모리 반도체,854232,전체,24952044634,326919
2026-05,메모리 반도체,854232,중국,10458364837,106538
2026-05,메모리 반도체,854232,캐나다,35833527,175
2026-05,메모리 반도체,854232,태국,80213336,2494
2026-05,메모리 반도체,854232,튀르키예,12306757,203
2026-05,메모리 반도체,854232,폴란드,13064924,1542
2026-05,메모리 반도체,854232,필리핀,920773236,9389
2026-05,메모리 반도체,854232,홍콩,4063342545,87404
2026-05,바이오의약품·톡신,3002,네덜란드,70544821,5037
2026-05,바이오의약품·톡신,3002,대만,1205899,5156
2026-05,바이오의약품·톡신,3002,독일,41092717,2400
2026-05,바이오의약품·톡신,3002,러시아,224180,398
2026-05,바이오의약품·톡신,3002,말레이시아,1061202,4794
2026-05,바이오의약품·톡신,3002,멕시코,1554562,50071
2026-05,바이오의약품·톡신,3002,미국,81703297,25948
2026-05,바이오의약품·톡신,3002,베트남,4811552,35869
2026-05,바이오의약품·톡신,3002,사우디아라비아,1816016,4483
2026-05,바이오의약품·톡신,3002,싱가포르,1847284,1812
2026-05,바이오의약품·톡신,3002,아랍에미리트,118594,7617
2026-05,바이오의약품·톡신,3002,영국,5381163,856
2026-05,바이오의약품·톡신,3002,인도,661083,7575
2026-05,바이오의약품·톡신,3002,인도네시아,884482,7686
2026-05,바이오의약품·톡신,3002,일본,15912535,12635
2026-05,바이오의약품·톡신,3002,전체,707582773,418934
2026-05,바이오의약품·톡신,3002,중국,6568398,13798
2026-05,바이오의약품·톡신,3002,카자흐스탄,716453,1438
2026-05,바이오의약품·톡신,3002,캐나다,10016577,6565
2026-05,바이오의약품·톡신,3002,태국,4656239,9947
2026-05,바이오의약품·톡신,3002,튀르키예,36073046,4108
2026-05,바이오의약품·톡신,3002,폴란드,625666,833
2026-05,바이오의약품·톡신,3002,필리핀,1529140,17517
2026-05,바이오의약품·톡신,3002,호주,9061335,8658
2026-05,바이오의약품·톡신,3002,홍콩,944260,1639
2026-05,반도체 장비,8486,네덜란드,26354364,28328
2026-05,반도체 장비,8486,대만,132624906,592828
2026-05,반도체 장비,8486,독일,2225764,3861
2026-05,반도체 장비,8486,말레이시아,15337218,165071
2026-05,반도체 장비,8486,멕시코,33547,428
2026-05,반도체 장비,8486,미국,150438239,568279
2026-05,반도체 장비,8486,베트남,26788432,340120
2026-05,반도체 장비,8486,싱가포르,115288785,460999
2026-05,반도체 장비,8486,영국,710448,2512
2026-05,반도체 장비,8486,인도,9647346,62744
2026-05,반도체 장비,8486,인도네시아,45278,184
2026-05,반도체 장비,8486,일본,55200467,259561
2026-05,반도체 장비,8486,전체,834986031,5281835
2026-05,반도체 장비,8486,중국,276069543,2686829
2026-05,반도체 장비,8486,캐나다,9902,43
2026-05,반도체 장비,8486,태국,3144021,23866
2026-05,반도체 장비,8486,폴란드,199139,346
2026-05,반도체 장비,8486,필리핀,3319187,20979
2026-05,반도체 장비,8486,호주,140,1
2026-05,반도체 장비,8486,홍콩,682346,545
2026-05,변압기·전력변환기,8504,네덜란드,3980711,62920
2026-05,변압기·전력변환기,8504,대만,10199960,500995
2026-05,변압기·전력변환기,8504,독일,2119623,28902
2026-05,변압기·전력변환기,8504,러시아,271626,10269
2026-05,변압기·전력변환기,8504,말레이시아,1826683,21503
2026-05,변압기·전력변환기,8504,멕시코,4343076,89188
2026-05,변압기·전력변환기,8504,미국,206771675,11938102
2026-05,변압기·전력변환기,8504,베트남,24921734,562886
2026-05,변압기·전력변환기,8504,사우디아라비아,1529569,113339
2026-05,변압기·전력변환기,8504,싱가포르,1362953,61194
2026-05,변압기·전력변환기,8504,아랍에미리트,200319,2346
2026-05,변압기·전력변환기,8504,영국,11098236,592939
2026-05,변압기·전력변환기,8504,인도,11997533,1057916
2026-05,변압기·전력변환기,8504,인도네시아,4194778,157978
2026-05,변압기·전력변환기,8504,일본,8358411,638130
2026-05,변압기·전력변환기,8504,전체,356832938,19004210
2026-05,변압기·전력변환기,8504,중국,19033345,717244
2026-05,변압기·전력변환기,8504,카자흐스탄,9240,230
2026-05,변압기·전력변환기,8504,캐나다,2648409,84899
2026-05,변압기·전력변환기,8504,태국,4238425,416457
2026-05,변압기·전력변환기,8504,튀르키예,1869065,19883
2026-05,변압기·전력변환기,8504,폴란드,3197179,69276
2026-05,변압기·전력변환기,8504,필리핀,2083500,279275
2026-05,변압기·전력변환기,8504,호주,333000,11217
2026-05,변압기·전력변환기,8504,홍콩,2893374,310403
2026-05,선박,8901,대만,1700000,393000
2026-05,선박,8901,러시아,0,0
2026-05,선박,8901,싱가포르,342066719,62696901
2026-05,선박,8901,아랍에미리트,700000,3559000
2026-05,선박,8901,인도네시아,48218260,29408000
2026-05,선박,8901,일본,452,2
2026-05,선박,8901,전체,2451647795,591864103
2026-05,선박,8901,중국,0,0
2026-05,선박,8901,태국,1919000,2778000
2026-05,선박,8901,호주,0,0
2026-05,선박,8901,홍콩,0,0
2026-05,승용차,8703,네덜란드,72220338,4447485
2026-05,승용차,8703,대만,43369748,2920495
2026-05,승용차,8703,독일,152258136,8698369
2026-05,승용차,8703,러시아,52989131,5350046
2026-05,승용차,8703,멕시코,67115462,4727992
2026-05,승용차,8703,미국,2440596929,192235137
2026-05,승용차,8703,베트남,4838387,491930
2026-05,승용차,8703,사우디아라비아,48605633,3702659
2026-05,승용차,8703,싱가포르,2078754,190890
2026-05,승용차,8703,아랍에미리트,3824974,488388
2026-05,승용차,8703,영국,177643246,9887719
2026-05,승용차,8703,인도,205429,8315
2026-05,승용차,8703,인도네시아,810226,51311
2026-05,승용차,8703,일본,3197565,282885
2026-05,승용차,8703,전체,5480513590,440519503
2026-05,승용차,8703,중국,20806479,537511
2026-05,승용차,8703,카자흐스탄,62981881,4999725
2026-05,승용차,8703,캐나다,607180661,44838762
2026-05,승용차,8703,태국,46600,8540
2026-05,승용차,8703,튀르키예,58345306,3816338
2026-05,승용차,8703,폴란드,40787959,2650526
2026-05,승용차,8703,필리핀,2835452,232741
2026-05,승용차,8703,호주,349462202,22969027
2026-05,승용차,8703,홍콩,214422,9016
2026-05,시스템반도체,854231,네덜란드,2072492,493
2026-05,시스템반도체,854231,대만,344441507,115181
2026-05,시스템반도체,854231,독일,2542240,774
2026-05,시스템반도체,854231,말레이시아,114798570,48882
2026-05,시스템반도체,854231,멕시코,12453771,6112
2026-05,시스템반도체,854231,미국,38133857,11282
2026-05,시스템반도체,854231,베트남,1440830542,92833
2026-05,시스템반도체,854231,싱가포르,313556127,82471
2026-05,시스템반도체,854231,영국,481606,166
2026-05,시스템반도체,854231,인도,171180317,24230
2026-05,시스템반도체,854231,인도네시아,11923200,3314
2026-05,시스템반도체,854231,일본,34488104,8717
2026-05,시스템반도체,854231,전체,3518934293,640747
2026-05,시스템반도체,854231,중국,753770114,135694
2026-05,시스템반도체,854231,카자흐스탄,1067,1
2026-05,시스템반도체,854231,캐나다,7208671,217
2026-05,시스템반도체,854231,태국,23890928,13078
2026-05,시스템반도체,854231,튀르키예,1640681,278
2026-05,시스템반도체,854231,폴란드,8903458,5497
2026-05,시스템반도체,854231,필리핀,51231816,27420
2026-05,시스템반도체,854231,홍콩,76289084,44242
2026-05,완제의약품,3004,네덜란드,3262,18
2026-05,완제의약품,3004,대만,2280005,20919
2026-05,완제의약품,3004,독일,690886,2403
2026-05,완제의약품,3004,러시아,413401,520
2026-05,완제의약품,3004,말레이시아,1263895,8501
2026-05,완제의약품,3004,멕시코,2473142,17985
2026-05,완제의약품,3004,미국,1122676,18850
2026-05,완제의약품,3004,베트남,7350862,386336
2026-05,완제의약품,3004,사우디아라비아,487467,17158
2026-05,완제의약품,3004,싱가포르,752530,12526
2026-05,완제의약품,3004,아랍에미리트,1063699,10343
2026-05,완제의약품,3004,영국,348547,1807
2026-05,완제의약품,3004,인도,331501,933
2026-05,완제의약품,3004,인도네시아,1061898,7088
2026-05,완제의약품,3004,일본,13050778,110247
2026-05,완제의약품,3004,전체,75935138,1344039
2026-05,완제의약품,3004,중국,6050641,80175
2026-05,완제의약품,3004,카자흐스탄,686103,2793
2026-05,완제의약품,3004,캐나다,3118,42
2026-05,완제의약품,3004,태국,6655760,44415
2026-05,완제의약품,3004,튀르키예,329721,1034
2026-05,완제의약품,3004,폴란드,455016,4204
2026-05,완제의약품,3004,필리핀,4423115,50627
2026-05,완제의약품,3004,호주,222653,5126
2026-05,완제의약품,3004,홍콩,2236999,16487
2026-05,의료기기,9018,네덜란드,3391641,15445
2026-05,의료기기,9018,대만,5740796,37519
2026-05,의료기기,9018,독일,7584534,24905
2026-05,의료기기,9018,러시아,7493123,73297
2026-05,의료기기,9018,말레이시아,2220072,11988
2026-05,의료기기,9018,멕시코,3082469,34035
2026-05,의료기기,9018,미국,57743240,601325
2026-05,의료기기,9018,베트남,4459689,92609
2026-05,의료기기,9018,사우디아라비아,1213091,8682
2026-05,의료기기,9018,싱가포르,2983477,13977
2026-05,의료기기,9018,아랍에미리트,4204377,15144
2026-05,의료기기,9018,영국,1762725,9950
2026-05,의료기기,9018,인도,11151189,72601
2026-05,의료기기,9018,인도네시아,2774211,39147
2026-05,의료기기,9018,일본,18208633,133919
2026-05,의료기기,9018,전체,230817370,1901619
2026-05,의료기기,9018,중국,15087885,88406
2026-05,의료기기,9018,카자흐스탄,1397732,27988
2026-05,의료기기,9018,캐나다,1775563,5842
2026-05,의료기기,9018,태국,7846505,32985
2026-05,의료기기,9018,튀르키예,1982485,18389
2026-05,의료기기,9018,폴란드,5701790,22523
2026-05,의료기기,9018,필리핀,2415201,36157
2026-05,의료기기,9018,호주,2764759,14925
2026-05,의료기기,9018,홍콩,4862923,12501
2026-05,전선·케이블,8544,네덜란드,353358,4272
2026-05,전선·케이블,8544,대만,9810019,857168
2026-05,전선·케이블,8544,독일,4653895,272952
2026-05,전선·케이블,8544,러시아,392909,15784
2026-05,전선·케이블,8544,말레이시아,1543505,42629
2026-05,전선·케이블,8544,멕시코,10980878,592220
2026-05,전선·케이블,8544,미국,109087248,11491940
2026-05,전선·케이블,8544,베트남,45752596,2707065
2026-05,전선·케이블,8544,사우디아라비아,1031079,115220
2026-05,전선·케이블,8544,싱가포르,17076996,1573163
2026-05,전선·케이블,8544,아랍에미리트,386906,14490
2026-05,전선·케이블,8544,영국,8242904,590507
2026-05,전선·케이블,8544,인도,5059180,296564
2026-05,전선·케이블,8544,인도네시아,4899347,277739
2026-05,전선·케이블,8544,일본,12880029,1069354
2026-05,전선·케이블,8544,전체,352198553,28741365
2026-05,전선·케이블,8544,중국,41629860,2416861
2026-05,전선·케이블,8544,카자흐스탄,805484,22606
2026-05,전선·케이블,8544,캐나다,8806382,1020347
2026-05,전선·케이블,8544,태국,4492408,516647
2026-05,전선·케이블,8544,튀르키예,4203008,251378
2026-05,전선·케이블,8544,폴란드,1781855,42522
2026-05,전선·케이블,8544,필리핀,20502969,1584861
2026-05,전선·케이블,8544,호주,6354050,416247
2026-05,전선·케이블,8544,홍콩,4959018,717953
2026-05,태양광 모듈,854143,독일,770,384
2026-05,태양광 모듈,854143,말레이시아,0,0
2026-05,태양광 모듈,854143,미국,277592,50332
2026-05,태양광 모듈,854143,베트남,409480,220
2026-05,태양광 모듈,854143,싱가포르,31340,59
2026-05,태양광 모듈,854143,일본,5916,315
2026-05,태양광 모듈,854143,전체,3309691,823517
2026-05,태양광 모듈,854143,중국,285887,189211
2026-05,태양광 모듈,854143,태국,0,0
2026-05,태양광 모듈,854143,필리핀,0,0
2026-05,화장품,3304,네덜란드,21436731,474885
2026-05,화장품,3304,대만,23433873,1184649
2026-05,화장품,3304,독일,7045496,166561
2026-05,화장품,3304,러시아,33412945,939283
2026-05,화장품,3304,말레이시아,11054980,342430
2026-05,화장품,3304,멕시코,4909016,111564
2026-05,화장품,3304,미국,210533861,6754751
2026-05,화장품,3304,베트남,33570077,1142314
2026-05,화장품,3304,사우디아라비아,5482764,146590
2026-05,화장품,3304,싱가포르,12160655,301951
2026-05,화장품,3304,아랍에미리트,20197040,392759
2026-05,화장품,3304,영국,36352624,1098190
2026-05,화장품,3304,인도,8288666,320830
2026-05,화장품,3304,인도네시아,14063731,373195
2026-05,화장품,3304,일본,61303566,1788275
2026-05,화장품,3304,전체,979181691,29282833
2026-05,화장품,3304,중국,151890586,4514669
2026-05,화장품,3304,카자흐스탄,9747275,256505
2026-05,화장품,3304,캐나다,14972513,529880
2026-05,화장품,3304,태국,16793211,492964
2026-05,화장품,3304,튀르키예,13282251,321310
2026-05,화장품,3304,폴란드,50663400,1604050
2026-05,화장품,3304,필리핀,7113484,400934
2026-05,화장품,3304,호주,12819017,384451
2026-05,화장품,3304,홍콩,58767113,1429097
2026-06,라면,190230,네덜란드,12553600,2820041
2026-06,라면,190230,대만,4705296,1348821
2026-06,라면,190230,독일,5355687,1362276
2026-06,라면,190230,러시아,1583208,350269
2026-06,라면,190230,말레이시아,5372057,1233922
2026-06,라면,190230,멕시코,6168707,1234919
2026-06,라면,190230,미국,27243560,5692752
2026-06,라면,190230,베트남,2148358,600152
2026-06,라면,190230,사우디아라비아,1625666,368728
2026-06,라면,190230,싱가포르,1035439,251902
2026-06,라면,190230,아랍에미리트,753319,189725
2026-06,라면,190230,영국,8144457,1780355
2026-06,라면,190230,인도,2599927,625005
2026-06,라면,190230,인도네시아,2075826,481268
2026-06,라면,190230,일본,5995337,1950845
2026-06,라면,190230,전체,174879469,42730902
2026-06,라면,190230,중국,43831633,11765013
2026-06,라면,190230,카자흐스탄,1429906,309613
2026-06,라면,190230,캐나다,4016859,1009625
2026-06,라면,190230,태국,4349568,1043466
2026-06,라면,190230,튀르키예,96546,25854
2026-06,라면,190230,폴란드,896241,273545
2026-06,라면,190230,필리핀,5848790,1231563
2026-06,라면,190230,호주,5138531,1390023
2026-06,라면,190230,홍콩,2057261,653821
2026-06,리튬이온 배터리,850760,네덜란드,1160764,37723
2026-06,리튬이온 배터리,850760,대만,229184,4043
2026-06,리튬이온 배터리,850760,독일,8788844,249479
2026-06,리튬이온 배터리,850760,말레이시아,8300543,287218
2026-06,리튬이온 배터리,850760,멕시코,1318694,49909
2026-06,리튬이온 배터리,850760,미국,163873133,5479448
2026-06,리튬이온 배터리,850760,베트남,14769612,225764
2026-06,리튬이온 배터리,850760,사우디아라비아,10891,40
2026-06,리튬이온 배터리,850760,싱가포르,410110,12119
2026-06,리튬이온 배터리,850760,아랍에미리트,3375955,102520
2026-06,리튬이온 배터리,850760,영국,261055,2972
2026-06,리튬이온 배터리,850760,인도,44069577,2103280
2026-06,리튬이온 배터리,850760,인도네시아,11050,79
2026-06,리튬이온 배터리,850760,일본,29707196,214325
2026-06,리튬이온 배터리,850760,전체,382681076,12104642
2026-06,리튬이온 배터리,850760,중국,33293781,1223745
2026-06,리튬이온 배터리,850760,카자흐스탄,51,1
2026-06,리튬이온 배터리,850760,캐나다,2343929,48712
2026-06,리튬이온 배터리,850760,태국,1233485,5729
2026-06,리튬이온 배터리,850760,튀르키예,226809,8769
2026-06,리튬이온 배터리,850760,폴란드,11254887,105995
2026-06,리튬이온 배터리,850760,필리핀,322149,9814
2026-06,리튬이온 배터리,850760,호주,5403394,181137
2026-06,리튬이온 배터리,850760,홍콩,15852224,413510
2026-06,메모리 반도체,854232,네덜란드,51198822,739
2026-06,메모리 반도체,854232,대만,5427380454,28750
2026-06,메모리 반도체,854232,독일,32475224,938
2026-06,메모리 반도체,854232,말레이시아,1176677110,3289
2026-06,메모리 반도체,854232,멕시코,36652020,2434
2026-06,메모리 반도체,854232,미국,260174231,2981
2026-06,메모리 반도체,854232,베트남,3350687610,54182
2026-06,메모리 반도체,854232,사우디아라비아,200,0
2026-06,메모리 반도체,854232,싱가포르,96807291,2385
2026-06,메모리 반도체,854232,영국,349822,43
2026-06,메모리 반도체,854232,인도,406498078,4828
2026-06,메모리 반도체,854232,인도네시아,90201875,1759
2026-06,메모리 반도체,854232,일본,205655376,2083
2026-06,메모리 반도체,854232,전체,29039860581,363887
2026-06,메모리 반도체,854232,중국,10638514151,123314
2026-06,메모리 반도체,854232,캐나다,31185554,129
2026-06,메모리 반도체,854232,태국,102019376,2057
2026-06,메모리 반도체,854232,튀르키예,11734245,128
2026-06,메모리 반도체,854232,폴란드,11132735,1040
2026-06,메모리 반도체,854232,필리핀,1064549083,12230
2026-06,메모리 반도체,854232,호주,156,1
2026-06,메모리 반도체,854232,홍콩,5818784943,115763
2026-06,바이오의약품·톡신,3002,네덜란드,99885690,9035
2026-06,바이오의약품·톡신,3002,대만,2427348,4321
2026-06,바이오의약품·톡신,3002,독일,58561811,15203
2026-06,바이오의약품·톡신,3002,러시아,323782,771
2026-06,바이오의약품·톡신,3002,말레이시아,1084997,19994
2026-06,바이오의약품·톡신,3002,멕시코,880959,84198
2026-06,바이오의약품·톡신,3002,미국,122200981,36350
2026-06,바이오의약품·톡신,3002,베트남,7250415,37258
2026-06,바이오의약품·톡신,3002,사우디아라비아,4061772,7060
2026-06,바이오의약품·톡신,3002,싱가포르,806114,654
2026-06,바이오의약품·톡신,3002,아랍에미리트,1256495,2584
2026-06,바이오의약품·톡신,3002,영국,397345,284
2026-06,바이오의약품·톡신,3002,인도,574293,6634
2026-06,바이오의약품·톡신,3002,인도네시아,586799,661
2026-06,바이오의약품·톡신,3002,일본,12926084,11338
2026-06,바이오의약품·톡신,3002,전체,1023902300,598950
2026-06,바이오의약품·톡신,3002,중국,13936418,32243
2026-06,바이오의약품·톡신,3002,카자흐스탄,2350465,3054
2026-06,바이오의약품·톡신,3002,캐나다,11539837,6379
2026-06,바이오의약품·톡신,3002,태국,3654435,12142
2026-06,바이오의약품·톡신,3002,튀르키예,146634084,4391
2026-06,바이오의약품·톡신,3002,폴란드,558137,1468
2026-06,바이오의약품·톡신,3002,필리핀,1905968,20967
2026-06,바이오의약품·톡신,3002,호주,6504251,2205
2026-06,바이오의약품·톡신,3002,홍콩,2466524,3831
2026-06,반도체 장비,8486,네덜란드,89286712,47546
2026-06,반도체 장비,8486,대만,231169904,917019
2026-06,반도체 장비,8486,독일,2055655,26986
2026-06,반도체 장비,8486,말레이시아,72922237,530455
2026-06,반도체 장비,8486,멕시코,5790564,85947
2026-06,반도체 장비,8486,미국,197177655,1065388
2026-06,반도체 장비,8486,베트남,11507752,118299
2026-06,반도체 장비,8486,사우디아라비아,1099,19
2026-06,반도체 장비,8486,싱가포르,83292183,492213
2026-06,반도체 장비,8486,영국,1030864,2551
2026-06,반도체 장비,8486,인도,8488138,53403
2026-06,반도체 장비,8486,인도네시아,152778,656
2026-06,반도체 장비,8486,일본,69425789,244315
2026-06,반도체 장비,8486,전체,1157103669,7275732
2026-06,반도체 장비,8486,중국,355848725,3569580
2026-06,반도체 장비,8486,캐나다,418677,2173
2026-06,반도체 장비,8486,태국,638397,1815
2026-06,반도체 장비,8486,폴란드,2304,65
2026-06,반도체 장비,8486,필리핀,2902666,16910
2026-06,반도체 장비,8486,호주,474,1
2026-06,반도체 장비,8486,홍콩,6520148,8858
2026-06,변압기·전력변환기,8504,네덜란드,8470777,271531
2026-06,변압기·전력변환기,8504,대만,5341822,534785
2026-06,변압기·전력변환기,8504,독일,2090189,16205
2026-06,변압기·전력변환기,8504,러시아,136439,4485
2026-06,변압기·전력변환기,8504,말레이시아,5847553,267684
2026-06,변압기·전력변환기,8504,멕시코,6301240,127337
2026-06,변압기·전력변환기,8504,미국,167496522,12144010
2026-06,변압기·전력변환기,8504,베트남,24815841,573451
2026-06,변압기·전력변환기,8504,사우디아라비아,6910573,379796
2026-06,변압기·전력변환기,8504,싱가포르,1432815,24589
2026-06,변압기·전력변환기,8504,아랍에미리트,2756516,96581
2026-06,변압기·전력변환기,8504,영국,18418641,1008133
2026-06,변압기·전력변환기,8504,인도,5368577,73764
2026-06,변압기·전력변환기,8504,인도네시아,5114909,378539
2026-06,변압기·전력변환기,8504,일본,13113353,1080484
2026-06,변압기·전력변환기,8504,전체,340627169,20552214
2026-06,변압기·전력변환기,8504,중국,21071156,854556
2026-06,변압기·전력변환기,8504,카자흐스탄,6975,206
2026-06,변압기·전력변환기,8504,캐나다,1259741,101326
2026-06,변압기·전력변환기,8504,태국,2621253,207685
2026-06,변압기·전력변환기,8504,튀르키예,1786675,23883
2026-06,변압기·전력변환기,8504,폴란드,4491117,91155
2026-06,변압기·전력변환기,8504,필리핀,2586200,327767
2026-06,변압기·전력변환기,8504,호주,898724,59033
2026-06,변압기·전력변환기,8504,홍콩,2066669,16589
2026-06,선박,8901,대만,3780000,904000
2026-06,선박,8901,미국,0,0
2026-06,선박,8901,베트남,0,0
2026-06,선박,8901,싱가포르,455055963,239170100
2026-06,선박,8901,아랍에미리트,18257739,108612000
2026-06,선박,8901,인도네시아,3100000,2194000
2026-06,선박,8901,일본,62,1
2026-06,선박,8901,전체,2655544800,1075695173
2026-06,선박,8901,중국,0,0
2026-06,선박,8901,캐나다,0,0
2026-06,선박,8901,호주,0,0
2026-06,선박,8901,홍콩,0,0
2026-06,승용차,8703,네덜란드,91675528,5722281
2026-06,승용차,8703,대만,64377852,4317901
2026-06,승용차,8703,독일,202551290,12023426
2026-06,승용차,8703,러시아,61134874,6266932
2026-06,승용차,8703,멕시코,23953504,1714096
2026-06,승용차,8703,미국,2978970695,234786177
2026-06,승용차,8703,베트남,3428322,292814
2026-06,승용차,8703,사우디아라비아,157735210,10020155
2026-06,승용차,8703,싱가포르,3753946,279714
2026-06,승용차,8703,아랍에미리트,9250234,792406
2026-06,승용차,8703,영국,221743584,13373641
2026-06,승용차,8703,인도,859741,39669
2026-06,승용차,8703,인도네시아,6997426,421632
2026-06,승용차,8703,일본,4063518,324539
2026-06,승용차,8703,전체,6356019705,515888433
2026-06,승용차,8703,중국,25779169,755604
2026-06,승용차,8703,카자흐스탄,58929520,4723400
2026-06,승용차,8703,캐나다,619731877,47495668
2026-06,승용차,8703,태국,140531,26265
2026-06,승용차,8703,튀르키예,77680141,5150444
2026-06,승용차,8703,폴란드,42369573,2844029
2026-06,승용차,8703,필리핀,15829584,1265690
2026-06,승용차,8703,호주,316228043,20859316
2026-06,승용차,8703,홍콩,369965,22265
2026-06,시스템반도체,854231,네덜란드,2662332,717
2026-06,시스템반도체,854231,대만,341473391,103447
2026-06,시스템반도체,854231,독일,3149342,1164
2026-06,시스템반도체,854231,말레이시아,136638584,58889
2026-06,시스템반도체,854231,멕시코,31689696,10824
2026-06,시스템반도체,854231,미국,37667033,16143
2026-06,시스템반도체,854231,베트남,1236273011,98804
2026-06,시스템반도체,854231,싱가포르,342212045,85823
2026-06,시스템반도체,854231,아랍에미리트,226701,20
2026-06,시스템반도체,854231,영국,229180,151
2026-06,시스템반도체,854231,인도,134740880,23430
2026-06,시스템반도체,854231,인도네시아,21610929,4647
2026-06,시스템반도체,854231,일본,34099332,9215
2026-06,시스템반도체,854231,전체,3427390737,696700
2026-06,시스템반도체,854231,중국,761020221,147163
2026-06,시스템반도체,854231,캐나다,884838,8
2026-06,시스템반도체,854231,태국,30093996,22980
2026-06,시스템반도체,854231,튀르키예,2461037,138
2026-06,시스템반도체,854231,폴란드,9038193,3876
2026-06,시스템반도체,854231,필리핀,50405462,27974
2026-06,시스템반도체,854231,호주,0,0
2026-06,시스템반도체,854231,홍콩,126842270,49419
2026-06,완제의약품,3004,네덜란드,1141900,4866
2026-06,완제의약품,3004,대만,2010374,42642
2026-06,완제의약품,3004,독일,2710428,14522
2026-06,완제의약품,3004,러시아,460830,4571
2026-06,완제의약품,3004,말레이시아,1372638,9168
2026-06,완제의약품,3004,멕시코,4597101,21762
2026-06,완제의약품,3004,미국,1045940,15152
2026-06,완제의약품,3004,베트남,12172985,565835
2026-06,완제의약품,3004,사우디아라비아,367847,20151
2026-06,완제의약품,3004,싱가포르,377395,6001
2026-06,완제의약품,3004,아랍에미리트,701327,3031
2026-06,완제의약품,3004,영국,429079,2199
2026-06,완제의약품,3004,인도,341552,974
2026-06,완제의약품,3004,인도네시아,1543401,13765
2026-06,완제의약품,3004,일본,10908505,120052
2026-06,완제의약품,3004,전체,90070024,1809471
2026-06,완제의약품,3004,중국,8601328,105199
2026-06,완제의약품,3004,카자흐스탄,584239,8008
2026-06,완제의약품,3004,캐나다,2476,2
2026-06,완제의약품,3004,태국,8469073,93102
2026-06,완제의약품,3004,튀르키예,53196,343
2026-06,완제의약품,3004,폴란드,172873,565
2026-06,완제의약품,3004,필리핀,4808638,72547
2026-06,완제의약품,3004,호주,746819,3472
2026-06,완제의약품,3004,홍콩,2036498,26432
2026-06,의료기기,9018,네덜란드,5209374,36842
2026-06,의료기기,9018,대만,7102505,33777
2026-06,의료기기,9018,독일,5618170,30590
2026-06,의료기기,9018,러시아,12374903,84858
2026-06,의료기기,9018,말레이시아,2308140,19034
2026-06,의료기기,9018,멕시코,3781527,26782
2026-06,의료기기,9018,미국,52355248,577832
2026-06,의료기기,9018,베트남,10577814,223065
2026-06,의료기기,9018,사우디아라비아,2806505,31404
2026-06,의료기기,9018,싱가포르,5579745,23079
2026-06,의료기기,9018,아랍에미리트,3918434,14589
2026-06,의료기기,9018,영국,4345001,26231
2026-06,의료기기,9018,인도,13410571,155085
2026-06,의료기기,9018,인도네시아,6243493,57650
2026-06,의료기기,9018,일본,21440725,108988
2026-06,의료기기,9018,전체,287587516,2313241
2026-06,의료기기,9018,중국,15937228,97790
2026-06,의료기기,9018,카자흐스탄,1055136,11349
2026-06,의료기기,9018,캐나다,3235331,15583
2026-06,의료기기,9018,태국,11146023,51363
2026-06,의료기기,9018,튀르키예,3244103,25509
2026-06,의료기기,9018,폴란드,3838550,19941
2026-06,의료기기,9018,필리핀,2361181,28092
2026-06,의료기기,9018,호주,7051808,26095
2026-06,의료기기,9018,홍콩,8700391,22558
2026-06,전선·케이블,8544,네덜란드,238230,2631
2026-06,전선·케이블,8544,대만,4957503,349853
2026-06,전선·케이블,8544,독일,8901996,573942
2026-06,전선·케이블,8544,러시아,539789,31795
2026-06,전선·케이블,8544,말레이시아,1093131,19021
2026-06,전선·케이블,8544,멕시코,13017920,713013
2026-06,전선·케이블,8544,미국,156107589,15886807
2026-06,전선·케이블,8544,베트남,49556122,2755255
2026-06,전선·케이블,8544,사우디아라비아,1478575,117952
2026-06,전선·케이블,8544,싱가포르,8043500,782072
2026-06,전선·케이블,8544,아랍에미리트,14753157,1493682
2026-06,전선·케이블,8544,영국,32431790,2546806
2026-06,전선·케이블,8544,인도,6194072,271779
2026-06,전선·케이블,8544,인도네시아,5763515,357532
2026-06,전선·케이블,8544,일본,10842470,900462
2026-06,전선·케이블,8544,전체,445744316,36306674
2026-06,전선·케이블,8544,중국,52847847,3108011
2026-06,전선·케이블,8544,카자흐스탄,1893722,174630
2026-06,전선·케이블,8544,캐나다,8603969,1098484
2026-06,전선·케이블,8544,태국,2928221,452503
2026-06,전선·케이블,8544,튀르키예,4659782,240326
2026-06,전선·케이블,8544,폴란드,2085240,38269
2026-06,전선·케이블,8544,필리핀,20566745,1648092
2026-06,전선·케이블,8544,호주,5828700,358160
2026-06,전선·케이블,8544,홍콩,3249556,406997
2026-06,태양광 모듈,854143,독일,4489,422
2026-06,태양광 모듈,854143,미국,245648,56919
2026-06,태양광 모듈,854143,베트남,593523,229
2026-06,태양광 모듈,854143,인도,64,71
2026-06,태양광 모듈,854143,일본,12902,2666
2026-06,태양광 모듈,854143,전체,1816354,504784
2026-06,태양광 모듈,854143,중국,136714,157560
2026-06,태양광 모듈,854143,캐나다,1004,63
2026-06,태양광 모듈,854143,필리핀,0,0
2026-06,태양광 모듈,854143,홍콩,0,0
2026-06,화장품,3304,네덜란드,29348560,639497
2026-06,화장품,3304,대만,20645922,1022809
2026-06,화장품,3304,독일,12089543,287495
2026-06,화장품,3304,러시아,49031920,1362041
2026-06,화장품,3304,말레이시아,14043252,528964
2026-06,화장품,3304,멕시코,6968549,122158
2026-06,화장품,3304,미국,217580067,7783403
2026-06,화장품,3304,베트남,37178182,1112653
2026-06,화장품,3304,사우디아라비아,4200773,121936
2026-06,화장품,3304,싱가포르,11174970,304485
2026-06,화장품,3304,아랍에미리트,21003947,449239
2026-06,화장품,3304,영국,39438740,1080168
2026-06,화장품,3304,인도,8946485,352492
2026-06,화장품,3304,인도네시아,15846427,572861
2026-06,화장품,3304,일본,75966925,2096717
2026-06,화장품,3304,전체,1090346746,32944156
2026-06,화장품,3304,중국,151326931,4564877
2026-06,화장품,3304,카자흐스탄,12851954,445764
2026-06,화장품,3304,캐나다,22443139,749505
2026-06,화장품,3304,태국,18935484,467962
2026-06,화장품,3304,튀르키예,14706238,320423
2026-06,화장품,3304,폴란드,42167473,1264649
2026-06,화장품,3304,필리핀,8439106,490010
2026-06,화장품,3304,호주,21263613,682896
2026-06,화장품,3304,홍콩,67345085,1586996
2026-07,라면,190230,네덜란드,9544442,2296922
2026-07,라면,190230,대만,4032778,1073316
2026-07,라면,190230,독일,3302316,813673
2026-07,라면,190230,러시아,2771423,631178
2026-07,라면,190230,말레이시아,6244424,1383394
2026-07,라면,190230,멕시코,8563114,1828813
2026-07,라면,190230,미국,23849422,4862353
2026-07,라면,190230,베트남,1844875,553424
2026-07,라면,190230,사우디아라비아,1313615,264674
2026-07,라면,190230,싱가포르,1089292,258824
2026-07,라면,190230,아랍에미리트,2491476,534757
2026-07,라면,190230,영국,3401786,734649
2026-07,라면,190230,인도,2436512,591239
2026-07,라면,190230,인도네시아,903028,312589
2026-07,라면,190230,일본,9689775,3090433
2026-07,라면,190230,전체,161143311,39714314
2026-07,라면,190230,중국,34252963,9359322
2026-07,라면,190230,카자흐스탄,1037554,285614
2026-07,라면,190230,캐나다,4908691,1293560
2026-07,라면,190230,태국,4533874,1097015
2026-07,라면,190230,튀르키예,87172,19432
2026-07,라면,190230,폴란드,809644,209356
2026-07,라면,190230,필리핀,6376605,1364554
2026-07,라면,190230,호주,4911279,1277303
2026-07,라면,190230,홍콩,2471445,748366
2026-07,리튬이온 배터리,850760,네덜란드,149097,731
2026-07,리튬이온 배터리,850760,대만,2732084,143762
2026-07,리튬이온 배터리,850760,독일,12429496,243171
2026-07,리튬이온 배터리,850760,말레이시아,1214592,40192
2026-07,리튬이온 배터리,850760,멕시코,1252825,47980
2026-07,리튬이온 배터리,850760,미국,173156565,5684118
2026-07,리튬이온 배터리,850760,베트남,19495226,381500
2026-07,리튬이온 배터리,850760,사우디아라비아,554408,1201
2026-07,리튬이온 배터리,850760,싱가포르,61555,2145
2026-07,리튬이온 배터리,850760,아랍에미리트,17825,192
2026-07,리튬이온 배터리,850760,영국,377870,4526
2026-07,리튬이온 배터리,850760,인도,40879978,1759071
2026-07,리튬이온 배터리,850760,인도네시아,10246,84
2026-07,리튬이온 배터리,850760,일본,9263651,319760
2026-07,리튬이온 배터리,850760,전체,364079313,11561183
2026-07,리튬이온 배터리,850760,중국,23204709,734049
2026-07,리튬이온 배터리,850760,카자흐스탄,452,6
2026-07,리튬이온 배터리,850760,캐나다,109707,1163
2026-07,리튬이온 배터리,850760,태국,1142364,157079
2026-07,리튬이온 배터리,850760,튀르키예,104618,4904
2026-07,리튬이온 배터리,850760,폴란드,12250945,106128
2026-07,리튬이온 배터리,850760,필리핀,1900101,66423
2026-07,리튬이온 배터리,850760,호주,3741411,122964
2026-07,리튬이온 배터리,850760,홍콩,25086657,653797
2026-07,메모리 반도체,854232,네덜란드,55795479,518
2026-07,메모리 반도체,854232,대만,3195968215,18001
2026-07,메모리 반도체,854232,독일,39568857,811
2026-07,메모리 반도체,854232,말레이시아,1369352570,4084
2026-07,메모리 반도체,854232,멕시코,51269169,2978
2026-07,메모리 반도체,854232,미국,179145254,2276
2026-07,메모리 반도체,854232,베트남,4249228782,54408
2026-07,메모리 반도체,854232,싱가포르,103705339,1859
2026-07,메모리 반도체,854232,영국,451,2
2026-07,메모리 반도체,854232,인도,586438290,5025
2026-07,메모리 반도체,854232,인도네시아,137377659,1840
2026-07,메모리 반도체,854232,일본,137916709,1786
2026-07,메모리 반도체,854232,전체,28007194785,325403
2026-07,메모리 반도체,854232,중국,12466810855,118957
2026-07,메모리 반도체,854232,캐나다,4762,2
2026-07,메모리 반도체,854232,태국,203089170,2731
2026-07,메모리 반도체,854232,튀르키예,24162849,205
2026-07,메모리 반도체,854232,폴란드,16173668,956
2026-07,메모리 반도체,854232,필리핀,872299820,13774
2026-07,메모리 반도체,854232,호주,658,40
2026-07,메모리 반도체,854232,홍콩,4067436492,86427
2026-07,바이오의약품·톡신,3002,네덜란드,58018330,7612
2026-07,바이오의약품·톡신,3002,대만,1480814,1276
2026-07,바이오의약품·톡신,3002,독일,28498895,5196
2026-07,바이오의약품·톡신,3002,러시아,153754,268
2026-07,바이오의약품·톡신,3002,말레이시아,1032189,16675
2026-07,바이오의약품·톡신,3002,멕시코,1379171,1095
2026-07,바이오의약품·톡신,3002,미국,146815164,52592
2026-07,바이오의약품·톡신,3002,베트남,6897664,26435
2026-07,바이오의약품·톡신,3002,사우디아라비아,428509,2175
2026-07,바이오의약품·톡신,3002,싱가포르,3597344,2223
2026-07,바이오의약품·톡신,3002,아랍에미리트,200348,845
2026-07,바이오의약품·톡신,3002,영국,4629935,870
2026-07,바이오의약품·톡신,3002,인도,946797,4040
2026-07,바이오의약품·톡신,3002,인도네시아,314625,651
2026-07,바이오의약품·톡신,3002,일본,27995919,22609
2026-07,바이오의약품·톡신,3002,전체,714477130,450211
2026-07,바이오의약품·톡신,3002,중국,7243203,16454
2026-07,바이오의약품·톡신,3002,카자흐스탄,860862,1582
2026-07,바이오의약품·톡신,3002,캐나다,31227172,16278
2026-07,바이오의약품·톡신,3002,태국,5487700,8695
2026-07,바이오의약품·톡신,3002,튀르키예,3160038,3210
2026-07,바이오의약품·톡신,3002,폴란드,1505182,1022
2026-07,바이오의약품·톡신,3002,필리핀,3280631,12192
2026-07,바이오의약품·톡신,3002,호주,5187029,4646
2026-07,바이오의약품·톡신,3002,홍콩,466889,1178
2026-07,반도체 장비,8486,네덜란드,64466608,37445
2026-07,반도체 장비,8486,대만,143876928,576700
2026-07,반도체 장비,8486,독일,2235430,3236
2026-07,반도체 장비,8486,러시아,0,0
2026-07,반도체 장비,8486,말레이시아,91034072,622581
2026-07,반도체 장비,8486,멕시코,38269,75
2026-07,반도체 장비,8486,미국,205141017,764616
2026-07,반도체 장비,8486,베트남,22892303,301299
2026-07,반도체 장비,8486,싱가포르,102807277,646801
2026-07,반도체 장비,8486,아랍에미리트,5000,30
2026-07,반도체 장비,8486,영국,265016,308
2026-07,반도체 장비,8486,인도,2337952,15616
2026-07,반도체 장비,8486,인도네시아,42508,606
2026-07,반도체 장비,8486,일본,80767299,282067
2026-07,반도체 장비,8486,전체,1057608927,6010738
2026-07,반도체 장비,8486,중국,324026112,2672312
2026-07,반도체 장비,8486,캐나다,3268,11
2026-07,반도체 장비,8486,태국,3616665,25772
2026-07,반도체 장비,8486,튀르키예,6371,0
2026-07,반도체 장비,8486,폴란드,0,0
2026-07,반도체 장비,8486,필리핀,2386691,15569
2026-07,반도체 장비,8486,호주,795,4
2026-07,반도체 장비,8486,홍콩,1021317,2262
2026-07,변압기·전력변환기,8504,네덜란드,3460995,66905
2026-07,변압기·전력변환기,8504,대만,5691453,561551
2026-07,변압기·전력변환기,8504,독일,1629703,16676
2026-07,변압기·전력변환기,8504,러시아,415418,15289
2026-07,변압기·전력변환기,8504,말레이시아,9810707,535872
2026-07,변압기·전력변환기,8504,멕시코,7629834,133080
2026-07,변압기·전력변환기,8504,미국,204247946,14086180
2026-07,변압기·전력변환기,8504,베트남,42592147,1292405
2026-07,변압기·전력변환기,8504,사우디아라비아,4310649,133586
2026-07,변압기·전력변환기,8504,싱가포르,1481728,14969
2026-07,변압기·전력변환기,8504,아랍에미리트,2310781,180490
2026-07,변압기·전력변환기,8504,영국,12671580,690508
2026-07,변압기·전력변환기,8504,인도,6007543,99332
2026-07,변압기·전력변환기,8504,인도네시아,4189464,346337
2026-07,변압기·전력변환기,8504,일본,8442163,598749
2026-07,변압기·전력변환기,8504,전체,399018067,23051650
2026-07,변압기·전력변환기,8504,중국,25356183,1063013
2026-07,변압기·전력변환기,8504,카자흐스탄,25831,846
2026-07,변압기·전력변환기,8504,캐나다,7565474,388897
2026-07,변압기·전력변환기,8504,태국,3644288,312223
2026-07,변압기·전력변환기,8504,튀르키예,1161769,11186
2026-07,변압기·전력변환기,8504,폴란드,4427907,112289
2026-07,변압기·전력변환기,8504,필리핀,3338047,344569
2026-07,변압기·전력변환기,8504,호주,295585,13483
2026-07,변압기·전력변환기,8504,홍콩,3074765,56700
2026-07,선박,8901,멕시코,0,0
2026-07,선박,8901,미국,123666076,221228000
2026-07,선박,8901,싱가포르,415297634,217567400
2026-07,선박,8901,아랍에미리트,0,0
2026-07,선박,8901,인도네시아,650000,855000
2026-07,선박,8901,일본,1538628,1474001
2026-07,선박,8901,전체,3045258326,1295709709
2026-07,선박,8901,중국,40000000,7455000
2026-07,선박,8901,태국,187276,695000
2026-07,선박,8901,필리핀,310000,1117000
2026-07,선박,8901,호주,0,0
2026-07,승용차,8703,네덜란드,71956108,4632344
2026-07,승용차,8703,대만,66636564,4840661
2026-07,승용차,8703,독일,222284931,13039769
2026-07,승용차,8703,러시아,50089161,5330290
2026-07,승용차,8703,멕시코,56450012,4097385
2026-07,승용차,8703,미국,2742821237,211747842
2026-07,승용차,8703,베트남,9115032,959125
2026-07,승용차,8703,사우디아라비아,121746108,7592101
2026-07,승용차,8703,싱가포르,1119936,82878
2026-07,승용차,8703,아랍에미리트,38121260,3100796
2026-07,승용차,8703,영국,240014070,14657383
2026-07,승용차,8703,인도,67482,5410
2026-07,승용차,8703,인도네시아,8993601,541283
2026-07,승용차,8703,일본,4610090,409498
2026-07,승용차,8703,전체,5939277137,488004101
2026-07,승용차,8703,중국,19194549,706562
2026-07,승용차,8703,카자흐스탄,51272210,4261075
2026-07,승용차,8703,캐나다,508630087,40250056
2026-07,승용차,8703,태국,399700,9125
2026-07,승용차,8703,튀르키예,70828002,4716675
2026-07,승용차,8703,폴란드,24381738,1750263
2026-07,승용차,8703,필리핀,2333489,187894
2026-07,승용차,8703,호주,252345111,17147338
2026-07,시스템반도체,854231,네덜란드,2099268,246
2026-07,시스템반도체,854231,대만,497032344,114487
2026-07,시스템반도체,854231,독일,3782000,1397
2026-07,시스템반도체,854231,말레이시아,159932942,66099
2026-07,시스템반도체,854231,멕시코,18868462,13209
2026-07,시스템반도체,854231,미국,38725113,12700
2026-07,시스템반도체,854231,베트남,1330070086,100974
2026-07,시스템반도체,854231,싱가포르,294919560,95539
2026-07,시스템반도체,854231,아랍에미리트,17804,4
2026-07,시스템반도체,854231,영국,340741,94
2026-07,시스템반도체,854231,인도,178937929,26814
2026-07,시스템반도체,854231,인도네시아,19393128,3875
2026-07,시스템반도체,854231,일본,21490736,6650
2026-07,시스템반도체,854231,전체,3732221337,719641
2026-07,시스템반도체,854231,중국,785352401,140593
2026-07,시스템반도체,854231,카자흐스탄,23750,9
2026-07,시스템반도체,854231,캐나다,4111939,277
2026-07,시스템반도체,854231,태국,37177624,25339
2026-07,시스템반도체,854231,튀르키예,1645649,131
2026-07,시스템반도체,854231,폴란드,6843483,2610
2026-07,시스템반도체,854231,필리핀,60628198,33489
2026-07,시스템반도체,854231,호주,3373,1
2026-07,시스템반도체,854231,홍콩,155770597,54007
2026-07,완제의약품,3004,네덜란드,451,4
2026-07,완제의약품,3004,대만,1221364,11116
2026-07,완제의약품,3004,독일,1887478,11267
2026-07,완제의약품,3004,러시아,182886,1257
2026-07,완제의약품,3004,말레이시아,1240573,18967
2026-07,완제의약품,3004,멕시코,4275724,26133
2026-07,완제의약품,3004,미국,2973126,90170
2026-07,완제의약품,3004,베트남,10278176,539433
2026-07,완제의약품,3004,사우디아라비아,1793989,26711
2026-07,완제의약품,3004,싱가포르,676940,13576
2026-07,완제의약품,3004,아랍에미리트,1997813,4750
2026-07,완제의약품,3004,영국,265160,1486
2026-07,완제의약품,3004,인도,303983,282
2026-07,완제의약품,3004,인도네시아,1426214,13693
2026-07,완제의약품,3004,일본,17255159,113840
2026-07,완제의약품,3004,전체,93422039,1716577
2026-07,완제의약품,3004,중국,5030768,90523
2026-07,완제의약품,3004,카자흐스탄,407651,3777
2026-07,완제의약품,3004,캐나다,3644,10
2026-07,완제의약품,3004,태국,7722480,75947
2026-07,완제의약품,3004,튀르키예,468463,3411
2026-07,완제의약품,3004,폴란드,179220,3993
2026-07,완제의약품,3004,필리핀,5424958,105510
2026-07,완제의약품,3004,호주,358812,10388
2026-07,완제의약품,3004,홍콩,1923074,16686
2026-07,의료기기,9018,네덜란드,6239132,36274
2026-07,의료기기,9018,대만,5807869,46445
2026-07,의료기기,9018,독일,5208514,24454
2026-07,의료기기,9018,러시아,7112283,54621
2026-07,의료기기,9018,말레이시아,2520218,25406
2026-07,의료기기,9018,멕시코,3034849,54600
2026-07,의료기기,9018,미국,63804813,769332
2026-07,의료기기,9018,베트남,8600456,166195
2026-07,의료기기,9018,사우디아라비아,2720276,17586
2026-07,의료기기,9018,싱가포르,3292330,12680
2026-07,의료기기,9018,아랍에미리트,6649281,45057
2026-07,의료기기,9018,영국,2401418,20594
2026-07,의료기기,9018,인도,14959923,124546
2026-07,의료기기,9018,인도네시아,1949537,9886
2026-07,의료기기,9018,일본,20610160,124668
2026-07,의료기기,9018,전체,269626180,2445289
2026-07,의료기기,9018,중국,16733828,115569
2026-07,의료기기,9018,카자흐스탄,1457195,20841
2026-07,의료기기,9018,캐나다,1989258,12173
2026-07,의료기기,9018,태국,4531666,47672
2026-07,의료기기,9018,튀르키예,3538995,22412
2026-07,의료기기,9018,폴란드,4338548,23526
2026-07,의료기기,9018,필리핀,2125538,39048
2026-07,의료기기,9018,호주,4325834,47514
2026-07,의료기기,9018,홍콩,3395243,10221
2026-07,전선·케이블,8544,네덜란드,2529721,197084
2026-07,전선·케이블,8544,대만,8182616,563082
2026-07,전선·케이블,8544,독일,5463522,324783
2026-07,전선·케이블,8544,러시아,629004,27162
2026-07,전선·케이블,8544,말레이시아,3021632,191269
2026-07,전선·케이블,8544,멕시코,15508707,747305
2026-07,전선·케이블,8544,미국,145065474,14745530
2026-07,전선·케이블,8544,베트남,62999724,3621867
2026-07,전선·케이블,8544,사우디아라비아,1683574,86736
2026-07,전선·케이블,8544,싱가포르,22553850,1893230
2026-07,전선·케이블,8544,아랍에미리트,5550625,594293
2026-07,전선·케이블,8544,영국,1591399,91675
2026-07,전선·케이블,8544,인도,9515849,438460
2026-07,전선·케이블,8544,인도네시아,6345779,345557
2026-07,전선·케이블,8544,일본,14350787,1192502
2026-07,전선·케이블,8544,전체,449006525,35095590
2026-07,전선·케이블,8544,중국,57773664,3318294
2026-07,전선·케이블,8544,카자흐스탄,2323025,186012
2026-07,전선·케이블,8544,캐나다,5794093,463791
2026-07,전선·케이블,8544,태국,3317566,693144
2026-07,전선·케이블,8544,튀르키예,5992172,332825
2026-07,전선·케이블,8544,폴란드,2205220,29660
2026-07,전선·케이블,8544,필리핀,26910808,2218144
2026-07,전선·케이블,8544,호주,2111966,143677
2026-07,전선·케이블,8544,홍콩,2002199,214468
2026-07,태양광 모듈,854143,대만,79827,13194
2026-07,태양광 모듈,854143,독일,22133,3176
2026-07,태양광 모듈,854143,말레이시아,0,0
2026-07,태양광 모듈,854143,미국,288934,61702
2026-07,태양광 모듈,854143,베트남,400671,956
2026-07,태양광 모듈,854143,인도,4469,80
2026-07,태양광 모듈,854143,일본,16180,3400
2026-07,태양광 모듈,854143,전체,7568882,2161157
2026-07,태양광 모듈,854143,중국,176547,190323
2026-07,태양광 모듈,854143,캐나다,504,174
2026-07,태양광 모듈,854143,태국,39,1
2026-07,태양광 모듈,854143,필리핀,0,0
2026-07,태양광 모듈,854143,홍콩,1534,16
2026-07,화장품,3304,네덜란드,48151286,1075524
2026-07,화장품,3304,대만,20422286,955106
2026-07,화장품,3304,독일,6410631,184265
2026-07,화장품,3304,러시아,41653161,1295323
2026-07,화장품,3304,말레이시아,13705503,434865
2026-07,화장품,3304,멕시코,10608890,224032
2026-07,화장품,3304,미국,240241563,8632004
2026-07,화장품,3304,베트남,36460616,1138171
2026-07,화장품,3304,사우디아라비아,6921417,188095
2026-07,화장품,3304,싱가포르,10852006,329543
2026-07,화장품,3304,아랍에미리트,22554166,422935
2026-07,화장품,3304,영국,67705663,1519552
2026-07,화장품,3304,인도,10334908,378595
2026-07,화장품,3304,인도네시아,14911773,433216
2026-07,화장품,3304,일본,73398903,2306525
2026-07,화장품,3304,전체,1097191498,33631263
2026-07,화장품,3304,중국,137614465,4566389
2026-07,화장품,3304,카자흐스탄,11301186,352313
2026-07,화장품,3304,캐나다,18339780,619955
2026-07,화장품,3304,태국,17478269,434026
2026-07,화장품,3304,튀르키예,17072226,401317
2026-07,화장품,3304,폴란드,25964364,807918
2026-07,화장품,3304,필리핀,9947373,422819
2026-07,화장품,3304,호주,22469599,738796
2026-07,화장품,3304,홍콩,39634175,1091655
2026-08,라면,190230,네덜란드,14051051,2851789
2026-08,라면,190230,대만,3392614,887030
2026-08,라면,190230,독일,3990907,869580
2026-08,라면,190230,러시아,1774422,360757
2026-08,라면,190230,말레이시아,4358560,938218
2026-08,라면,190230,멕시코,5067200,1073271
2026-08,라면,190230,미국,26981154,5566400
2026-08,라면,190230,베트남,1876375,565722
2026-08,라면,190230,사우디아라비아,845562,162234
2026-08,라면,190230,싱가포르,1060701,229807
2026-08,라면,190230,아랍에미리트,2382658,525818
2026-08,라면,190230,영국,3034129,666283
2026-08,라면,190230,인도,2676584,634378
2026-08,라면,190230,인도네시아,212320,102967
2026-08,라면,190230,일본,4827008,1640048
2026-08,라면,190230,전체,167308509,40841265
2026-08,라면,190230,중국,50683988,14021215
2026-08,라면,190230,카자흐스탄,1621684,353129
2026-08,라면,190230,캐나다,2961114,880530
2026-08,라면,190230,태국,3757756,884664
2026-08,라면,190230,튀르키예,139591,34724
2026-08,라면,190230,폴란드,555850,169009
2026-08,라면,190230,필리핀,5437540,1150709
2026-08,라면,190230,호주,5518708,1515294
2026-08,라면,190230,홍콩,1863363,612290
2026-08,리튬이온 배터리,850760,네덜란드,246004,1121
2026-08,리튬이온 배터리,850760,대만,1897156,89212
2026-08,리튬이온 배터리,850760,독일,6759961,149254
2026-08,리튬이온 배터리,850760,말레이시아,1778587,52707
2026-08,리튬이온 배터리,850760,멕시코,1539687,57498
2026-08,리튬이온 배터리,850760,미국,143439483,4690045
2026-08,리튬이온 배터리,850760,베트남,15375612,294513
2026-08,리튬이온 배터리,850760,싱가포르,53312,790
2026-08,리튬이온 배터리,850760,아랍에미리트,5783,73
2026-08,리튬이온 배터리,850760,영국,267593,3178
2026-08,리튬이온 배터리,850760,인도,39625434,1686796
2026-08,리튬이온 배터리,850760,인도네시아,19726,406
2026-08,리튬이온 배터리,850760,일본,10144071,415942
2026-08,리튬이온 배터리,850760,전체,304112037,10110424
2026-08,리튬이온 배터리,850760,중국,10101274,371818
2026-08,리튬이온 배터리,850760,카자흐스탄,6260,120
2026-08,리튬이온 배터리,850760,캐나다,656102,36541
2026-08,리튬이온 배터리,850760,태국,24395,511
2026-08,리튬이온 배터리,850760,튀르키예,2920351,205870
2026-08,리튬이온 배터리,850760,폴란드,1108542,33969
2026-08,리튬이온 배터리,850760,필리핀,6169084,221982
2026-08,리튬이온 배터리,850760,호주,3173429,98160
2026-08,리튬이온 배터리,850760,홍콩,21974038,530862
2026-08,메모리 반도체,854232,네덜란드,37758234,543
2026-08,메모리 반도체,854232,대만,3845689064,16363
2026-08,메모리 반도체,854232,독일,43013501,993
2026-08,메모리 반도체,854232,말레이시아,1674308335,4913
2026-08,메모리 반도체,854232,멕시코,27391808,1683
2026-08,메모리 반도체,854232,미국,299546902,3283
2026-08,메모리 반도체,854232,베트남,3362358657,54958
2026-08,메모리 반도체,854232,싱가포르,309344478,3722
2026-08,메모리 반도체,854232,영국,0,0
2026-08,메모리 반도체,854232,인도,559616508,4170
2026-08,메모리 반도체,854232,인도네시아,43723405,1422
2026-08,메모리 반도체,854232,일본,225737504,2262
2026-08,메모리 반도체,854232,전체,33107223602,359017
2026-08,메모리 반도체,854232,중국,14879643305,117515
2026-08,메모리 반도체,854232,캐나다,30542399,120
2026-08,메모리 반도체,854232,태국,197355140,1749
2026-08,메모리 반도체,854232,튀르키예,25954973,281
2026-08,메모리 반도체,854232,폴란드,22066018,1611
2026-08,메모리 반도체,854232,필리핀,1688493175,38882
2026-08,메모리 반도체,854232,호주,47,0
2026-08,메모리 반도체,854232,홍콩,5521810479,100113
2026-08,바이오의약품·톡신,3002,네덜란드,77013232,10377
2026-08,바이오의약품·톡신,3002,대만,1065035,1434
2026-08,바이오의약품·톡신,3002,독일,66218406,4177
2026-08,바이오의약품·톡신,3002,러시아,847739,1441
2026-08,바이오의약품·톡신,3002,말레이시아,4191705,7005
2026-08,바이오의약품·톡신,3002,멕시코,255221,2405
2026-08,바이오의약품·톡신,3002,미국,94853617,29676
2026-08,바이오의약품·톡신,3002,베트남,5642901,26321
2026-08,바이오의약품·톡신,3002,사우디아라비아,3064897,2150
2026-08,바이오의약품·톡신,3002,싱가포르,6405835,2889
2026-08,바이오의약품·톡신,3002,아랍에미리트,118511,187
2026-08,바이오의약품·톡신,3002,영국,196290,211
2026-08,바이오의약품·톡신,3002,인도,79428,494
2026-08,바이오의약품·톡신,3002,인도네시아,320345,1138
2026-08,바이오의약품·톡신,3002,일본,11376076,9561
2026-08,바이오의약품·톡신,3002,전체,691334407,368558
2026-08,바이오의약품·톡신,3002,중국,6506242,18864
2026-08,바이오의약품·톡신,3002,카자흐스탄,1004527,1524
2026-08,바이오의약품·톡신,3002,캐나다,6179660,2651
2026-08,바이오의약품·톡신,3002,태국,4118852,18207
2026-08,바이오의약품·톡신,3002,튀르키예,65588743,9758
2026-08,바이오의약품·톡신,3002,폴란드,1573794,400
2026-08,바이오의약품·톡신,3002,필리핀,2377676,11939
2026-08,바이오의약품·톡신,3002,호주,9763189,5480
2026-08,바이오의약품·톡신,3002,홍콩,416698,486
2026-08,반도체 장비,8486,네덜란드,55532235,31981
2026-08,반도체 장비,8486,대만,150914748,970932
2026-08,반도체 장비,8486,독일,4669787,19960
2026-08,반도체 장비,8486,말레이시아,69432118,442107
2026-08,반도체 장비,8486,멕시코,29742,25
2026-08,반도체 장비,8486,미국,125347387,580006
2026-08,반도체 장비,8486,베트남,8952514,93442
2026-08,반도체 장비,8486,사우디아라비아,207000,2013
2026-08,반도체 장비,8486,싱가포르,117068768,543890
2026-08,반도체 장비,8486,영국,651906,1731
2026-08,반도체 장비,8486,인도,7520215,61930
2026-08,반도체 장비,8486,인도네시아,136392,174
2026-08,반도체 장비,8486,일본,65364624,264461
2026-08,반도체 장비,8486,전체,1039797586,6709029
2026-08,반도체 장비,8486,중국,409897402,3540367
2026-08,반도체 장비,8486,캐나다,86399,164
2026-08,반도체 장비,8486,태국,2623655,21579
2026-08,반도체 장비,8486,폴란드,8062,8
2026-08,반도체 장비,8486,필리핀,4007977,34758
2026-08,반도체 장비,8486,홍콩,4497854,25729
2026-08,변압기·전력변환기,8504,네덜란드,2725557,50408
2026-08,변압기·전력변환기,8504,대만,5880683,515355
2026-08,변압기·전력변환기,8504,독일,3498989,32130
2026-08,변압기·전력변환기,8504,러시아,350690,16402
2026-08,변압기·전력변환기,8504,말레이시아,65219634,3466109
2026-08,변압기·전력변환기,8504,멕시코,7713183,153552
2026-08,변압기·전력변환기,8504,미국,205183303,12712486
2026-08,변압기·전력변환기,8504,베트남,27142435,525852
2026-08,변압기·전력변환기,8504,사우디아라비아,783751,31288
2026-08,변압기·전력변환기,8504,싱가포르,1292656,29666
2026-08,변압기·전력변환기,8504,아랍에미리트,345518,17740
2026-08,변압기·전력변환기,8504,영국,9478615,517872
2026-08,변압기·전력변환기,8504,인도,9983299,730436
2026-08,변압기·전력변환기,8504,인도네시아,4024427,255901
2026-08,변압기·전력변환기,8504,일본,7149581,453700
2026-08,변압기·전력변환기,8504,전체,415631807,22427513
2026-08,변압기·전력변환기,8504,중국,22344157,805941
2026-08,변압기·전력변환기,8504,카자흐스탄,2723,30
2026-08,변압기·전력변환기,8504,캐나다,1279784,37532
2026-08,변압기·전력변환기,8504,태국,1658125,92481
2026-08,변압기·전력변환기,8504,튀르키예,1193527,10150
2026-08,변압기·전력변환기,8504,폴란드,4051370,93944
2026-08,변압기·전력변환기,8504,필리핀,3557500,364416
2026-08,변압기·전력변환기,8504,호주,139073,7726
2026-08,변압기·전력변환기,8504,홍콩,2215632,58293
2026-08,선박,8901,미국,0,0
2026-08,선박,8901,싱가포르,596291500,154465600
2026-08,선박,8901,아랍에미리트,504572,1425000
2026-08,선박,8901,영국,42000000,19987000
2026-08,선박,8901,인도네시아,1850000,1732000
2026-08,선박,8901,일본,568,3
2026-08,선박,8901,전체,1579466157,514478336
2026-08,선박,8901,중국,0,0
2026-08,선박,8901,태국,1775000,999000
2026-08,선박,8901,필리핀,600000,145000
2026-08,선박,8901,홍콩,5250000,6732000
2026-08,승용차,8703,네덜란드,71058982,4801740
2026-08,승용차,8703,대만,32824612,2257851
2026-08,승용차,8703,독일,141221789,8448709
2026-08,승용차,8703,러시아,33186369,3588126
2026-08,승용차,8703,말레이시아,157622,6562
2026-08,승용차,8703,멕시코,32752915,2397265
2026-08,승용차,8703,미국,1476305184,112437568
2026-08,승용차,8703,베트남,9051337,1021040
2026-08,승용차,8703,사우디아라비아,29352245,2406091
2026-08,승용차,8703,싱가포르,6399378,425072
2026-08,승용차,8703,아랍에미리트,11211827,1283455
2026-08,승용차,8703,영국,118797547,7341379
2026-08,승용차,8703,인도,19099,1485
2026-08,승용차,8703,인도네시아,5833839,356561
2026-08,승용차,8703,일본,2370407,180160
2026-08,승용차,8703,전체,3643314547,312151695
2026-08,승용차,8703,중국,6368141,245811
2026-08,승용차,8703,카자흐스탄,47980695,4110598
2026-08,승용차,8703,캐나다,356940740,26467122
2026-08,승용차,8703,태국,283166,9830
2026-08,승용차,8703,튀르키예,64658785,4466299
2026-08,승용차,8703,폴란드,22934388,1776416
2026-08,승용차,8703,필리핀,9719898,786149
2026-08,승용차,8703,호주,151233488,10228239
2026-08,승용차,8703,홍콩,32449,2205
2026-08,시스템반도체,854231,네덜란드,1877864,183
2026-08,시스템반도체,854231,대만,527613148,116127
2026-08,시스템반도체,854231,독일,4444618,1775
2026-08,시스템반도체,854231,말레이시아,165933357,58907
2026-08,시스템반도체,854231,멕시코,19479452,5460
2026-08,시스템반도체,854231,미국,43326255,11611
2026-08,시스템반도체,854231,베트남,1471490057,94379
2026-08,시스템반도체,854231,사우디아라비아,1545,2
2026-08,시스템반도체,854231,싱가포르,293972342,96635
2026-08,시스템반도체,854231,영국,438473,126
2026-08,시스템반도체,854231,인도,201899568,39156
2026-08,시스템반도체,854231,인도네시아,21535918,2751
2026-08,시스템반도체,854231,일본,33699848,9077
2026-08,시스템반도체,854231,전체,4137764220,709154
2026-08,시스템반도체,854231,중국,1012152319,132122
2026-08,시스템반도체,854231,캐나다,4211168,217
2026-08,시스템반도체,854231,태국,35703808,36117
2026-08,시스템반도체,854231,튀르키예,1174992,138
2026-08,시스템반도체,854231,폴란드,10907380,4370
2026-08,시스템반도체,854231,필리핀,67593370,34660
2026-08,시스템반도체,854231,홍콩,108754422,46692
2026-08,완제의약품,3004,네덜란드,2639,2
2026-08,완제의약품,3004,대만,2035316,15929
2026-08,완제의약품,3004,독일,1341083,8388
2026-08,완제의약품,3004,러시아,32502,337
2026-08,완제의약품,3004,말레이시아,936372,10610
2026-08,완제의약품,3004,멕시코,3921759,34262
2026-08,완제의약품,3004,미국,1210551,15647
2026-08,완제의약품,3004,베트남,10419675,451783
2026-08,완제의약품,3004,사우디아라비아,541266,15543
2026-08,완제의약품,3004,싱가포르,535892,6195
2026-08,완제의약품,3004,아랍에미리트,1907006,48039
2026-08,완제의약품,3004,영국,388024,2147
2026-08,완제의약품,3004,인도,174913,840
2026-08,완제의약품,3004,인도네시아,1520268,8371
2026-08,완제의약품,3004,일본,9746234,63384
2026-08,완제의약품,3004,전체,69801512,1347219
2026-08,완제의약품,3004,중국,2595233,28381
2026-08,완제의약품,3004,카자흐스탄,622890,4427
2026-08,완제의약품,3004,캐나다,2504,19
2026-08,완제의약품,3004,태국,3987972,101361
2026-08,완제의약품,3004,튀르키예,376587,225
2026-08,완제의약품,3004,폴란드,123513,645
2026-08,완제의약품,3004,필리핀,4593110,78270
2026-08,완제의약품,3004,호주,802444,11888
2026-08,완제의약품,3004,홍콩,1171302,9601
2026-08,의료기기,9018,네덜란드,4025623,23940
2026-08,의료기기,9018,대만,4893249,26359
2026-08,의료기기,9018,독일,7071625,21889
2026-08,의료기기,9018,러시아,5658677,69942
2026-08,의료기기,9018,말레이시아,1774178,26354
2026-08,의료기기,9018,멕시코,3360319,26080
2026-08,의료기기,9018,미국,57817661,718719
2026-08,의료기기,9018,베트남,6948867,63212
2026-08,의료기기,9018,사우디아라비아,1621155,33763
2026-08,의료기기,9018,싱가포르,2703516,15428
2026-08,의료기기,9018,아랍에미리트,3957674,33488
2026-08,의료기기,9018,영국,2258842,18160
2026-08,의료기기,9018,인도,12226769,183103
2026-08,의료기기,9018,인도네시아,3457351,32008
2026-08,의료기기,9018,일본,18457924,98842
2026-08,의료기기,9018,전체,240713166,2160175
2026-08,의료기기,9018,중국,13600759,90756
2026-08,의료기기,9018,카자흐스탄,905972,19946
2026-08,의료기기,9018,캐나다,1485548,7769
2026-08,의료기기,9018,태국,5560965,34913
2026-08,의료기기,9018,튀르키예,9875767,39690
2026-08,의료기기,9018,폴란드,4579746,33331
2026-08,의료기기,9018,필리핀,2244219,36825
2026-08,의료기기,9018,호주,3784407,28630
2026-08,의료기기,9018,홍콩,3185181,8389
2026-08,전선·케이블,8544,네덜란드,3679505,371823
2026-08,전선·케이블,8544,대만,5226538,378854
2026-08,전선·케이블,8544,독일,6804552,447288
2026-08,전선·케이블,8544,러시아,589282,26446
2026-08,전선·케이블,8544,말레이시아,31947699,2048269
2026-08,전선·케이블,8544,멕시코,12706639,709167
2026-08,전선·케이블,8544,미국,136627113,12189081
2026-08,전선·케이블,8544,베트남,41550178,2345424
2026-08,전선·케이블,8544,사우디아라비아,464577,26006
2026-08,전선·케이블,8544,싱가포르,3882098,255205
2026-08,전선·케이블,8544,아랍에미리트,840988,76904
2026-08,전선·케이블,8544,영국,1394394,64180
2026-08,전선·케이블,8544,인도,6141387,238066
2026-08,전선·케이블,8544,인도네시아,6061725,355344
2026-08,전선·케이블,8544,일본,12066786,1014056
2026-08,전선·케이블,8544,전체,373681955,28180066
2026-08,전선·케이블,8544,중국,36069262,2047888
2026-08,전선·케이블,8544,카자흐스탄,9449,992
2026-08,전선·케이블,8544,캐나다,13386824,1595468
2026-08,전선·케이블,8544,태국,3175581,738034
2026-08,전선·케이블,8544,튀르키예,3598092,260784
2026-08,전선·케이블,8544,폴란드,1392011,26207
2026-08,전선·케이블,8544,필리핀,15196488,1132868
2026-08,전선·케이블,8544,호주,4535915,308830
2026-08,전선·케이블,8544,홍콩,1642840,199610
2026-08,태양광 모듈,854143,독일,1129,1647
2026-08,태양광 모듈,854143,미국,7126540,1870809
2026-08,태양광 모듈,854143,베트남,65557,13
2026-08,태양광 모듈,854143,싱가포르,31900,70
2026-08,태양광 모듈,854143,일본,0,0
2026-08,태양광 모듈,854143,전체,17245893,4216966
2026-08,태양광 모듈,854143,중국,83584,124128
2026-08,태양광 모듈,854143,태국,5,0
2026-08,태양광 모듈,854143,필리핀,2550,1170
2026-08,화장품,3304,네덜란드,49768795,734716
2026-08,화장품,3304,대만,18437481,776526
2026-08,화장품,3304,독일,6655596,204091
2026-08,화장품,3304,러시아,33223610,974366
2026-08,화장품,3304,말레이시아,17973441,460263
2026-08,화장품,3304,멕시코,6875567,174389
2026-08,화장품,3304,미국,210975344,7471926
2026-08,화장품,3304,베트남,31259335,947870
2026-08,화장품,3304,사우디아라비아,4965430,152402
2026-08,화장품,3304,싱가포르,11847338,318413
2026-08,화장품,3304,아랍에미리트,23726458,416878
2026-08,화장품,3304,영국,50247780,1126953
2026-08,화장품,3304,인도,8871610,362408
2026-08,화장품,3304,인도네시아,16139434,387666
2026-08,화장품,3304,일본,85993684,2123771
2026-08,화장품,3304,전체,1081348586,29339195
2026-08,화장품,3304,중국,122623893,4318273
2026-08,화장품,3304,카자흐스탄,10766538,393016
2026-08,화장품,3304,캐나다,100810236,521889
2026-08,화장품,3304,태국,15618196,450809
2026-08,화장품,3304,튀르키예,13337294,265061
2026-08,화장품,3304,폴란드,13259566,391976
2026-08,화장품,3304,필리핀,8840390,410285
2026-08,화장품,3304,호주,24065143,711545
2026-08,화장품,3304,홍콩,34306793,995651
